# temperature    1.000000000000000
#    0.000000000000000    0.000000000000000    0.000000000000000    0.000000000000000    0.000000000000000
  17.035421195840680    0.000000000000000
  18.122470597054591    0.000000000000000
  19.254807305049955    0.000000000000000
  20.433355550577456    0.000000000000000
  21.659039564387733    0.000000000000000
  22.932783577231394    0.000000000000000
  24.255511819859098    0.000000000000000


# temperature    2.000000000000000
#    0.000317415870768   -0.025139831350879    0.743880210854096   -9.746071034406368   47.704022110551541
  17.035421195840680    0.000021400000000
  18.122470597054591    0.000042800000000
  19.254807305049955    0.000074800000000
  20.433355550577456    0.000099000000000
  21.659039564387733    0.000092300000000
  22.932783577231394    0.002813600000000
  24.255511819859098    0.071856600000000


# temperature    3.000000000000000
#    0.000696994502870   -0.055222142960913    1.634532963545155  -21.421501564900794  104.880692660269276
  17.035421195840680    0.000105800000000
  18.122470597054591    0.000168400000000
  19.254807305049955    0.000260100000000
  20.433355550577456    0.000328400000000
  21.659039564387733    0.000311000000000
  22.932783577231394    0.005447500000000
  24.255511819859098    0.155676100000000


# temperature    4.000000000000000
#    0.001214456900453   -0.096229444791542    2.848572075170686  -37.335238037629857  182.808739832572542
  17.035421195840680    0.000269300000000
  18.122470597054591    0.000404900000000
  19.254807305049955    0.000614800000000
  20.433355550577456    0.000767800000000
  21.659039564387733    0.000729600000000
  22.932783577231394    0.009313300000000
  24.255511819859098    0.270400700000000


# temperature    5.000000000000000
#    0.001856536368920   -0.147105467384152    4.354588112401883  -57.073834775680069  279.455480410536268
  17.035421195840680    0.000535500000000
  18.122470597054591    0.000792500000000
  19.254807305049955    0.001198400000000
  20.433355550577456    0.001488100000000
  21.659039564387733    0.001417800000000
  22.932783577231394    0.014622500000000
  24.255511819859098    0.413742700000000


# temperature    6.000000000000000
#    0.002605553794992   -0.206445083837044    6.110866571701255  -80.089055571317019  392.129538544176285
  17.035421195840680    0.000930200000000
  18.122470597054591    0.001369900000000
  19.254807305049955    0.002065800000000
  20.433355550577456    0.002555100000000
  21.659039564387733    0.002440700000000
  22.932783577231394    0.021519800000000
  24.255511819859098    0.582348600000000


# temperature    7.000000000000000
#    0.003439383096559   -0.272489714289420    8.065200179175537 -105.694776673679144  517.462746605097323
  17.035421195840680    0.001480500000000
  18.122470597054591    0.002175600000000
  19.254807305049955    0.003271200000000
  20.433355550577456    0.004033300000000
  21.659039564387733    0.003863200000000
  22.932783577231394    0.030169000000000
  24.255511819859098    0.772008700000000


# temperature    8.000000000000000
#    0.004334658468024   -0.343381773713421   10.162429661056152 -133.165925418084669  651.895059276474171
  17.035421195840680    0.002213800000000
  18.122470597054591    0.003247900000000
  19.254807305049955    0.004867700000000
  20.433355550577456    0.005985700000000
  21.659039564387733    0.005749700000000
  22.932783577231394    0.040759100000000
  24.255511819859098    0.978328900000000


# temperature    9.000000000000000
#    0.005269128396325   -0.417351525380359   12.349984022198237 -161.811205198726668  792.031147279559264
  17.035421195840680    0.003157700000000
  18.122470597054591    0.004625400000000
  19.254807305049955    0.006907600000000
  20.433355550577456    0.008474300000000
  21.659039564387733    0.008164900000000
  22.932783577231394    0.053505900000000
  24.255511819859098    1.197214600000000


# temperature   10.000000000000000
#    0.006222643693942   -0.492795497404164   14.580205455386004 -191.003612765405450  934.790035053478050
  17.035421195840680    0.004340000000000
  18.122470597054591    0.006346500000000
  19.254807305049955    0.009442700000000
  20.433355550577456    0.011560200000000
  21.659039564387733    0.011174400000000
  22.932783577231394    0.068654900000000
  24.255511819859098    1.425077800000000


# temperature   11.000000000000000
#    0.007177303876982   -0.568287975365798   16.810686626825792 -220.184823229732757 1077.426408323830628
  17.035421195840680    0.005788600000000
  18.122470597054591    0.008449800000000
  19.254807305049955    0.012524000000000
  20.433355550577456    0.015304500000000
  21.659039564387733    0.014845100000000
  22.932783577231394    0.086487900000000
  24.255511819859098    1.658883000000000


# temperature   12.000000000000000
#    0.008117238017789   -0.642563454580652   19.003746240589138 -248.858256198695017 1217.496391053916795
  17.035421195840680    0.007531900000000
  18.122470597054591    0.010974200000000
  19.254807305049955    0.016202700000000
  20.433355550577456    0.019768700000000
  21.659039564387733    0.019247000000000
  22.932783577231394    0.107332000000000
  24.255511819859098    1.896123500000000


# temperature   13.000000000000000
#    0.009028202751192   -0.714484468559986   21.125467944681450 -276.576372561556695 1352.794861390897267
  17.035421195840680    0.009598800000000
  18.122470597054591    0.013958900000000
  19.254807305049955    0.020530100000000
  20.433355550577456    0.025015600000000
  21.659039564387733    0.024453600000000
  22.932783577231394    0.131572900000000
  24.255511819859098    2.134771800000000


# temperature   14.000000000000000
#    0.009897176516826   -0.783009175430745   23.144733644105958 -302.927917197194517 1481.292589821697220
  17.035421195840680    0.012018600000000
  18.122470597054591    0.017443500000000
  19.254807305049955    0.025558200000000
  20.433355550577456    0.031110000000000
  21.659039564387733    0.030544200000000
  22.932783577231394    0.159666700000000
  24.255511819859098    2.373224700000000


# temperature   15.000000000000000
#    0.010711997296233   -0.847162457731202   25.032362651239101 -327.526571087232924 1601.080379135601788
  17.035421195840680    0.014821100000000
  18.122470597054591    0.021468300000000
  19.254807305049955    0.031340400000000
  20.433355550577456    0.038119900000000
  21.659039564387733    0.037605900000000
  22.932783577231394    0.192149100000000
  24.255511819859098    2.610249900000000


# temperature   16.000000000000000
#    0.011461125642447   -0.906017184788819   26.760558220434067 -350.003713115118103 1710.333699953969244
  17.035421195840680    0.018036700000000
  18.122470597054591    0.026074600000000
  19.254807305049955    0.037931800000000
  20.433355550577456    0.046117600000000
  21.659039564387733    0.045736000000000
  22.932783577231394    0.229635600000000
  24.255511819859098    2.844934600000000


# temperature   17.000000000000000
#    0.012133552620802   -0.958687203133402   28.302708051001154 -370.005904227563065 1807.300827219654138
  17.035421195840680    0.021696800000000
  18.122470597054591    0.031304900000000
  19.254807305049955    0.045390500000000
  20.433355550577456    0.055181200000000
  21.659039564387733    0.055045000000000
  22.932783577231394    0.272812900000000
  24.255511819859098    3.076638800000000


# temperature   18.000000000000000
#    0.012718830033807   -1.004330204993894   29.633482343885909 -387.196333426790318 1890.310652481641000
  17.035421195840680    0.025833400000000
  18.122470597054591    0.037203300000000
  19.254807305049955    0.053778000000000
  20.433355550577456    0.065396000000000
  21.659039564387733    0.065659500000000
  22.932783577231394    0.322421400000000
  24.255511819859098    3.304952100000000


# temperature   19.000000000000000
#    0.013207223457615   -1.042160539289318   30.729232058231940 -401.260270865825078 1957.800450745382477
  17.035421195840680    0.030479600000000
  18.122470597054591    0.043816200000000
  19.254807305049955    0.063160500000000
  20.433355550577456    0.076856800000000
  21.659039564387733    0.077725400000000
  22.932783577231394    0.379230700000000
  24.255511819859098    3.529654800000000


# temperature   20.000000000000000
#    0.013589903929639   -1.071465112133657   31.568479333773400 -411.911737375465407 2008.349641426001654
  17.035421195840680    0.035670100000000
  18.122470597054591    0.051192500000000
  19.254807305049955    0.073610400000000
  20.433355550577456    0.089669100000000
  21.659039564387733    0.091410200000000
  22.932783577231394    0.444012600000000
  24.255511819859098    3.750682200000000


# temperature   21.000000000000000
#    0.013859167677483   -1.091621478739177   32.132471725879775 -418.900994668896772 2040.717482631432631
  17.035421195840680    0.041440800000000
  18.122470597054591    0.059384800000000
  19.254807305049955    0.085206800000000
  20.433355550577456    0.103950800000000
  21.659039564387733    0.106904600000000
  22.932783577231394    0.517512500000000
  24.255511819859098    3.968093500000000


# temperature   22.000000000000000
#    0.014008641580052   -1.102114779193076   32.405701686294712 -422.021576093446981 2053.878511457166496
  17.035421195840680    0.047829900000000
  18.122470597054591    0.068449500000000
  19.254807305049955    0.098037500000000
  20.433355550577456    0.119833300000000
  21.659039564387733    0.124423400000000
  22.932783577231394    0.600424000000000
  24.255511819859098    4.182043400000000


# temperature   23.000000000000000
#    0.014033430765170   -1.102549881352806   32.376278158989287 -421.115302377946989 2047.047751714334026
  17.035421195840680    0.054877500000000
  18.122470597054591    0.078447900000000
  19.254807305049955    0.112199200000000
  20.433355550577456    0.137462400000000
  21.659039564387733    0.144205400000000
  22.932783577231394    0.693367600000000
  24.255511819859098    4.392758100000000


# temperature   24.000000000000000
#    0.013930216351802   -1.092659439582303   32.036173641563735 -416.075622138042945 2019.697532629535317
  17.035421195840680    0.062626800000000
  18.122470597054591    0.089447100000000
  19.254807305049955    0.127798400000000
  20.433355550577456    0.156998000000000
  21.659039564387733    0.166511500000000
  22.932783577231394    0.796873700000000
  24.255511819859098    4.600513900000000


# temperature   25.000000000000000
#    0.013697302010992   -1.072307769849791   31.381343809913098 -406.849237050388410 1971.565694437610091
  17.035421195840680    0.071123500000000
  18.122470597054591    0.101519600000000
  19.254807305049955    0.144951800000000
  20.433355550577456    0.178614100000000
  21.659039564387733    0.191622600000000
  22.932783577231394    0.911371800000000
  24.255511819859098    4.805619900000000


# temperature   26.000000000000000
#    0.013334572090545   -1.041487479464110   30.411625991213914 -393.434746463781210 1902.648828444376250
  17.035421195840680    0.080416900000000
  18.122470597054591    0.114745000000000
  19.254807305049955    0.163786400000000
  20.433355550577456    0.202497600000000
  21.659039564387733    0.219836400000000
  22.932783577231394    1.037184700000000
  24.255511819859098    5.008402400000000


# temperature   27.000000000000000
#    0.012843440946354   -1.000315402926052   29.130617431162563 -375.881034252348570 1813.194298668601505
  17.035421195840680    0.090559900000000
  18.122470597054591    0.129208900000000
  19.254807305049955    0.184438600000000
  20.433355550577456    0.228846800000000
  21.659039564387733    0.251463200000000
  22.932783577231394    1.174526600000000
  24.255511819859098    5.209193300000000


# temperature   28.000000000000000
#    0.012226717184137   -0.949021547540354   27.545339465287945 -354.282758165971643 1703.677643340368832
  17.035421195840680    0.101609300000000
  18.122470597054591    0.145003900000000
  19.254807305049955    0.207053800000000
  20.433355550577456    0.257869400000000
  21.659039564387733    0.286821600000000
  22.932783577231394    1.323506000000000
  24.255511819859098    5.408319800000000


# temperature   29.000000000000000
#    0.011488466484832   -0.887937940856840   25.665899381416718 -328.775818732323103 1574.779931310376924
  17.035421195840680    0.113625500000000
  18.122470597054591    0.162228900000000
  19.254807305049955    0.231785100000000
  20.433355550577456    0.289780300000000
  21.659039564387733    0.326233800000000
  22.932783577231394    1.484131000000000
  24.255511819859098    5.606097200000000


# temperature   30.000000000000000
#    0.010633858736626   -0.817486211795155   23.505114280016318 -299.532325482295448 1427.362645841909625
  17.035421195840680    0.126673200000000
  18.122470597054591    0.180988800000000
  19.254807305049955    0.258791900000000
  20.433355550577456    0.324799300000000
  21.659039564387733    0.370021000000000
  22.932783577231394    1.656316200000000
  24.255511819859098    5.802822600000000


# temperature   31.000000000000000
#    0.009668983604558   -0.738162554530151   21.078054060582513 -266.754459057745464 1262.436946852519213
  17.035421195840680    0.140820600000000
  18.122470597054591    0.201393600000000
  19.254807305049955    0.288238400000000
  20.433355550577456    0.363148200000000
  21.659039564387733    0.418498300000000
  22.932783577231394    1.839892300000000
  24.255511819859098    5.998771200000000


# temperature   32.000000000000000
#    0.008600683098268   -0.650524119530059   18.401629121371229 -230.668952770862205 1081.136134896088151
  17.035421195840680    0.156139700000000
  18.122470597054591    0.223557900000000
  19.254807305049955    0.320291800000000
  20.433355550577456    0.405048400000000
  21.659039564387733    0.471971000000000
  22.932783577231394    2.034615600000000
  24.255511819859098    6.194193300000000


# temperature   33.000000000000000
#    0.007436385292915   -0.555175457747859   15.494178435405807 -191.521562521525937  884.687972306436109
  17.035421195840680    0.172705700000000
  18.122470597054591    0.247599900000000
  19.254807305049955    0.355120600000000
  20.433355550577456    0.450718400000000
  21.659039564387733    0.530730000000000
  22.932783577231394    2.240177700000000
  24.255511819859098    6.389312800000000


# temperature   34.000000000000000
#    0.006183943517593   -0.452755449542778   12.375073606026362 -149.571768712422170  674.388255718514074
  17.035421195840680    0.190597000000000
  18.122470597054591    0.273640200000000
  19.254807305049955    0.392892900000000
  20.433355550577456    0.500371300000000
  21.659039564387733    0.595048500000000
  22.932783577231394    2.456215900000000
  24.255511819859098    6.584326400000000


# temperature   35.000000000000000
#    0.004851486325549   -0.343925054208713    9.064346011526640 -105.087762315201971  451.575676248435059
  17.035421195840680    0.209893800000000
  18.122470597054591    0.301801100000000
  19.254807305049955    0.433774700000000
  20.433355550577456    0.554212500000000
  21.659039564387733    0.665178900000000
  22.932783577231394    2.682322300000000
  24.255511819859098    6.779404000000000


# temperature   36.000000000000000
#    0.003447293542494   -0.229357268478721    5.582383753140745  -58.342406031215098  217.611759908682075
  17.035421195840680    0.230678800000000
  18.122470597054591    0.332205100000000
  19.254807305049955    0.477928400000000
  20.433355550577456    0.612438000000000
  21.659039564387733    0.741350300000000
  22.932783577231394    2.918053300000000
  24.255511819859098    6.974689100000000


# temperature   37.000000000000000
#    0.001979670313376   -0.109726847472512    1.949619012321776   -9.609033345612545  -26.140178117865613
  17.035421195840680    0.253035700000000
  18.122470597054591    0.364973900000000
  19.254807305049955    0.525510900000000
  20.433355550577456    0.675231900000000
  21.659039564387733    0.823766200000000
  22.932783577231394    3.162937400000000
  24.255511819859098    7.170299900000000


# temperature   38.000000000000000
#    0.000456852490565    0.014297398687961   -1.813705696355482   40.841684895267008 -278.330694483047580
  17.035421195840680    0.277048700000000
  18.122470597054591    0.400227700000000
  19.254807305049955    0.576673000000000
  20.433355550577456    0.742765800000000
  21.659039564387733    0.912603400000000
  22.932783577231394    3.416483000000000
  24.255511819859098    7.366331300000000


# temperature   39.000000000000000
#   -0.001113086218591    0.142060127684655   -5.687764556880724   92.744765860545129 -537.639241993742303
  17.035421195840680    0.302802300000000
  18.122470597054591    0.438083800000000
  19.254807305049955    0.631557500000000
  20.433355550577456    0.815196700000000
  21.659039564387733    1.008010700000000
  22.932783577231394    3.678185200000000
  24.255511819859098    7.562855900000000


# temperature   40.000000000000000
#   -0.002722303848583    0.272925149527255   -9.653321493119011  145.843242061179211 -802.785841887175366
  17.035421195840680    0.330380300000000
  18.122470597054591    0.478656100000000
  19.254807305049955    0.690298800000000
  20.433355550577456    0.892666200000000
  21.659039564387733    1.110108700000000
  22.932783577231394    3.947531500000000
  24.255511819859098    7.759926500000000


# temperature   41.000000000000000
#   -0.004363244851196    0.406279838325699  -13.691862741076008  199.889920223464770 -1072.539780390912028
  17.035421195840680    0.359865500000000
  18.122470597054591    0.522053800000000
  19.254807305049955    0.753021600000000
  20.433355550577456    0.975300000000000
  21.659039564387733    1.218989200000000
  22.932783577231394    4.224007200000000
  24.255511819859098    7.957577600000000


# temperature   42.000000000000000
#   -0.006028697588850    0.541539831616367  -17.785740020210405  254.649308706408760 -1345.729285340111346
  17.035421195840680    0.391338800000000
  18.122470597054591    0.568381400000000
  19.254807305049955    0.819840700000000
  20.433355550577456    1.063206800000000
  21.659039564387733    1.334716000000000
  22.932783577231394    4.507099600000000
  24.255511819859098    8.155827499999999


# temperature   43.000000000000000
#   -0.007711817428234    0.678150856130045  -21.918224190631751  309.898312686062866 -1621.244878980697194
  17.035421195840680    0.424878900000000
  18.122470597054591    0.617737500000000
  19.254807305049955    0.890859900000000
  20.433355550577456    1.156478600000000
  21.659039564387733    1.457325400000000
  22.932783577231394    4.796301900000000
  24.255511819859098    8.354680000000000


# temperature   44.000000000000000
#   -0.009406163727497    0.815591752919433  -26.073597428755562  365.427474643976211 -1898.045601350517018
  17.035421195840680    0.460561900000000
  18.122470597054591    0.670214600000000
  19.254807305049955    0.966172000000000
  20.433355550577456    1.255189900000000
  21.659039564387733    1.586826700000000
  22.932783577231394    5.091116500000000
  24.255511819859098    8.554126800000001


# temperature   45.000000000000000
#   -0.011105715298465    0.953375701861644  -30.237189374936168  421.041446309875425 -2175.161311932059107
  17.035421195840680    0.498460600000000
  18.122470597054591    0.725898700000000
  19.254807305049955    1.045858700000000
  20.433355550577456    1.359398200000000
  21.659039564387733    1.723203900000000
  22.932783577231394    5.391057500000000
  24.255511819859098    8.754148300000001


# temperature   46.000000000000000
#   -0.012804872123484    1.091050329472309  -34.395379303077689  476.559001588886133 -2451.692668644725927
  17.035421195840680    0.538644500000000
  18.122470597054591    0.784868600000000
  19.254807305049955    1.129989700000000
  20.433355550577456    1.469143900000000
  21.659039564387733    1.866416500000000
  22.932783577231394    5.695652600000000
  24.255511819859098    8.954715999999999


# temperature   47.000000000000000
#   -0.014498473235991    1.228199177566606  -38.535641172847242  531.813648569487441 -2726.814234691596994
  17.035421195840680    0.581179200000000
  18.122470597054591    0.847196500000000
  19.254807305049955    1.218623700000000
  20.433355550577456    1.584450800000000
  21.659039564387733    2.016401400000000
  22.932783577231394    6.004445100000000
  24.255511819859098    9.155793800000000


# temperature   48.000000000000000
#   -0.016181780977904    1.364440355255440  -42.646500628736419  586.653024315819607 -2999.771309475205271
  17.035421195840680    0.626126200000000
  18.122470597054591    0.912946800000000
  19.254807305049955    1.311807600000000
  20.433355550577456    1.705326600000000
  21.659039564387733    2.173074200000000
  22.932783577231394    6.316994900000000
  24.255511819859098    9.357338900000000


# temperature   49.000000000000000
#   -0.017850485663429    1.499426929184942  -46.717547172190692  640.939062813035662 -3269.880793575449388
  17.035421195840680    0.673542900000000
  18.122470597054591    0.982177000000000
  19.254807305049955    1.409577000000000
  20.433355550577456    1.831763400000000
  21.659039564387733    2.336331000000000
  22.932783577231394    6.632879700000000
  24.255511819859098    9.559303800000000


# temperature   50.000000000000000
#   -0.019500689677493    1.632845593323916  -50.739392731221443  694.547425864229467 -3536.528280618860208
  17.035421195840680    0.723482100000000
  18.122470597054591    1.054936900000000
  19.254807305049955    1.511956600000000
  20.433355550577456    1.963738300000000
  21.659039564387733    2.506050000000000
  22.932783577231394    6.951695500000000
  24.255511819859098    9.761636899999999


# temperature   51.000000000000000
#   -0.021128894752332    1.764415611575163  -54.703638905536792  747.367054994443379 -3799.165773138157419
  17.035421195840680    0.775992200000000
  18.122470597054591    1.131269100000000
  19.254807305049955    1.618960100000000
  20.433355550577456    2.101214200000000
  21.659039564387733    2.682093100000000
  22.932783577231394    7.273056700000000
  24.255511819859098    9.964283399999999


# temperature   52.000000000000000
#   -0.022731988530690    1.893887692650821  -58.602841867889708  799.299688296293766 -4057.309206875942436
  17.035421195840680    0.831117200000000
  18.122470597054591    1.211208900000000
  19.254807305049955    1.730590600000000
  20.433355550577456    2.244140600000000
  21.659039564387733    2.864307900000000
  22.932783577231394    7.596596900000000
  24.255511819859098   10.167186600000001


# temperature   53.000000000000000
#   -0.024307230297278    2.021042834713310  -62.430477573342458  850.259398813289408 -4310.536173692089505
  17.035421195840680    0.888896200000000
  18.122470597054591    1.294784600000000
  19.254807305049955    1.846841400000000
  20.433355550577456    2.392454300000000
  21.659039564387733    3.052529100000000
  22.932783577231394    7.921968400000000
  24.255511819859098   10.370288300000000


# temperature   54.000000000000000
#   -0.025852225615360    2.145690203077253  -66.180875561318132  900.171682535421041 -4558.481239517449467
  17.035421195840680    0.949363900000000
  18.122470597054591    1.382017300000000
  19.254807305049955    1.967695800000000
  20.433355550577456    2.546080500000000
  21.659039564387733    3.246580200000000
  22.932783577231394    8.248842300000000
  24.255511819859098   10.573529400000000


# temperature   55.000000000000000
#   -0.027364905855562    2.267665466014202  -69.849168567273736  948.972785028917883 -4800.832592849376852
  17.035421195840680    1.012550500000000
  18.122470597054591    1.472921300000000
  19.254807305049955    2.093128000000000
  20.433355550577456    2.704933400000000
  21.659039564387733    3.446275200000000
  22.932783577231394    8.576907800000001
  24.255511819859098   10.776850800000000


# temperature   56.000000000000000
#   -0.028843525019815    2.386830524048399  -73.431283993901644  996.609583761079307 -5037.331444499456666
  17.035421195840680    1.078481500000000
  18.122470597054591    1.567504600000000
  19.254807305049955    2.223103200000000
  20.433355550577456    2.868917200000000
  21.659039564387733    3.651419800000000
  22.932783577231394    8.905872600000000
  24.255511819859098   10.980193500000000


# temperature   57.000000000000000
#   -0.030286614466777    2.503069787641087  -76.923829814273489 1043.038042856240054 -5267.764225414388420
  17.035421195840680    1.147178200000000
  18.122470597054591    1.665768400000000
  19.254807305049955    2.357578500000000
  20.433355550577456    3.037927000000000
  21.659039564387733    3.861813000000000
  22.932783577231394    9.235461600000001
  24.255511819859098   11.183499400000001


# temperature   58.000000000000000
#   -0.031692980905289    2.616290003232205  -80.324089043062401 1088.223136665001448 -5491.962198055287445
  17.035421195840680    1.218657600000000
  18.122470597054591    1.767708000000000
  19.254807305049955    2.496503000000000
  20.433355550577456    3.211849700000000
  21.659039564387733    4.077248600000000
  22.932783577231394    9.565416900000001
  24.255511819859098   11.386711000000000


# temperature   59.000000000000000
#   -0.033061677415830    2.726417893753774  -83.629948129611606 1132.137889755760625 -5709.796658614284752
  17.035421195840680    1.292932500000000
  18.122470597054591    1.873312800000000
  19.254807305049955    2.639818500000000
  20.433355550577456    3.390564700000000
  21.659039564387733    4.297516000000000
  22.932783577231394    9.895496700000001
  24.255511819859098   11.589772200000001


# temperature   60.000000000000000
#   -0.034391990334250    2.833399059296718  -86.839862661656312 1174.762905011523571 -5921.176520446490031
  17.035421195840680    1.370011700000000
  18.122470597054591    1.982566400000000
  19.254807305049955    2.787459900000000
  20.433355550577456    3.573944800000000
  21.659039564387733    4.522401700000000
  22.932783577231394   10.225475500000000
  24.255511819859098   11.792628400000000


# temperature   61.000000000000000
#   -0.035683414442749    2.937195967527563  -89.952796761660437 1216.085557121993361 -6126.044316824531961
  17.035421195840680    1.449899900000000
  18.122470597054591    2.095447300000000
  19.254807305049955    2.939355900000000
  20.433355550577456    3.761857100000000
  21.659039564387733    4.751690400000000
  22.932783577231394   10.555142500000001
  24.255511819859098   11.995226499999999


# temperature   62.000000000000000
#   -0.036935639166524    3.037786791527775  -92.968186619134272 1256.099487201310239 -6324.373591123689948
  17.035421195840680    1.532598300000000
  18.122470597054591    2.211928600000000
  19.254807305049955    3.095429200000000
  20.433355550577456    3.954163600000000
  21.659039564387733    4.985165700000000
  22.932783577231394   10.884301799999999
  24.255511819859098   12.197514900000000


# temperature   63.000000000000000
#   -0.038148525489297    3.135163549550503  -95.885884680050324 1294.803863920878257 -6516.165254032006487
  17.035421195840680    1.618104400000000
  18.122470597054591    2.331978800000000
  19.254807305049955    3.255597100000000
  20.433355550577456    4.150722000000000
  21.659039564387733    5.222611200000000
  22.932783577231394   11.212770900000001
  24.255511819859098   12.399444000000001


# temperature   64.000000000000000
#   -0.039322090138188    3.229330788224666  -98.706118819170911 1332.202824896770608 -6701.444737584119139
  17.035421195840680    1.706412200000000
  18.122470597054591    2.455561500000000
  19.254807305049955    3.419772100000000
  20.433355550577456    4.351386500000000
  21.659039564387733    5.463811400000000
  22.932783577231394   11.540380700000000
  24.255511819859098   12.600966000000000


# temperature   65.000000000000000
#   -0.040456495989695    3.320304818370355 -101.429469697174895 1368.305180781142326 -6880.260554976703133
  17.035421195840680    1.797512500000000
  18.122470597054591    2.582636300000000
  19.254807305049955    3.587862300000000
  20.433355550577456    4.556008400000000
  21.659039564387733    5.708552000000000
  22.932783577231394   11.866974600000001
  24.255511819859098   12.802034900000001


# temperature   66.000000000000000
#   -0.041552031945650    3.408112050726310 -104.056819480775914 1403.123717622664799 -7052.680764649728189
  17.035421195840680    1.891392900000000
  18.122470597054591    2.713158700000000
  19.254807305049955    3.759771600000000
  20.433355550577456    4.764436500000000
  21.659039564387733    5.956621200000000
  22.932783577231394   12.192407700000000
  24.255511819859098   13.002606399999999


# temperature   67.000000000000000
#   -0.042609094885630    3.492787546808251 -106.589308513368664 1436.674625047371364 -7218.790159182879506
  17.035421195840680    1.988037900000000
  18.122470597054591    2.847080300000000
  19.254807305049955    3.935400600000000
  20.433355550577456    4.976518100000000
  21.659039564387733    6.207809500000000
  22.932783577231394   12.516546200000001
  24.255511819859098   13.202638400000000


# temperature   68.000000000000000
#   -0.043628181125350    3.574374281521806 -109.028311661075136 1468.977162019187972 -7378.688509092528875
  17.035421195840680    2.087429500000000
  18.122470597054591    2.984349100000000
  19.254807305049955    4.114646600000000
  20.433355550577456    5.192099400000000
  21.659039564387733    6.461911100000000
  22.932783577231394   12.839267200000000
  24.255511819859098   13.402090299999999


# temperature   69.000000000000000
#   -0.044609878268332    3.652922533283462 -111.375421503923207 1500.053455109489960 -7532.489675891340994
  17.035421195840680    2.189546700000000
  18.122470597054591    3.124910100000000
  19.254807305049955    4.297404300000000
  20.433355550577456    5.411025700000000
  21.659039564387733    6.718723500000000
  22.932783577231394   13.160457400000000
  24.255511819859098   13.600923300000000


# temperature   70.000000000000000
#   -0.045554841280682    3.728487901299923 -113.632387087466654 1529.927662715761016 -7680.317361241450271
  17.035421195840680    2.294365900000000
  18.122470597054591    3.268705000000000
  19.254807305049955    4.483566100000000
  20.433355550577456    5.633142300000000
  21.659039564387733    6.978048400000000
  22.932783577231394   13.480012800000001
  24.255511819859098   13.799100599999999


# temperature   71.000000000000000
#   -0.046463795318677    3.801131530952923 -115.801120627574946 1558.626063167845814 -7822.305537584439662
  17.035421195840680    2.401861500000000
  18.122470597054591    3.415672900000000
  19.254807305049955    4.673022200000000
  20.433355550577456    5.858294800000000
  21.659039564387733    7.239691900000000
  22.932783577231394   13.797838600000000
  24.255511819859098   13.996586799999999


# temperature   72.000000000000000
#   -0.047337513331889    3.870918312962961 -117.883643590647978 1586.176342213299904 -7958.594941894247313
  17.035421195840680    2.512005300000000
  18.122470597054591    3.565750000000000
  19.254807305049955    4.865661300000000
  20.433355550577456    6.086329300000000
  21.659039564387733    7.503464600000000
  22.932783577231394   14.113847800000000
  24.255511819859098   14.193348300000000


# temperature   73.000000000000000
#   -0.048176820009466    3.937917209460520 -119.882096773995670 1612.607731078114512 -8089.333781330977217
  17.035421195840680    2.624767000000000
  18.122470597054591    3.718870600000000
  19.254807305049955    5.061371000000000
  20.433355550577456    6.317093000000000
  21.659039564387733    7.769182100000000
  22.932783577231394   14.427961300000000
  24.255511819859098   14.389353000000000


# temperature   74.000000000000000
#   -0.048982571072559    4.002199543152491 -121.798687586154131 1637.950288401898661 -8214.674086135093603
  17.035421195840680    2.740114300000000
  18.122470597054591    3.874966500000000
  19.254807305049955    5.260037600000000
  20.433355550577456    6.550434500000000
  21.659039564387733    8.036665200000000
  22.932783577231394   14.740107300000000
  24.255511819859098   14.584570500000000


# temperature   75.000000000000000
#   -0.049755652409955    4.063838957458842 -123.635689824406157 1662.234911069477675 -8334.771834059058165
  17.035421195840680    2.858013300000000
  18.122470597054591    4.033967800000000
  19.254807305049955    5.461547100000000
  20.433355550577456    6.786204100000000
  21.659039564387733    8.305739600000001
  22.932783577231394   15.050220599999999
  24.255511819859098   14.778971600000000


# temperature   76.000000000000000
#   -0.050496974802330    4.122910978702263 -125.395430128301641 1685.493149114750167 -8449.786008659382787
  17.035421195840680    2.978428100000000
  18.122470597054591    4.195802700000000
  19.254807305049955    5.665784800000000
  20.433355550577456    7.024253800000000
  21.659039564387733    8.576236400000001
  22.932783577231394   15.358242499999999
  24.255511819859098   14.972528700000000


# temperature   77.000000000000000
#   -0.051207463974518    4.179492222396453 -127.080264451739936 1707.756898549692778 -8559.877108071203111
  17.035421195840680    3.101321000000000
  18.122470597054591    4.360398200000000
  19.254807305049955    5.872636100000000
  20.433355550577456    7.264438100000000
  21.659039564387733    8.847992300000000
  22.932783577231394   15.664120000000000
  24.255511819859098   15.165215399999999


# temperature   78.000000000000000
#   -0.051888054436523    4.233659870417502 -128.692561435865599 1729.058166708007548 -8665.205906025501463
  17.035421195840680    3.226653300000000
  18.122470597054591    4.527679600000000
  19.254807305049955    6.081986200000000
  20.433355550577456    7.506613500000000
  21.659039564387733    9.120849200000000
  22.932783577231394   15.967805800000001
  24.255511819859098   15.357006900000000


# temperature   79.000000000000000
#   -0.052539685184074    4.285491365733399 -130.234694680165177 1749.428991519859892 -8765.933173486049782
  17.035421195840680    3.354384300000000
  18.122470597054591    4.697571300000000
  19.254807305049955    6.293721100000000
  20.433355550577456    7.750639500000000
  21.659039564387733    9.394654500000000
  22.932783577231394   16.269257400000001
  24.255511819859098   15.547879399999999


# temperature   80.000000000000000
#   -0.053163299852597    4.335064388330045 -131.709040762822724 1768.901396299791259 -8862.219349761095145
  17.035421195840680    3.484472500000000
  18.122470597054591    4.869996600000000
  19.254807305049955    6.507726900000000
  20.433355550577456    7.996377900000000
  21.659039564387733    9.669261000000001
  22.932783577231394   16.568437299999999
  24.255511819859098   15.737810200000000


# temperature   81.000000000000000
#   -0.053759835742273    4.382455993565464 -133.117954165193822 1787.507069376576737 -8954.223027131498384
  17.035421195840680    3.616874900000000
  18.122470597054591    5.044878000000000
  19.254807305049955    6.723890700000000
  20.433355550577456    8.243693700000000
  21.659039564387733    9.944527100000000
  22.932783577231394   16.865312400000001
  24.255511819859098   15.926777899999999


# temperature   82.000000000000000
#   -0.054330225818217    4.427742785116318 -134.463772795123589 1805.277441244503734 -9042.101348319645695
  17.035421195840680    3.751547500000000
  18.122470597054591    5.222137500000000
  19.254807305049955    6.942100600000000
  20.433355550577456    8.492454800000001
  21.659039564387733   10.220316300000000
  22.932783577231394   17.159853699999999
  24.255511819859098   16.114762400000000


# temperature   83.000000000000000
#   -0.054875394695706    4.471000569652273 -135.748806968905853 1822.243529957287365 -9126.009201176208080
  17.035421195840680    3.888445200000000
  18.122470597054591    5.401696500000000
  19.254807305049955    7.162245600000000
  20.433355550577456    8.742532100000000
  21.659039564387733   10.496497700000001
  22.932783577231394   17.452036000000000
  24.255511819859098   16.301744200000002


# temperature   84.000000000000000
#   -0.055396247031115    4.512303426603791 -136.975311608809392 1838.435573694748882 -9206.097406320164737
  17.035421195840680    4.027522100000000
  18.122470597054591    5.583475800000000
  19.254807305049955    7.384216000000000
  20.433355550577456    8.993799800000000
  21.659039564387733   10.772945500000001
  22.932783577231394   17.741837499999999
  24.255511819859098   16.487705099999999


# temperature   85.000000000000000
#   -0.055893682081397    4.551724919318853 -138.145523836855006 1853.883546653569510 -9282.515357097518063
  17.035421195840680    4.168731500000000
  18.122470597054591    5.767396500000000
  19.254807305049955    7.607903600000000
  20.433355550577456    9.246135499999999
  21.659039564387733   11.049538900000000
  22.932783577231394   18.029240000000001
  24.255511819859098   16.672627899999998


# temperature   86.000000000000000
#   -0.056368576422239    4.589336661815871 -139.261618645449346 1868.616553098758459 -9355.407931536756223
  17.035421195840680    4.312025800000000
  18.122470597054591    5.953379100000000
  19.254807305049955    7.833201600000000
  20.433355550577456    9.499419700000001
  21.659039564387733   11.326162500000001
  22.932783577231394   18.314228000000000
  24.255511819859098   16.856496199999999


# temperature   87.000000000000000
#   -0.056821794347409    4.625209199296030 -140.325736683434968 1882.663214501973243 -9424.917500660765654
  17.035421195840680    4.457356800000000
  18.122470597054591    6.141344600000000
  19.254807305049955    8.060004800000000
  20.433355550577456    9.753536499999999
  21.659039564387733   11.602705600000000
  22.932783577231394   18.596789000000001
  24.255511819859098   17.039294500000000


# temperature   88.000000000000000
#   -0.057254172336490    4.659410720891004 -141.339944475023714 1896.051126319382774 -9491.181163449882661
  17.035421195840680    4.604675700000000
  18.122470597054591    6.331213600000000
  19.254807305049955    8.288209900000000
  20.433355550577456   10.008373499999999
  21.659039564387733   11.879062500000000
  22.932783577231394   18.876913200000001
  24.255511819859098   17.221008300000001


# temperature   89.000000000000000
#   -0.057666531834600    4.692008127366996 -142.306267658530516 1908.807314725100696 -9554.333083194405845
  17.035421195840680    4.753933400000000
  18.122470597054591    6.522907500000000
  19.254807305049955    8.517715100000000
  20.433355550577456   10.263821399999999
  21.659039564387733   12.155132200000001
  22.932783577231394   19.154592900000001
  24.255511819859098   17.401623699999998


# temperature   90.000000000000000
#   -0.058059672113901    4.723066455377882 -143.226673708722700 1920.958008132728082 -9614.503364812037034
  17.035421195840680    4.905080000000000
  18.122470597054591    6.716347700000000
  19.254807305049955    8.748420800000000
  20.433355550577456   10.519774500000000
  21.659039564387733   12.430818100000000
  22.932783577231394   19.429822999999999
  24.255511819859098   17.581127899999998


# temperature   91.000000000000000
#   -0.058434368587181    4.752648729837598 -144.103067115177936 1932.528567415518637 -9671.817676757167646
  17.035421195840680    5.058065500000000
  18.122470597054591    6.911456300000000
  19.254807305049955    8.980229300000000
  20.433355550577456   10.776130300000000
  21.659039564387733   12.706028500000000
  22.932783577231394   19.702600100000002
  24.255511819859098   17.759508600000000


# temperature   92.000000000000000
#   -0.058791375698039    4.780816214684894 -144.937297472440747 1943.543601008733049 -9726.397860817700348
  17.035421195840680    5.212839400000000
  18.122470597054591    7.108155800000000
  19.254807305049955    9.213044800000000
  20.433355550577456   11.032789800000000
  21.659039564387733   12.980675800000000
  22.932783577231394   19.972923000000002
  24.255511819859098   17.936754400000002


# temperature   93.000000000000000
#   -0.059131421540516    4.807627974054438 -145.731146123380171 1954.026784976801991 -9778.361026208791372
  17.035421195840680    5.369351200000000
  18.122470597054591    7.306369300000000
  19.254807305049955    9.446773700000000
  20.433355550577456   11.289657300000000
  21.659039564387733   13.254676600000000
  22.932783577231394   20.240792100000000
  24.255511819859098   18.112854599999999


# temperature   94.000000000000000
#   -0.059455212712678    4.833141278855518 -146.486338872546924 1964.001038879818452 -9827.820457674342833
  17.035421195840680    5.527550000000000
  18.122470597054591    7.506020700000000
  19.254807305049955    9.681324399999999
  20.433355550577456   11.546640399999999
  21.659039564387733   13.527951699999999
  22.932783577231394   20.506209399999999
  24.255511819859098   18.287799199999998


# temperature   95.000000000000000
#   -0.059763430466502    4.857411289105563 -147.204536194111313 1973.488392065719609 -9874.884932748334904
  17.035421195840680    5.687385000000000
  18.122470597054591    7.707034700000000
  19.254807305049955    9.916607600000001
  20.433355550577456   11.803649999999999
  21.659039564387733   13.800426000000000
  22.932783577231394   20.769178400000001
  24.255511819859098   18.461578899999999


# temperature   96.000000000000000
#   -0.060056736502301    4.880491539225146 -147.887348387169254 1982.510192811763545 -9919.659797996797352
  17.035421195840680    5.848805100000000
  18.122470597054591    7.909336800000000
  19.254807305049955   10.152536000000000
  20.433355550577456   12.060600200000000
  21.659039564387733   14.072028000000000
  22.932783577231394   21.029704100000000
  24.255511819859098   18.634184999999999


# temperature   97.000000000000000
#   -0.060335764786420    4.902433268762096 -148.536315162163760 1991.086833096197552 -9962.245584483756829
  17.035421195840680    6.011759300000000
  18.122470597054591    8.112853400000001
  19.254807305049955   10.389024800000000
  20.433355550577456   12.317408300000000
  21.659039564387733   14.342690200000000
  22.932783577231394   21.287792600000000
  24.255511819859098   18.805609499999999


# temperature   98.000000000000000
#   -0.060601131060710    4.923286204626638 -149.152929602042008 1999.238072481938843 -10002.739637896953354
  17.035421195840680    6.176196700000000
  18.122470597054591    8.317512000000001
  19.254807305049955   10.625991000000001
  20.433355550577456   12.573994700000000
  21.659039564387733   14.612348300000001
  22.932783577231394   21.543451300000001
  24.255511819859098   18.975845000000000


# temperature   99.000000000000000
#   -0.060853418305312    4.943097371594524 -149.738601919757656 2006.982550817698439 -10041.233678821052308
  17.035421195840680    6.342066400000000
  18.122470597054591    8.523240899999999
  19.254807305049955   10.863354299999999
  20.433355550577456   12.830283100000001
  21.659039564387733   14.880941999999999
  22.932783577231394   21.796688400000001
  24.255511819859098   19.144884699999999


# temperature  100.000000000000000
#   -0.061093200124701    4.961913013117160 -150.294718214795694 2014.338581456394877 -10077.817790265498843
  17.035421195840680    6.509317800000000
  18.122470597054591    8.729969700000000
  19.254807305049955   11.101036199999999
  20.433355550577456   13.086199900000000
  21.659039564387733   15.148413800000000
  22.932783577231394   22.047513500000001
  24.255511819859098   19.312722300000001


# temperature  101.000000000000000
#   -0.061321017838728    4.979776720343973 -150.822583555396932 2021.323386934617929 -10112.576595069622272
  17.035421195840680    6.677900200000000
  18.122470597054591    8.937628900000000
  19.254807305049955   11.338960699999999
  20.433355550577456   13.341674700000000
  21.659039564387733   15.414709900000000
  22.932783577231394   22.295936800000000
  24.255511819859098   19.479352299999999


# temperature  102.000000000000000
#   -0.061537398468442    4.996730908933563 -151.323467146360287 2027.953708643340406 -10145.592319650570062
  17.035421195840680    6.847763400000000
  18.122470597054591    9.146150400000000
  19.254807305049955   11.577054000000000
  20.433355550577456   13.596639800000000
  21.659039564387733   15.679779200000000
  22.932783577231394   22.541969399999999
  24.255511819859098   19.644769499999999


# temperature  103.000000000000000
#   -0.061742839851244    5.012815592121151 -151.798564640003633 2034.245295636058700 -10176.942211493462310
  17.035421195840680    7.018857300000000
  18.122470597054591    9.355467000000001
  19.254807305049955   11.815244500000000
  20.433355550577456   13.851030600000000
  21.659039564387733   15.943573900000001
  22.932783577231394   22.785623099999999
  24.255511819859098   19.808969399999999


# temperature  104.000000000000000
#   -0.061937824403209    5.028069518076678 -152.249033155762788 2040.213380589906365 -10206.700947848865326
  17.035421195840680    7.191132300000000
  18.122470597054591    9.565512999999999
  19.254807305049955   12.053462700000001
  20.433355550577456   14.104785100000001
  21.659039564387733   16.206049000000000
  22.932783577231394   23.026910399999998
  24.255511819859098   19.971947900000000


# temperature  105.000000000000000
#   -0.062122816582549    5.042529966250695 -152.675985200943131 2045.872599938796839 -10234.940246667598331
  17.035421195840680    7.364538900000000
  18.122470597054591    9.776223699999999
  19.254807305049955   12.291641400000000
  20.433355550577456   14.357844000000000
  21.659039564387733   16.467162099999999
  22.932783577231394   23.265844699999999
  24.255511819859098   20.133701500000001


# temperature  106.000000000000000
#   -0.062298254732746    5.056232079390598 -153.080468251321008 2051.236717610506730 -10261.727470176007046
  17.035421195840680    7.539028200000000
  18.122470597054591    9.987535899999999
  19.254807305049955   12.529715500000000
  20.433355550577456   14.610150700000000
  21.659039564387733   16.726873699999999
  22.932783577231394   23.502439500000001
  24.255511819859098   20.294227299999999


# temperature  107.000000000000000
#   -0.062464565290896    5.069210030106494 -153.463500491537104 2056.319109324781493 -10287.128074165935686
  17.035421195840680    7.714551500000000
  18.122470597054591   10.199387600000000
  19.254807305049955   12.767622200000000
  20.433355550577456   14.861651200000001
  21.659039564387733   16.985146600000000
  22.932783577231394   23.736709200000000
  24.255511819859098   20.453522599999999


# temperature  108.000000000000000
#   -0.062622150658741    5.081496015112608 -153.826039659373635 2061.132335320915445 -10311.203419482273603
  17.035421195840680    7.891060800000000
  18.122470597054591   10.411717899999999
  19.254807305049955   13.005300600000000
  20.433355550577456   15.112293899999999
  21.659039564387733   17.241946200000001
  22.932783577231394   23.968668600000001
  24.255511819859098   20.611585399999999


# temperature  109.000000000000000
#   -0.062771401631246    5.093121305887949 -154.169016195886087 2065.688602872074171 -10334.013178887094909
  17.035421195840680    8.068508200000000
  18.122470597054591   10.624467599999999
  19.254807305049955   13.242692000000000
  20.433355550577456   15.362029600000000
  21.659039564387733   17.497240200000000
  22.932783577231394   24.198332799999999
  24.255511819859098   20.768414100000001


# temperature  110.000000000000000
#   -0.062912683237357    5.104115054379510 -154.493295662284680 2069.999243433734136 -10355.612624311255786
  17.035421195840680    8.246846700000001
  18.122470597054591   10.837578499999999
  19.254807305049955   13.479739900000000
  20.433355550577456   15.610811800000000
  21.659039564387733   17.750998599999999
  22.932783577231394   24.425717400000000
  24.255511819859098   20.924007499999998


# temperature  111.000000000000000
#   -0.063046354099009    5.114505901615314 -154.799728577327642 2074.075394881212560 -10376.056108624783519
  17.035421195840680    8.426029700000001
  18.122470597054591   11.050993999999999
  19.254807305049955   13.716389700000001
  20.433355550577456   15.858595899999999
  21.659039564387733   18.003193599999999
  22.932783577231394   24.650838499999999
  24.255511819859098   21.078364799999999


# temperature  112.000000000000000
#   -0.063172748788936    5.124320534074481 -155.089106369812612 2077.927407592108011 -10395.394079777466686
  17.035421195840680    8.606010899999999
  18.122470597054591   11.264658600000001
  19.254807305049955   13.952588600000000
  20.433355550577456   16.105339699999998
  21.659039564387733   18.253799200000000
  22.932783577231394   24.873712099999999
  24.255511819859098   21.231485700000000


# temperature  113.000000000000000
#   -0.063292190464678    5.133584706683095 -155.362192248225398 2081.565255866330517 -10413.675123836275816
  17.035421195840680    8.786744900000000
  18.122470597054591   11.478518299999999
  19.254807305049955   14.188286099999999
  20.433355550577456   16.351003100000000
  21.659039564387733   18.502791800000001
  22.932783577231394   25.094354899999999
  24.255511819859098   21.383370400000000


# temperature  114.000000000000000
#   -0.063404990826213    5.142323257124236 -155.619722199014348 2084.998559142259637 -10430.946111518602265
  17.035421195840680    8.968186700000000
  18.122470597054591   11.692520500000001
  19.254807305049955   14.423433599999999
  20.433355550577456   16.595548200000000
  21.659039564387733   18.750149199999999
  22.932783577231394   25.312783799999998
  24.255511819859098   21.534019199999999


# temperature  115.000000000000000
#   -0.063511439702877    5.150559232767446 -155.862377667795840 2088.236204023672599 -10447.250247669457167
  17.035421195840680    9.150292000000000
  18.122470597054591   11.906613900000000
  19.254807305049955   14.657984100000000
  20.433355550577456   16.838939199999999
  21.659039564387733   18.995851500000001
  22.932783577231394   25.529015699999999
  24.255511819859098   21.683433000000001


# temperature  116.000000000000000
#   -0.063611818568174    5.158315013521407 -156.090820343191780 2091.286820364925006 -10462.629500268381889
  17.035421195840680    9.333017099999999
  18.122470597054591   12.120748300000001
  19.254807305049955   14.891892700000000
  20.433355550577456   17.081141899999999
  21.659039564387733   19.239880200000002
  22.932783577231394   25.743067900000000
  24.255511819859098   21.831613000000001


# temperature  117.000000000000000
#   -0.063706396062635    5.165611948053673 -156.305681149667123 2094.158634263254044 -10477.123868826276521
  17.035421195840680    9.516318999999999
  18.122470597054591   12.334875300000000
  19.254807305049955   15.125116300000000
  20.433355550577456   17.322124400000000
  21.659039564387733   19.482218599999999
  22.932783577231394   25.954957900000000
  24.255511819859098   21.978560900000002


# temperature  118.000000000000000
#   -0.063795424264007    5.172470038589847 -156.507550315967023 2096.859329829851049 -10490.770667998953286
  17.035421195840680    9.700155100000000
  18.122470597054591   12.548947399999999
  19.254807305049955   15.357613499999999
  20.433355550577456   17.561856500000001
  21.659039564387733   19.722851500000001
  22.932783577231394   26.164703100000001
  24.255511819859098   22.124278499999999


# temperature  119.000000000000000
#   -0.063879152138207    5.178909044381125 -156.697011090326839 2099.396503828142158 -10503.606809952330877
  17.035421195840680    9.884483899999999
  18.122470597054591   12.762918800000000
  19.254807305049955   15.589344700000000
  20.433355550577456   17.800309599999999
  21.659039564387733   19.961765300000000
  22.932783577231394   26.372321500000002
  24.255511819859098   22.268768099999999


# temperature  120.000000000000000
#   -0.063957807731687    5.184947032305523 -156.874595806701052 2101.777077950477178 -10515.665877104242099
  17.035421195840680   10.069264199999999
  18.122470597054591   12.976744800000001
  19.254807305049955   15.820271999999999
  20.433355550577456   18.037457199999999
  21.659039564387733   20.198947799999999
  22.932783577231394   26.577830800000001
  24.255511819859098   22.412032300000000


# temperature  121.000000000000000
#   -0.064031610920182    5.190601407819094 -157.040816906935078 2104.007710419314662 -10526.980153628090193
  17.035421195840680   10.254455699999999
  18.122470597054591   13.190382000000000
  19.254807305049955   16.050359000000000
  20.433355550577456   18.273274199999999
  21.659039564387733   20.434388200000001
  22.932783577231394   26.781248900000001
  24.255511819859098   22.554074000000000


# temperature  122.000000000000000
#   -0.064100775866354    5.195889131123539 -157.196174034231234 2106.094898854924395 -10537.581181334922803
  17.035421195840680   10.440018700000000
  18.122470597054591   13.403788300000000
  19.254807305049955   16.279571300000001
  20.433355550577456   18.507736999999999
  21.659039564387733   20.668077000000000
  22.932783577231394   26.982593999999999
  24.255511819859098   22.694896400000001


# temperature  123.000000000000000
#   -0.064165501686188    5.200825939261142 -157.341129826835214 2108.044646993439528 -10547.498046850021638
  17.035421195840680   10.625914300000000
  18.122470597054591   13.616923000000000
  19.254807305049955   16.507875500000001
  20.433355550577456   18.740823800000001
  21.659039564387733   20.900005900000000
  22.932783577231394   27.181884100000001
  24.255511819859098   22.834503000000002


# temperature  124.000000000000000
#   -0.064225980837830    5.205427046303836 -157.476131743232798 2109.862765755385226 -10556.758932051978263
  17.035421195840680   10.812104200000000
  18.122470597054591   13.829746600000000
  19.254807305049955   16.735240300000001
  20.433355550577456   18.972514199999999
  21.659039564387733   21.130167900000000
  22.932783577231394   27.379137400000001
  24.255511819859098   22.972897499999998


# temperature  125.000000000000000
#   -0.064282394025789    5.209706710778741 -157.601598329034175 2111.554680083845597 -10565.390099139352969
  17.035421195840680   10.998551000000001
  18.122470597054591   14.042220800000001
  19.254807305049955   16.961635600000001
  20.433355550577456   19.202789200000002
  21.659039564387733   21.358557200000000
  22.932783577231394   27.574372100000001
  24.255511819859098   23.110084000000001


# temperature  126.000000000000000
#   -0.064334914041297    5.213678566966860 -157.717929873942097 2113.125580378686209 -10573.416692443453940
  17.035421195840680   11.185217900000000
  18.122470597054591   14.254308500000000
  19.254807305049955   17.187032800000001
  20.433355550577456   19.431631200000002
  21.659039564387733   21.585168800000002
  22.932783577231394   27.767606399999998
  24.255511819859098   23.246066899999999


# temperature  127.000000000000000
#   -0.064383711495497    5.217356081484531 -157.825521961315388 2114.580600081851117 -10580.863605659114910
  17.035421195840680   11.372068900000000
  18.122470597054591   14.465974100000000
  19.254807305049955   17.411404699999999
  20.433355550577456   19.659023900000001
  21.659039564387733   21.809999000000001
  22.932783577231394   27.958858700000000
  24.255511819859098   23.380850599999999


# temperature  128.000000000000000
#   -0.064428939614201    5.220751314560464 -157.924727824872519 2115.924309983920921 -10587.752948290861241
  17.035421195840680   11.559068600000000
  18.122470597054591   14.677182800000001
  19.254807305049955   17.634725599999999
  20.433355550577456   19.884952299999998
  21.659039564387733   22.033045099999999
  22.932783577231394   28.148147099999999
  24.255511819859098   23.514440000000000


# temperature  129.000000000000000
#   -0.064470751671772    5.223876348153139 -158.015901971309916 2117.161307012672751 -10594.107008179447803
  17.035421195840680   11.746182400000000
  18.122470597054591   14.887901299999999
  19.254807305049955   17.856971000000001
  20.433355550577456   20.109402700000000
  21.659039564387733   22.254305100000000
  22.932783577231394   28.335489899999999
  24.255511819859098   23.646840000000001


# temperature  130.000000000000000
#   -0.064509288096793    5.226742221459735 -158.099367385212048 2118.295767459747822 -10599.945981123255478
  17.035421195840680   11.933376600000001
  18.122470597054591   15.098097200000000
  19.254807305049955   18.078117800000001
  20.433355550577456   20.332362499999999
  21.659039564387733   22.473778100000001
  22.932783577231394   28.520905400000000
  24.255511819859098   23.778056100000001


# temperature  131.000000000000000
#   -0.064544689480935    5.229360007082789 -158.175448773712020 2119.331901382850901 -10605.290289096095876
  17.035421195840680   12.120618000000000
  18.122470597054591   15.307739600000000
  19.254807305049955   18.298144000000001
  20.433355550577456   20.553820300000002
  21.659039564387733   22.691464000000000
  22.932783577231394   28.704411799999999
  24.255511819859098   23.908093500000000


# temperature  132.000000000000000
#   -0.064577081498842    5.231739566905662 -158.244434226419372 2120.273429640852100 -10610.157916782756729
  17.035421195840680   12.307874399999999
  18.122470597054591   15.516798300000000
  19.254807305049955   18.517029000000001
  20.433355550577456   20.773765800000000
  21.659039564387733   22.907363400000001
  22.932783577231394   28.886027299999999
  24.255511819859098   24.036958100000000


# temperature  133.000000000000000
#   -0.064606590781323    5.233890856940484 -158.306615283258282 2121.124128546183783 -10614.567176619804741
  17.035421195840680   12.495113999999999
  18.122470597054591   15.725244399999999
  19.254807305049955   18.734753399999999
  20.433355550577456   20.992189700000001
  21.659039564387733   23.121477899999999
  22.932783577231394   29.065770100000002
  24.255511819859098   24.164655499999999


# temperature  134.000000000000000
#   -0.064633337590527    5.235823335742089 -158.362269047811566 2121.887589842628586 -10618.535502451431967
  17.035421195840680   12.682305899999999
  18.122470597054591   15.933050300000000
  19.254807305049955   18.951298800000000
  20.433355550577456   21.209083700000001
  21.659039564387733   23.333809599999999
  22.932783577231394   29.243658300000000
  24.255511819859098   24.291191999999999


# temperature  135.000000000000000
#   -0.064657430693878    5.237545514928588 -158.411643578054509 2122.567011995705343 -10622.078343321722059
  17.035421195840680   12.869420200000000
  18.122470597054591   16.140188999999999
  19.254807305049955   19.166647999999999
  20.433355550577456   21.424440499999999
  21.659039564387733   23.544361299999998
  22.932783577231394   29.419709900000001
  24.255511819859098   24.416573600000000


# temperature  136.000000000000000
#   -0.064678979655515    5.239066005313298 -158.454991074841018 2123.165665339641237 -10625.211593327889204
  17.035421195840680   13.056427200000000
  18.122470597054591   16.346634999999999
  19.254807305049955   19.380784899999998
  20.433355550577456   21.638253899999999
  21.659039564387733   23.753136699999999
  22.932783577231394   29.593942999999999
  24.255511819859098   24.540806900000000


# temperature  137.000000000000000
#   -0.064698087669218    5.240392897981939 -158.492547934815548 2123.686607715054379 -10627.950079049025589
  17.035421195840680   13.243298400000000
  18.122470597054591   16.552363499999998
  19.254807305049955   19.593694500000002
  20.433355550577456   21.850518200000000
  21.659039564387733   23.960139800000000
  22.932783577231394   29.766375499999999
  24.255511819859098   24.663898300000000


# temperature  138.000000000000000
#   -0.064714851102583    5.241533742285160 -158.524534597284173 2124.132690198379805 -10630.307631873773062
  17.035421195840680   13.430005700000001
  18.122470597054591   16.757350800000001
  19.254807305049955   19.805362599999999
  20.433355550577456   22.061228900000000
  21.659039564387733   24.165375300000001
  22.932783577231394   29.937025200000001
  24.255511819859098   24.785854499999999


# temperature  139.000000000000000
#   -0.064729365013680    5.242495991726205 -158.551168955841064 2124.506734962208611 -10632.297965139296139
  17.035421195840680   13.616521900000000
  18.122470597054591   16.961574200000001
  19.254807305049955   20.015776299999999
  20.433355550577456   22.270382200000000
  21.659039564387733   24.368848600000000
  22.932783577231394   30.105910099999999
  24.255511819859098   24.906682400000001


# temperature  140.000000000000000
#   -0.064741717330754    5.243286527392320 -158.572651800693848 2124.811338643483850 -10633.933683503890279
  17.035421195840680   13.802820400000000
  18.122470597054591   17.165011900000000
  19.254807305049955   20.224923199999999
  20.433355550577456   22.477975099999998
  21.659039564387733   24.570565400000000
  22.932783577231394   30.273047800000001
  24.255511819859098   25.026388900000001


# temperature  141.000000000000000
#   -0.064751994100010    5.243912100435725 -158.589180744645915 2125.049066196005697 -10635.227289440728782
  17.035421195840680   13.988875300000000
  18.122470597054591   17.367643200000000
  19.254807305049955   20.432792400000000
  20.433355550577456   22.684005299999999
  21.659039564387733   24.770532100000000
  22.932783577231394   30.438455900000001
  24.255511819859098   25.144981200000000


# temperature  142.000000000000000
#   -0.064760276309734    5.244379040584867 -158.600940307109227 2125.222302696643965 -10636.190362538514819
  17.035421195840680   14.174661600000000
  18.122470597054591   17.569448099999999
  19.254807305049955   20.639373299999999
  20.433355550577456   22.888471299999999
  21.659039564387733   24.968755399999999
  22.932783577231394   30.602152100000001
  24.255511819859098   25.262466499999999


# temperature  143.000000000000000
#   -0.064766639439769    5.244693252167920 -158.608102857169882 2125.333281150764833 -10636.833778215117491
  17.035421195840680   14.360154800000000
  18.122470597054591   17.770407500000001
  19.254807305049955   20.844656600000000
  20.433355550577456   23.091372199999999
  21.659039564387733   25.165242500000002
  22.932783577231394   30.764153700000001
  24.255511819859098   25.378852100000000


# temperature  144.000000000000000
#   -0.064771161821688    5.244860881342020 -158.610848425849326 2125.384341920436782 -10637.168971942375720
  17.035421195840680   14.545330999999999
  18.122470597054591   17.970503399999998
  19.254807305049955   21.048633500000001
  20.433355550577456   23.292707799999999
  21.659039564387733   25.360001100000002
  22.932783577231394   30.924478199999999
  24.255511819859098   25.494145400000001


# temperature  145.000000000000000
#   -0.064773910965078    5.244887200621763 -158.609330765448107 2125.377476148787537 -10637.205647794982724
  17.035421195840680   14.730167200000000
  18.122470597054591   18.169718400000001
  19.254807305049955   21.251296300000000
  20.433355550577456   23.492478599999998
  21.659039564387733   25.553039099999999
  22.932783577231394   31.083142800000001
  24.255511819859098   25.608353999999999


# temperature  146.000000000000000
#   -0.064774957752821    5.244777763985057 -158.603712400370142 2125.314795897965269 -10636.954130886482744
  17.035421195840680   14.914640900000000
  18.122470597054591   18.368036000000000
  19.254807305049955   21.452637700000000
  20.433355550577456   23.690685500000001
  21.659039564387733   25.744364900000001
  22.932783577231394   31.240164799999999
  24.255511819859098   25.721485500000000


# temperature  147.000000000000000
#   -0.064774363774486    5.244537384536720 -158.594133883282183 2125.198125792074279 -10636.423345190840337
  17.035421195840680   15.098730400000001
  18.122470597054591   18.565440599999999
  19.254807305049955   21.652651599999999
  20.433355550577456   23.887330100000000
  21.659039564387733   25.933987299999998
  22.932783577231394   31.395561000000001
  24.255511819859098   25.833547599999999


# temperature  148.000000000000000
#   -0.064772192242471    5.244171009169769 -158.580739883862378 2125.029346455328323 -10635.622498104212355
  17.035421195840680   15.282414500000000
  18.122470597054591   18.761917300000000
  19.254807305049955   21.851332100000000
  20.433355550577456   24.082414700000001
  21.659039564387733   26.121915300000001
  22.932783577231394   31.549348599999998
  24.255511819859098   25.944548200000000


# temperature  149.000000000000000
#   -0.064768503291161    5.243683347962047 -158.563668339388471 2124.810254648880800 -10634.560409956740841
  17.035421195840680   15.465672700000001
  18.122470597054591   18.957451899999999
  19.254807305049955   22.048674500000001
  20.433355550577456   24.275941799999998
  21.659039564387733   26.308158299999999
  22.932783577231394   31.701544400000000
  24.255511819859098   26.054494999999999


# temperature  150.000000000000000
#   -0.064763351527661    5.243078666424712 -158.543043852581405 2124.542470243099160 -10633.245024332665707
  17.035421195840680   15.648485200000000
  18.122470597054591   19.152031099999999
  19.254807305049955   22.244674300000000
  20.433355550577456   24.467914700000001
  21.659039564387733   26.492725900000000
  22.932783577231394   31.852165100000001
  24.255511819859098   26.163396100000000


# temperature  151.000000000000000
#   -0.064756794046015    5.242361446705004 -158.518998063858930 2124.227713986778326 -10631.684822027444170
  17.035421195840680   15.830832700000000
  18.122470597054591   19.345642200000000
  19.254807305049955   22.439327899999999
  20.433355550577456   24.658336800000001
  21.659039564387733   26.675627899999999
  22.932783577231394   32.001227299999996
  24.255511819859098   26.271259400000002


# temperature  152.000000000000000
#   -0.064748878167449    5.241535371067506 -158.491638213607672 2123.867377764607227 -10629.886630313669230
  17.035421195840680   16.012696699999999
  18.122470597054591   19.538273199999999
  19.254807305049955   22.632632300000001
  20.433355550577456   24.847212400000000
  21.659039564387733   26.856874600000001
  22.932783577231394   32.148747499999999
  24.255511819859098   26.378093000000000


# temperature  153.000000000000000
#   -0.064739659303531    5.240604804182947 -158.461093001648152 2123.463151459031906 -10627.858817217216711
  17.035421195840680   16.194059100000000
  18.122470597054591   19.729913000000000
  19.254807305049955   22.824584999999999
  20.433355550577456   25.034545800000000
  21.659039564387733   27.036476300000000
  22.932783577231394   32.294742100000001
  24.255511819859098   26.483904899999999


# temperature  154.000000000000000
#   -0.064729182462729    5.239573255517865 -158.427464914464281 2123.016369821208173 -10625.607955623514499
  17.035421195840680   16.374902599999999
  18.122470597054591   19.920550899999999
  19.254807305049955   23.015184099999999
  20.433355550577456   25.220342100000000
  21.659039564387733   27.214443599999999
  22.932783577231394   32.439227500000001
  24.255511819859098   26.588703299999999


# temperature  155.000000000000000
#   -0.064717495037826    5.238444451881574 -158.390863772268062 2122.528476110875090 -10623.141211979527725
  17.035421195840680   16.555210200000001
  18.122470597054591   20.110177000000000
  19.254807305049955   23.204428300000000
  20.433355550577456   25.404606399999999
  21.659039564387733   27.390787300000000
  22.932783577231394   32.582219700000003
  24.255511819859098   26.692496400000000


# temperature  156.000000000000000
#   -0.064704639975328    5.237221753785066 -158.351388140447398 2122.000760623791848 -10620.464975892615257
  17.035421195840680   16.734965700000000
  18.122470597054591   20.298781999999999
  19.254807305049955   23.392316699999999
  20.433355550577456   25.587344399999999
  21.659039564387733   27.565518399999998
  22.932783577231394   32.723734700000001
  24.255511819859098   26.795292400000001


# temperature  157.000000000000000
#   -0.064690659459101    5.235908468572485 -158.309135252339814 2121.434499614339529 -10617.585585238015483
  17.035421195840680   16.914153400000000
  18.122470597054591   20.486357099999999
  19.254807305049955   23.578849000000002
  20.433355550577456   25.768562100000000
  21.659039564387733   27.738648000000001
  22.932783577231394   32.863788499999998
  24.255511819859098   26.897099600000001


# temperature  158.000000000000000
#   -0.064675591379195    5.234507557716464 -158.264191955910633 2120.830831426010718 -10614.508693393087015
  17.035421195840680   17.092758300000000
  18.122470597054591   20.672894200000002
  19.254807305049955   23.764025300000000
  20.433355550577456   25.948265899999999
  21.659039564387733   27.910187400000002
  22.932783577231394   33.002396800000000
  24.255511819859098   26.997926300000000


# temperature  159.000000000000000
#   -0.064659480539298    5.233022565462823 -158.216663427844622 2120.191149150024557 -10611.241272920487972
  17.035421195840680   17.270765699999998
  18.122470597054591   20.858385899999998
  19.254807305049955   23.947846299999998
  20.433355550577456   26.126462300000000
  21.659039564387733   28.080147900000000
  22.932783577231394   33.139575299999997
  24.255511819859098   27.097780600000000


# temperature  160.000000000000000
#   -0.064642358295121    5.231455929401529 -158.166620870759857 2119.516384683479828 -10607.787959997900543
  17.035421195840680   17.448161599999999
  18.122470597054591   21.042825100000002
  19.254807305049955   24.130313000000001
  20.433355550577456   26.303158300000000
  21.659039564387733   28.248541299999999
  22.932783577231394   33.275339400000000
  24.255511819859098   27.196670999999998


# temperature  161.000000000000000
#   -0.064624266084869    5.229810924253932 -158.114161412908999 2118.807824717886433 -10604.155200174611309
  17.035421195840680   17.624932399999999
  18.122470597054591   21.226205400000001
  19.254807305049955   24.311426800000000
  20.433355550577456   26.478361000000000
  21.659039564387733   28.415379200000000
  22.932783577231394   33.409704699999999
  24.255511819859098   27.294605700000002


# temperature  162.000000000000000
#   -0.064605233023219    5.228089828414500 -158.059352150137869 2118.066355785653286 -10600.347449350623720
  17.035421195840680   17.801065099999999
  18.122470597054591   21.408520800000002
  19.254807305049955   24.491189700000000
  20.433355550577456   26.652077899999998
  21.659039564387733   28.580673300000001
  22.932783577231394   33.542686199999999
  24.255511819859098   27.391593199999999


# temperature  163.000000000000000
#   -0.064585296645918    5.226295606150701 -158.002281011802154 2117.293144033492808 -10596.370561726436790
  17.035421195840680   17.976547300000000
  18.122470597054591   21.589766099999999
  19.254807305049955   24.669603899999998
  20.433355550577456   26.824316700000001
  21.659039564387733   28.744435599999999
  22.932783577231394   33.674299200000000
  24.255511819859098   27.487641700000001


# temperature  164.000000000000000
#   -0.064564488284995    5.224430723303168 -157.943021000426569 2116.489158037713423 -10592.229415747593521
  17.035421195840680   18.151366899999999
  18.122470597054591   21.769936200000000
  19.254807305049955   24.846672000000002
  20.433355550577456   26.995085300000000
  21.659039564387733   28.906677899999998
  22.932783577231394   33.804558700000001
  24.255511819859098   27.582759500000002


# temperature  165.000000000000000
#   -0.064542835608930    5.222497351631872 -157.881636316649974 2115.655249837039719 -10587.928312891830501
  17.035421195840680   18.325512499999999
  18.122470597054591   21.949026700000001
  19.254807305049955   25.022397099999999
  20.433355550577456   27.164391899999998
  21.659039564387733   29.067412399999998
  22.932783577231394   33.933479499999997
  24.255511819859098   27.676955100000001


# temperature  166.000000000000000
#   -0.064520371893954    5.220498129743028 -157.818205658971721 2114.792470408349345 -10583.472571755042736
  17.035421195840680   18.498972899999998
  18.122470597054591   22.127033699999998
  19.254807305049955   25.196782400000000
  20.433355550577456   27.332244700000000
  21.659039564387733   29.226651199999999
  22.932783577231394   34.061076300000003
  24.255511819859098   27.770236700000002


# temperature  167.000000000000000
#   -0.064497124170793    5.218435183112592 -157.752791995191785 2113.901657386744319 -10578.866430213091007
  17.035421195840680   18.671737600000000
  18.122470597054591   22.303953600000000
  19.254807305049955   25.369831500000000
  20.433355550577456   27.498652400000001
  21.659039564387733   29.384406400000000
  22.932783577231394   34.187363800000000
  24.255511819859098   27.862612599999999


# temperature  168.000000000000000
#   -0.064473120341783    5.216310724789717 -157.685461467781806 2112.983697957660297 -10574.114408177099904
  17.035421195840680   18.843796399999999
  18.122470597054591   22.479783300000001
  19.254807305049955   25.541548500000001
  20.433355550577456   27.663623600000001
  21.659039564387733   29.540690200000000
  22.932783577231394   34.312356399999999
  24.255511819859098   27.954091200000001


# temperature  169.000000000000000
#   -0.064448386573385    5.214126822951179 -157.616275702600063 2112.039416876411451 -10569.220702129388883
  17.035421195840680   19.015139699999999
  18.122470597054591   22.654520200000000
  19.254807305049955   25.711937599999999
  20.433355550577456   27.827167200000002
  21.659039564387733   29.695514899999999
  22.932783577231394   34.436068400000003
  24.255511819859098   28.044680799999998


# temperature  170.000000000000000
#   -0.064422949456476    5.211885580745618 -157.545297398997064 2111.069653368069794 -10564.189580292695609
  17.035421195840680   19.185758300000000
  18.122470597054591   22.828161900000001
  19.254807305049955   25.881003300000000
  20.433355550577456   27.989292200000001
  21.659039564387733   29.848892700000000
  22.932783577231394   34.558514099999996
  24.255511819859098   28.134389500000001


# temperature  171.000000000000000
#   -0.064396832590172    5.209588870337939 -157.472582627629265 2110.075162797336361 -10559.024915657879319
  17.035421195840680   19.355643300000001
  18.122470597054591   23.000706600000001
  19.254807305049955   26.048750299999998
  20.433355550577456   28.150007800000001
  21.659039564387733   30.000836000000000
  22.932783577231394   34.679707499999999
  24.255511819859098   28.223225800000002


# temperature  172.000000000000000
#   -0.064370061448137    5.207238720106521 -157.398192318047222 2109.056767253397084 -10553.730921766267784
  17.035421195840680   19.524786299999999
  18.122470597054591   23.172152799999999
  19.254807305049955   26.215183799999998
  20.433355550577456   28.309323200000001
  21.659039564387733   30.151357099999998
  22.932783577231394   34.799662499999997
  24.255511819859098   28.311197799999999


# temperature  173.000000000000000
#   -0.064342656395398    5.204836735661718 -157.322174342847347 2108.015110429964807 -10548.310902054157850
  17.035421195840680   19.693179300000001
  18.122470597054591   23.342499300000000
  19.254807305049955   26.380308899999999
  20.433355550577456   28.467248000000001
  21.659039564387733   30.300468400000000
  22.932783577231394   34.918392900000001
  24.255511819859098   28.398313699999999


# temperature  174.000000000000000
#   -0.064314642874695    5.202384954778108 -157.244590264935852 2106.951027227143641 -10542.769152761356963
  17.035421195840680   19.860814699999999
  18.122470597054591   23.511745300000001
  19.254807305049955   26.544131300000000
  20.433355550577456   28.623791600000001
  21.659039564387733   30.448182100000000
  22.932783577231394   35.035912500000002
  24.255511819859098   28.484581800000001


# temperature  175.000000000000000
#   -0.064286041005667    5.199884968742962 -157.165487684608792 2105.865159526729713 -10537.108974433243930
  17.035421195840680   20.027685399999999
  18.122470597054591   23.679890300000000
  19.254807305049955   26.706656599999999
  20.433355550577456   28.778963600000001
  21.659039564387733   30.594510600000000
  22.932783577231394   35.152234700000001
  24.255511819859098   28.570010000000000


# temperature  176.000000000000000
#   -0.064256871286940    5.197338420520563 -157.084916415850159 2104.758187664576326 -10531.333903721630122
  17.035421195840680   20.193784399999998
  18.122470597054591   23.846934300000001
  19.254807305049955   26.867890700000000
  20.433355550577456   28.932773900000001
  21.659039564387733   30.739466199999999
  22.932783577231394   35.267372899999998
  24.255511819859098   28.654606699999999


# temperature  177.000000000000000
#   -0.064227154571319    5.194746966111730 -157.002926165201757 2103.630783374700968 -10525.447395884537400
  17.035421195840680   20.359105400000001
  18.122470597054591   24.012877300000000
  19.254807305049955   27.027839799999999
  20.433355550577456   29.085232099999999
  21.659039564387733   30.883061300000001
  22.932783577231394   35.381340399999999
  24.255511819859098   28.738379699999999


# temperature  178.000000000000000
#   -0.064196911316141    5.192112249136207 -156.919566870043639 2102.483629617988754 -10519.453002394720897
  17.035421195840680   20.523642200000001
  18.122470597054591   24.177719900000000
  19.254807305049955   27.186510100000000
  20.433355550577456   29.236348199999998
  21.659039564387733   31.025308100000000
  22.932783577231394   35.494150400000002
  24.255511819859098   28.821337300000000


# temperature  179.000000000000000
#   -0.064166158155017    5.189435592251508 -156.834878433960057 2101.317270805324370 -10513.353561116204219
  17.035421195840680   20.687389100000001
  18.122470597054591   24.341462799999999
  19.254807305049955   27.343908200000001
  20.433355550577456   29.386132199999999
  21.659039564387733   31.166219000000002
  22.932783577231394   35.605815800000002
  24.255511819859098   28.903487299999998


# temperature  180.000000000000000
#   -0.064134915238300    5.186718614632366 -156.748910046567829 2100.132379321510598 -10507.152564558200538
  17.035421195840680   20.850340700000000
  18.122470597054591   24.504107099999999
  19.254807305049955   27.500040599999998
  20.433355550577456   29.534593999999998
  21.659039564387733   31.305806199999999
  22.932783577231394   35.716349500000000
  24.255511819859098   28.984837800000001


# temperature  181.000000000000000
#   -0.064103198428245    5.183962590855245 -156.661700597680095 2098.929491793108355 -10500.852838951470403
  17.035421195840680   21.012491799999999
  18.122470597054591   24.665654000000000
  19.254807305049955   27.654914300000002
  20.433355550577456   29.681743800000000
  21.659039564387733   31.444081799999999
  22.932783577231394   35.825764200000002
  24.255511819859098   29.065396700000001


# temperature  182.000000000000000
#   -0.064071026579990    5.181169027971039 -156.573295645367295 2097.709228345728661 -10494.457594282273931
  17.035421195840680   21.173837899999999
  18.122470597054591   24.826105200000001
  19.254807305049955   27.808536000000000
  20.433355550577456   29.827591600000002
  21.659039564387733   31.581058200000001
  22.932783577231394   35.934072600000000
  24.255511819859098   29.145171900000001


# temperature  183.000000000000000
#   -0.064038416870174    5.178339316369346 -156.483737858362332 2096.472179618917380 -10487.969941582905449
  17.035421195840680   21.334374300000000
  18.122470597054591   24.985462500000001
  19.254807305049955   27.960912799999999
  20.433355550577456   29.972147700000001
  21.659039564387733   31.716747300000002
  22.932783577231394   36.041287099999998
  24.255511819859098   29.224171100000000


# temperature  184.000000000000000
#   -0.064005383872384    5.175474622959173 -156.393062726593115 2095.218833998903847 -10481.392446882155127
  17.035421195840680   21.494097100000001
  18.122470597054591   25.143727899999998
  19.254807305049955   28.112052100000000
  20.433355550577456   30.115422200000001
  21.659039564387733   31.851161399999999
  22.932783577231394   36.147420099999998
  24.255511819859098   29.302402200000000


# temperature  185.000000000000000
#   -0.063971944438903    5.172576310202667 -156.301311987954932 2093.949767906751276 -10474.728137641654030
  17.035421195840680   21.653002300000001
  18.122470597054591   25.300903699999999
  19.254807305049955   28.261960999999999
  20.433355550577456   30.257425300000001
  21.659039564387733   31.984312500000001
  22.932783577231394   36.252483800000000
  24.255511819859098   29.379873000000000


# temperature  186.000000000000000
#   -0.063938113466297    5.169645579440621 -156.208522428578931 2092.665490361110187 -10467.979697703989586
  17.035421195840680   21.811086499999998
  18.122470597054591   25.456992499999998
  19.254807305049955   28.410647000000001
  20.433355550577456   30.398167300000001
  21.659039564387733   32.116212599999997
  22.932783577231394   36.356490200000003
  24.255511819859098   29.456591000000000


# temperature  187.000000000000000
#   -0.063903904944757    5.166683561418144 -156.114728769611645 2091.366483471054380 -10461.149678998626769
  17.035421195840680   21.968346400000001
  18.122470597054591   25.611996900000001
  19.254807305049955   28.558117599999999
  20.433355550577456   30.537658499999999
  21.659039564387733   32.246873600000001
  22.932783577231394   36.459451399999999
  24.255511819859098   29.532564099999998


# temperature  188.000000000000000
#   -0.063869334378179    5.163691511810891 -156.019969585333826 2090.053281835341295 -10454.240899169642944
  17.035421195840680   22.124779100000001
  18.122470597054591   25.765919900000000
  19.254807305049955   28.704380499999999
  20.433355550577456   30.675909099999998
  21.659039564387733   32.376307400000002
  22.932783577231394   36.561379100000003
  24.255511819859098   29.607799600000000


# temperature  189.000000000000000
#   -0.063834415654613    5.160670557194587 -155.924279585057633 2088.726368664858001 -10447.255919810297200
  17.035421195840680   22.280381800000001
  18.122470597054591   25.918764599999999
  19.254807305049955   28.849443300000001
  20.433355550577456   30.812929400000002
  21.659039564387733   32.504525899999997
  22.932783577231394   36.662285099999998
  24.255511819859098   29.682305299999999


# temperature  190.000000000000000
#   -0.063799162378977    5.157621801132360 -155.827692788699380 2087.386218041563097 -10440.197256767478393
  17.035421195840680   22.435152100000000
  18.122470597054591   26.070534299999998
  19.254807305049955   28.993313900000000
  20.433355550577456   30.948729799999999
  21.659039564387733   32.631540800000003
  22.932783577231394   36.762180999999998
  24.255511819859098   29.756088500000001


# temperature  191.000000000000000
#   -0.063763585496834    5.154546131634053 -155.730236665661721 2086.033215532714166 -10433.066976997966776
  17.035421195840680   22.589087899999999
  18.122470597054591   26.221232400000002
  19.254807305049955   29.136000100000000
  20.433355550577456   31.083320400000002
  21.659039564387733   32.757363800000000
  22.932783577231394   36.861078100000000
  24.255511819859098   29.829156800000000


# temperature  192.000000000000000
#   -0.063727702264412    5.151444957603601 -155.631954751530657 2084.667966103153503 -10425.868266193603631
  17.035421195840680   22.742187099999999
  18.122470597054591   26.370862700000000
  19.254807305049955   29.277509899999998
  20.433355550577456   31.216711600000000
  21.659039564387733   32.882006599999997
  22.932783577231394   36.958987899999997
  24.255511819859098   29.901517399999999


# temperature  193.000000000000000
#   -0.063691519949908    5.148318863598918 -155.532865160947779 2083.290727537862949 -10418.602538190780251
  17.035421195840680   22.894448199999999
  18.122470597054591   26.519428900000001
  19.254807305049955   29.417851200000001
  20.433355550577456   31.348913700000001
  21.659039564387733   33.005480800000001
  22.932783577231394   37.055921499999997
  24.255511819859098   29.973177799999998


# temperature  194.000000000000000
#   -0.063655054093707    5.145169127503742 -155.433007698260354 2081.902057682489158 -10411.272755197927836
  17.035421195840680   23.045869499999998
  18.122470597054591   26.666934999999999
  19.254807305049955   29.557032199999998
  20.433355550577456   31.479936899999998
  21.659039564387733   33.127797800000003
  22.932783577231394   37.151890000000002
  24.255511819859098   30.044145199999999


# temperature  195.000000000000000
#   -0.063618316091925    5.141996670445332 -155.332410701149968 2080.502351298437588 -10403.881013488045937
  17.035421195840680   23.196449999999999
  18.122470597054591   26.813385100000001
  19.254807305049955   29.695060900000001
  20.433355550577456   31.609791399999999
  21.659039564387733   33.248969099999997
  22.932783577231394   37.246904399999998
  24.255511819859098   30.114426699999999


# temperature  196.000000000000000
#   -0.063581315345311    5.138802263455307 -155.231098336473906 2079.091952472863341 -10396.429182581434361
  17.035421195840680   23.346188600000001
  18.122470597054591   26.958783400000002
  19.254807305049955   29.831945399999999
  20.433355550577456   31.738487500000002
  21.659039564387733   33.369005999999999
  22.932783577231394   37.340975499999999
  24.255511819859098   30.184029599999999


# temperature  197.000000000000000
#   -0.063544065303787    5.135587014410889 -155.129105224396085 2077.671348632874015 -10388.919864320765555
  17.035421195840680   23.495084400000000
  18.122470597054591   27.103134399999998
  19.254807305049955   29.967694099999999
  20.433355550577456   31.866035300000000
  21.659039564387733   33.487919900000001
  22.932783577231394   37.434114000000001
  24.255511819859098   30.252960999999999


# temperature  198.000000000000000
#   -0.063506576075405    5.132351745685837 -155.026456876388210 2076.240898588977871 -10381.354982499153266
  17.035421195840680   23.643136899999998
  18.122470597054591   27.246442500000001
  19.254807305049955   30.102315099999998
  20.433355550577456   31.992445100000001
  21.659039564387733   33.605721799999998
  22.932783577231394   37.526330600000001
  24.255511819859098   30.321227799999999


# temperature  199.000000000000000
#   -0.063468856924502    5.129097220921970 -154.923177323972510 2074.800945305913046 -10373.736401024967563
  17.035421195840680   23.790345700000000
  18.122470597054591   27.388712399999999
  19.254807305049955   30.235816700000001
  20.433355550577456   32.117726900000001
  21.659039564387733   33.722422999999999
  22.932783577231394   37.617635600000000
  24.255511819859098   30.388837100000000


# temperature  200.000000000000000
#   -0.063430919511954    5.125824396310247 -154.819296358297606 2073.351907734731867 -10366.066356704823193
  17.035421195840680   23.936710600000001
  18.122470597054591   27.529948800000000
  19.254807305049955   30.368207200000001
  20.433355550577456   32.241890800000000
  21.659039564387733   33.838034499999999
  22.932783577231394   37.708039499999998
  24.255511819859098   30.455795800000001


# temperature  201.000000000000000
#   -0.063392774421747    5.122534145589318 -154.714841428611123 2071.894175537305273 -10358.346949974404197
  17.035421195840680   24.082231499999999
  18.122470597054591   27.670156599999999
  19.254807305049955   30.499494899999998
  20.433355550577456   32.364946900000000
  21.659039564387733   33.952567199999997
  22.932783577231394   37.797552500000002
  24.255511819859098   30.522110699999999


# temperature  202.000000000000000
#   -0.063354429540074    5.119227118156458 -154.609833011827760 2070.428042376857775 -10350.579787102111368
  17.035421195840680   24.226908600000002
  18.122470597054591   27.809340800000001
  19.254807305049955   30.629688099999999
  20.433355550577456   32.486905299999997
  21.659039564387733   34.066032100000001
  22.932783577231394   37.886184700000001
  24.255511819859098   30.587788700000001


# temperature  203.000000000000000
#   -0.063315894594564    5.115904114869570 -154.504296221227264 2068.953864463368518 -10342.766787921495052
  17.035421195840680   24.370742300000000
  18.122470597054591   27.947506300000001
  19.254807305049955   30.758795299999999
  20.433355550577456   32.607775900000000
  21.659039564387733   34.178439900000001
  22.932783577231394   37.973946200000000
  24.255511819859098   30.652836499999999


# temperature  204.000000000000000
#   -0.063277182144305    5.112566176007431 -154.398263713667319 2067.472102902218921 -10334.910415118789388
  17.035421195840680   24.513732999999998
  18.122470597054591   28.084658500000000
  19.254807305049955   30.886824699999998
  20.433355550577456   32.727568599999998
  21.659039564387733   34.289801300000001
  22.932783577231394   38.060846800000000
  24.255511819859098   30.717260700000001


# temperature  205.000000000000000
#   -0.063238296916284    5.109213688187092 -154.291747784244734 2065.982938258024660 -10327.011689057913827
  17.035421195840680   24.655881500000000
  18.122470597054591   28.220802400000000
  19.254807305049955   31.013784699999999
  20.433355550577456   32.846293299999999
  21.659039564387733   34.400126999999998
  22.932783577231394   38.146896300000002
  24.255511819859098   30.781068000000001


# temperature  206.000000000000000
#   -0.063199248107673    5.105847417656292 -154.184772751568090 2064.486719328329400 -10319.072507139682784
  17.035421195840680   24.797188500000001
  18.122470597054591   28.355943400000001
  19.254807305049955   31.139683699999999
  20.433355550577456   32.963960000000000
  21.659039564387733   34.509427500000001
  22.932783577231394   38.232104399999997
  24.255511819859098   30.844265000000000


# temperature  207.000000000000000
#   -0.063160046359530    5.102468247063450 -154.077366402317068 2062.983840059090653 -10311.094982893011547
  17.035421195840680   24.937655100000001
  18.122470597054591   28.490086999999999
  19.254807305049955   31.264530100000002
  20.433355550577456   33.080578299999999
  21.659039564387733   34.617713199999997
  22.932783577231394   38.316480599999998
  24.255511819859098   30.906858199999999


# temperature  208.000000000000000
#   -0.063120699657599    5.099076832813306 -153.969549354120346 2061.474594305068877 -10303.080710481344795
  17.035421195840680   25.077282300000000
  18.122470597054591   28.623238499999999
  19.254807305049955   31.388332200000001
  20.433355550577456   33.196157999999997
  21.659039564387733   34.724994600000002
  22.932783577231394   38.400034499999997
  24.255511819859098   30.968854000000000


# temperature  209.000000000000000
#   -0.063081214287015    5.095673701523838 -153.861338530881085 2059.959229277410941 -10295.031062488294992
  17.035421195840680   25.216071599999999
  18.122470597054591   28.755403600000001
  19.254807305049955   31.511098400000002
  20.433355550577456   33.310708800000000
  21.659039564387733   34.831281900000000
  22.932783577231394   38.482775199999999
  24.255511819859098   31.030258700000001


# temperature  210.000000000000000
#   -0.063041601042933    5.092259749861831 -153.752762181839103 2058.438145493341381 -10286.948186388355680
  17.035421195840680   25.354024200000001
  18.122470597054591   28.886587800000001
  19.254807305049955   31.632837100000000
  20.433355550577456   33.424240300000001
  21.659039564387733   34.936585299999997
  22.932783577231394   38.564712200000002
  24.255511819859098   31.091078799999998


# temperature  211.000000000000000
#   -0.063001862777356    5.088835216848731 -153.643828247461158 2056.911466147103511 -10278.832816345151514
  17.035421195840680   25.491141700000000
  18.122470597054591   29.016796700000000
  19.254807305049955   31.753556600000000
  20.433355550577456   33.536762199999998
  21.659039564387733   35.040914999999998
  22.932783577231394   38.645854399999997
  24.255511819859098   31.151320399999999


# temperature  212.000000000000000
#   -0.062962013346601    5.085401256748940 -153.534573029792625 2055.379702447823092 -10270.687663735552633
  17.035421195840680   25.627425800000001
  18.122470597054591   29.146036200000001
  19.254807305049955   31.873265300000000
  20.433355550577456   33.648283800000002
  21.659039564387733   35.144280799999997
  22.932783577231394   38.726210899999998
  24.255511819859098   31.210989699999999


# temperature  213.000000000000000
#   -0.062922055330919    5.081958082234747 -153.425003513412378 2053.842962283381439 -10262.513371691185966
  17.035421195840680   25.762878400000002
  18.122470597054591   29.274311999999998
  19.254807305049955   31.991971400000001
  20.433355550577456   33.758814800000003
  21.659039564387733   35.246692899999999
  22.932783577231394   38.805790700000003
  24.255511819859098   31.270092999999999


# temperature  214.000000000000000
#   -0.062881996406626    5.078506340031204 -153.315140454476506 2052.301546329819303 -10254.311587797765242
  17.035421195840680   25.897501299999998
  18.122470597054591   29.401629799999998
  19.254807305049955   32.109683300000000
  20.433355550577456   33.868364399999997
  21.659039564387733   35.348160900000003
  22.932783577231394   38.884602399999999
  24.255511819859098   31.328636199999998


# temperature  215.000000000000000
#   -0.062841845827512    5.075046798306227 -153.205008062262323 2050.755798200264962 -10246.084156255741618
  17.035421195840680   26.031296500000000
  18.122470597054591   29.527995600000001
  19.254807305049955   32.226409099999998
  20.433355550577456   33.976942000000001
  21.659039564387733   35.448694699999997
  22.932783577231394   38.962654899999997
  24.255511819859098   31.386625500000001


# temperature  216.000000000000000
#   -0.062801608543113    5.071579874037409 -153.094619865716993 2049.205917925922222 -10237.832200821398146
  17.035421195840680   26.164266300000001
  18.122470597054591   29.653415299999999
  19.254807305049955   32.342157299999997
  20.433355550577456   34.084556900000003
  21.659039564387733   35.548304000000002
  22.932783577231394   39.039956699999998
  24.255511819859098   31.444066700000000


# temperature  217.000000000000000
#   -0.062761290506662    5.068106066223534 -152.983991873042527 2047.652138395077600 -10229.557006541917872
  17.035421195840680   26.296412900000000
  18.122470597054591   29.777894700000001
  19.254807305049955   32.456935999999999
  20.433355550577456   34.191218300000003
  21.659039564387733   35.646998199999999
  22.932783577231394   39.116516300000001
  24.255511819859098   31.500965699999998


# temperature  218.000000000000000
#   -0.062720900632084    5.064626119094811 -152.873147661516896 2046.094795648259151 -10221.260382009460955
  17.035421195840680   26.427738600000001
  18.122470597054591   29.901439900000000
  19.254807305049955   32.570753300000000
  20.433355550577456   34.296935300000001
  21.659039564387733   35.744786900000001
  22.932783577231394   39.192342199999999
  24.255511819859098   31.557328500000001


# temperature  219.000000000000000
#   -0.062680443248091    5.061140401220062 -152.762099343547135 2044.534071181150694 -10212.943359065606273
  17.035421195840680   26.558245899999999
  18.122470597054591   30.024056900000001
  19.254807305049955   32.683617599999998
  20.433355550577456   34.401717099999999
  21.659039564387733   35.841679499999998
  22.932783577231394   39.267442600000003
  24.255511819859098   31.613160700000002


# temperature  220.000000000000000
#   -0.062639925687327    5.057649522481795 -152.650866214479748 2042.970240341283898 -10204.607423706434929
  17.035421195840680   26.687937399999999
  18.122470597054591   30.145751700000002
  19.254807305049955   32.795536800000001
  20.433355550577456   34.505572500000000
  21.659039564387733   35.937685299999998
  22.932783577231394   39.341825700000001
  24.255511819859098   31.668468099999998


# temperature  221.000000000000000
#   -0.062599350633671    5.054153716942816 -152.539456266877011 2041.403428590273734 -10196.253322260476125
  17.035421195840680   26.816815699999999
  18.122470597054591   30.266530299999999
  19.254807305049955   32.906519099999997
  20.433355550577456   34.608510699999997
  21.659039564387733   36.032813500000003
  22.932783577231394   39.415499599999997
  24.255511819859098   31.723256400000000


# temperature  222.000000000000000
#   -0.062558730428652    5.050654011973053 -152.427901774550122 2039.834089532122789 -10187.883453012138489
  17.035421195840680   26.944883500000000
  18.122470597054591   30.386398900000000
  19.254807305049955   33.016572600000003
  20.433355550577456   34.710540299999998
  21.659039564387733   36.127073199999998
  22.932783577231394   39.488472399999999
  24.255511819859098   31.777531100000001


# temperature  223.000000000000000
#   -0.062518064048605    5.047150334024083 -152.316201193744774 2038.262217667477444 -10179.497889984420908
  17.035421195840680   27.072143700000002
  18.122470597054591   30.505363500000001
  19.254807305049955   33.125705400000001
  20.433355550577456   34.811670399999997
  21.659039564387733   36.220473499999997
  22.932783577231394   39.560751900000000
  24.255511819859098   31.831297800000002


# temperature  224.000000000000000
#   -0.062477358961237    5.043643305009779 -152.204374196379348 2036.688093166478666 -10171.098139846839331
  17.035421195840680   27.198599200000000
  18.122470597054591   30.623430200000001
  19.254807305049955   33.233925300000003
  20.433355550577456   34.911909500000000
  21.659039564387733   36.313023399999999
  22.932783577231394   39.632345899999997
  24.255511819859098   31.884561999999999


# temperature  225.000000000000000
#   -0.062436622440201    5.040133544161413 -152.092440799293598 2035.112006889479972 -10162.685794494020229
  17.035421195840680   27.324252800000000
  18.122470597054591   30.740605200000001
  19.254807305049955   33.341240399999997
  20.433355550577456   35.011266399999997
  21.659039564387733   36.404731599999998
  22.932783577231394   39.703262199999998
  24.255511819859098   31.937329200000001


# temperature  226.000000000000000
#   -0.062395859071302    5.036621429553000 -151.980412980751396 2033.534131670971647 -10154.261801670663772
  17.035421195840680   27.449107800000000
  18.122470597054591   30.856894600000000
  19.254807305049955   33.447658599999997
  20.433355550577456   35.109749700000002
  21.659039564387733   36.495607000000000
  22.932783577231394   39.773508499999998
  24.255511819859098   31.989604600000000


# temperature  227.000000000000000
#   -0.062355073853413    5.033107390563795 -151.868304823605484 2031.954676022690819 -10145.827325269036010
  17.035421195840680   27.573167200000000
  18.122470597054591   30.972304600000001
  19.254807305049955   33.553187700000002
  20.433355550577456   35.207367900000001
  21.659039564387733   36.585658199999997
  22.932783577231394   39.843092200000001
  24.255511819859098   32.041393599999999


# temperature  228.000000000000000
#   -0.062314270373461    5.029591730775612 -151.756126254035593 2030.373788062413951 -10137.383203447685446
  17.035421195840680   27.696434199999999
  18.122470597054591   31.086841300000000
  19.254807305049955   33.657835599999999
  20.433355550577456   35.304129500000002
  21.659039564387733   36.674894000000002
  22.932783577231394   39.912020800000001
  24.255511819859098   32.092701499999997


# temperature  229.000000000000000
#   -0.062273454163202    5.026074921435872 -151.643892563409850 2028.791691401374010 -10128.930668543496722
  17.035421195840680   27.818912000000001
  18.122470597054591   31.200510800000000
  19.254807305049955   33.761610099999999
  20.433355550577456   35.400042800000001
  21.659039564387733   36.763322700000003
  22.932783577231394   39.980301599999997
  24.255511819859098   32.143533499999997


# temperature  230.000000000000000
#   -0.062232630728569    5.022557422088409 -151.531618387152804 2027.208596702046634 -10120.470866759411365
  17.035421195840680   27.940604000000000
  18.122470597054591   31.313319300000000
  19.254807305049955   33.864518900000000
  20.433355550577456   35.495116199999998
  21.659039564387733   36.850952800000002
  22.932783577231394   40.047941999999999
  24.255511819859098   32.193894700000001


# temperature  231.000000000000000
#   -0.062191803789360    5.019039553049982 -151.419314327276027 2025.624663146743842 -10112.004700042738477
  17.035421195840680   28.061513500000000
  18.122470597054591   31.425273000000001
  19.254807305049955   33.966569700000001
  20.433355550577456   35.589357999999997
  21.659039564387733   36.937792700000003
  22.932783577231394   40.114949099999997
  24.255511819859098   32.243790199999999


# temperature  232.000000000000000
#   -0.062150979080038    5.015521796818749 -151.306995831576671 2024.040113555896141 -10103.533380111104634
  17.035421195840680   28.181643999999999
  18.122470597054591   31.536377999999999
  19.254807305049955   34.067770199999998
  20.433355550577456   35.682776199999999
  21.659039564387733   37.023850600000003
  22.932783577231394   40.181330000000003
  24.255511819859098   32.293225000000000


# temperature  233.000000000000000
#   -0.062110159826392    5.012004434087486 -151.194672301816126 2022.455090787794006 -10095.057724651782337
  17.035421195840680   28.300999000000001
  18.122470597054591   31.646640600000001
  19.254807305049955   34.168128000000003
  20.433355550577456   35.775379100000002
  21.659039564387733   37.109134699999998
  22.932783577231394   40.247091699999999
  24.255511819859098   32.342204199999998


# temperature  234.000000000000000
#   -0.062069351450552    5.008487918588517 -151.082358213032734 2020.869803294611302 -10086.578867094520319
  17.035421195840680   28.419581900000001
  18.122470597054591   31.756066799999999
  19.254807305049955   34.267650600000003
  20.433355550577456   35.867174599999998
  21.659039564387733   37.193653099999999
  22.932783577231394   40.312241100000001
  24.255511819859098   32.390732499999999


# temperature  235.000000000000000
#   -0.062028554004844    5.004972265407086 -150.970054645851349 2019.284278299835933 -10078.097023962138337
  17.035421195840680   28.537396500000000
  18.122470597054591   31.864662700000000
  19.254807305049955   34.366345500000001
  20.433355550577456   35.958170799999998
  21.659039564387733   37.277413799999998
  22.932783577231394   40.376785099999999
  24.255511819859098   32.438815099999999


# temperature  236.000000000000000
#   -0.061987778186488    5.001458370900341 -150.857789926873949 2017.698915772959481 -10069.614315431983414
  17.035421195840680   28.654446199999999
  18.122470597054591   31.972434600000000
  19.254807305049955   34.464220300000001
  20.433355550577456   36.048375499999999
  21.659039564387733   37.360424700000003
  22.932783577231394   40.440730500000001
  24.255511819859098   32.486456500000003


# temperature  237.000000000000000
#   -0.061947022485393    4.997946117731321 -150.745560938002882 2016.113683886003400 -10061.130647356283589
  17.035421195840680   28.770734900000001
  18.122470597054591   32.079388500000000
  19.254807305049955   34.561282200000001
  20.433355550577456   36.137796500000000
  21.659039564387733   37.442693599999998
  22.932783577231394   40.504083799999997
  24.255511819859098   32.533661600000002


# temperature  238.000000000000000
#   -0.061906293213363    4.994436042166031 -150.633384966232484 2014.528832861888532 -10052.647381703758583
  17.035421195840680   28.886266100000000
  18.122470597054591   32.185530600000000
  19.254807305049955   34.657538799999998
  20.433355550577456   36.226441700000002
  21.659039564387733   37.524228399999998
  22.932783577231394   40.566851800000002
  24.255511819859098   32.580435199999997


# temperature  239.000000000000000
#   -0.061865596616060    4.990928664297726 -150.521278434381742 2012.944595645274831 -10044.165762186064967
  17.035421195840680   29.001043599999999
  18.122470597054591   32.290866999999999
  19.254807305049955   34.752997200000003
  20.433355550577456   36.314318600000000
  21.659039564387733   37.605036699999999
  22.932783577231394   40.629041000000001
  24.255511819859098   32.626781800000003


# temperature  240.000000000000000
#   -0.061824930547568    4.987423822407393 -150.409237108592293 2011.360928578294761 -10035.685651077839793
  17.035421195840680   29.115071300000000
  18.122470597054591   32.395403700000003
  19.254807305049955   34.847664700000003
  20.433355550577456   36.401434899999998
  21.659039564387733   37.685125999999997
  22.932783577231394   40.690657600000002
  24.255511819859098   32.672706099999999


# temperature  241.000000000000000
#   -0.061784300246909    4.983921953973521 -150.297274891453782 2009.778030749472009 -10027.208123099515433
  17.035421195840680   29.228352999999998
  18.122470597054591   32.499146699999997
  19.254807305049955   34.941548599999997
  20.433355550577456   36.487798200000000
  21.659039564387733   37.764503900000001
  22.932783577231394   40.751708200000003
  24.255511819859098   32.718212600000001


# temperature  242.000000000000000
#   -0.061743713939395    4.980423751680294 -150.185413802107263 2008.196215061067505 -10018.734846597721116
  17.035421195840680   29.340892400000001
  18.122470597054591   32.602102299999999
  19.254807305049955   35.034655999999998
  20.433355550577456   36.573415900000001
  21.659039564387733   37.843177900000001
  22.932783577231394   40.812199100000001
  24.255511819859098   32.763305799999998


# temperature  243.000000000000000
#   -0.061703168907585    4.976929002730759 -150.073647888743722 2006.615412124508566 -10010.265539489086223
  17.035421195840680   29.452693600000000
  18.122470597054591   32.704276399999998
  19.254807305049955   35.126994000000003
  20.433355550577456   36.658295400000000
  21.659039564387733   37.921155300000002
  22.932783577231394   40.872136300000001
  24.255511819859098   32.807990300000000


# temperature  244.000000000000000
#   -0.061662671457990    4.973438232043063 -149.961993709413690 2005.035856407692336 -10001.801450942615702
  17.035421195840680   29.563760400000000
  18.122470597054591   32.805674900000000
  19.254807305049955   35.218569600000002
  20.433355550577456   36.742443999999999
  21.659039564387733   37.998443299999998
  22.932783577231394   40.931526099999999
  24.255511819859098   32.852270300000001


# temperature  245.000000000000000
#   -0.061622222525912    4.969951537556780 -149.850455172936108 2003.457616812831475 -9993.343021857222993
  17.035421195840680   29.674096700000000
  18.122470597054591   32.906303999999999
  19.254807305049955   35.309389899999999
  20.433355550577456   36.825869099999998
  21.659039564387733   38.075049200000002
  22.932783577231394   40.990374400000000
  24.255511819859098   32.896150400000003


# temperature  246.000000000000000
#   -0.061581830481844    4.966469607233016 -149.739053611558035 2001.880989144674686 -9984.891792816793895
  17.035421195840680   29.783706500000001
  18.122470597054591   33.006169600000000
  19.254807305049955   35.399461700000003
  20.433355550577456   36.908577700000002
  21.659039564387733   38.150980099999998
  22.932783577231394   41.048687399999999
  24.255511819859098   32.939634599999998


# temperature  247.000000000000000
#   -0.061541492050315    4.962992190123582 -149.627782139060059 2000.305894470005569 -9976.447448792663636
  17.035421195840680   29.892593800000000
  18.122470597054591   33.105277600000001
  19.254807305049955   35.488791999999997
  20.433355550577456   36.990577100000003
  21.659039564387733   38.226242999999997
  22.932783577231394   41.106470799999997
  24.255511819859098   32.982727400000002


# temperature  248.000000000000000
#   -0.061501211040562    4.959519602759512 -149.516650796847557 1998.732476709181356 -9968.010767382498670
  17.035421195840680   30.000762699999999
  18.122470597054591   33.203633900000000
  19.254807305049955   35.577387500000000
  20.433355550577456   37.071874299999998
  21.659039564387733   38.300844900000001
  22.932783577231394   41.163730500000000
  24.255511819859098   33.025432899999998


# temperature  249.000000000000000
#   -0.061460996550905    4.956052613729551 -149.405684033547317 1997.161082651742163 -9959.583590831120091
  17.035421195840680   30.108217000000000
  18.122470597054591   33.301244599999997
  19.254807305049955   35.665255199999997
  20.433355550577456   37.152476200000002
  21.659039564387733   38.374792700000000
  22.932783577231394   41.220472399999998
  24.255511819859098   33.067755300000002


# temperature  250.000000000000000
#   -0.061420843071898    4.952590769675319 -149.294868148983596 1995.591532334176691 -9951.165047631275229
  17.035421195840680   30.214960999999999
  18.122470597054591   33.398115300000001
  19.254807305049955   35.752401599999999
  20.433355550577456   37.232389800000000
  21.659039564387733   38.448093200000002
  22.932783577231394   41.276702000000000
  24.255511819859098   33.109698700000003


# temperature  251.000000000000000
#   -0.061380759321646    4.949134805940104 -149.184226500871688 1994.024156609923466 -9942.756892691564644
  17.035421195840680   30.320998599999999
  18.122470597054591   33.494252099999997
  19.254807305049955   35.838833500000000
  20.433355550577456   37.311621899999999
  21.659039564387733   38.520753100000000
  22.932783577231394   41.332425000000001
  24.255511819859098   33.151267099999998


# temperature  252.000000000000000
#   -0.061340744581699    4.945684667216121 -149.073757728734989 1992.458944678389344 -9934.359119789796750
  17.035421195840680   30.426333899999999
  18.122470597054591   33.589660700000003
  19.254807305049955   35.924557399999998
  20.433355550577456   37.390179400000001
  21.659039564387733   38.592779200000003
  22.932783577231394   41.387647000000001
  24.255511819859098   33.192464600000001


# temperature  253.000000000000000
#   -0.061300801720371    4.942240601441440 -148.963470021843023 1990.896018447562483 -9925.972409200807306
  17.035421195840680   30.530971000000001
  18.122470597054591   33.684346800000000
  19.254807305049955   36.009580000000000
  20.433355550577456   37.468068899999999
  21.659039564387733   38.664178000000000
  22.932783577231394   41.442373500000002
  24.255511819859098   33.233295200000001


# temperature  254.000000000000000
#   -0.061260935448916    4.938803009988525 -148.853376335786407 1989.335565265221703 -9917.597776070513646
  17.035421195840680   30.634913999999998
  18.122470597054591   33.778316400000001
  19.254807305049955   36.093907799999997
  20.433355550577456   37.545297099999999
  21.659039564387733   38.734955999999997
  22.932783577231394   41.496609900000003
  24.255511819859098   33.273762800000000


# temperature  255.000000000000000
#   -0.061221145058327    4.935371840931615 -148.743475477032320 1987.777577168525340 -9909.235229991900269
  17.035421195840680   30.738167000000001
  18.122470597054591   33.871575100000001
  19.254807305049955   36.177547099999998
  20.433355550577456   37.621870500000000
  21.659039564387733   38.805119699999999
  22.932783577231394   41.550361400000000
  24.255511819859098   33.313871300000002


# temperature  256.000000000000000
#   -0.061181436255326    4.931947571172719 -148.633782516030095 1986.222267343304338 -9900.885902028026976
  17.035421195840680   30.840734200000000
  18.122470597054591   33.964128700000003
  19.254807305049955   36.260504400000002
  20.433355550577456   37.697795700000000
  21.659039564387733   38.874675400000001
  22.932783577231394   41.603633500000001
  24.255511819859098   33.353624400000001


# temperature  257.000000000000000
#   -0.061141808658696    4.928530180514801 -148.524297377990621 1984.669644957861237 -9892.549898316234248
  17.035421195840680   30.942619600000000
  18.122470597054591   34.055982700000001
  19.254807305049955   36.342786099999998
  20.433355550577456   37.773079099999997
  21.659039564387733   38.943629500000000
  22.932783577231394   41.656431400000002
  24.255511819859098   33.393026100000000


# temperature  258.000000000000000
#   -0.061102264364269    4.925119846404807 -148.415025861601492 1983.119796163762203 -9884.227700171464676
  17.035421195840680   31.043827400000001
  18.122470597054591   34.147142899999999
  19.254807305049955   36.424398300000000
  20.433355550577456   37.847727200000001
  21.659039564387733   39.011988299999999
  22.932783577231394   41.708760200000000
  24.255511819859098   33.432079999999999


# temperature  259.000000000000000
#   -0.061062807493367    4.921716924201434 -148.305979568059996 1981.572890405099315 -9875.920233050061142
  17.035421195840680   31.144361700000001
  18.122470597054591   34.237614899999997
  19.254807305049955   36.505347499999999
  20.433355550577456   37.921746200000001
  21.659039564387733   39.079757800000003
  22.932783577231394   41.760624999999997
  24.255511819859098   33.470789799999999


# temperature  260.000000000000000
#   -0.061023439160824    4.918321508227756 -148.197161648655737 1980.028976336123833 -9867.627779450283924
  17.035421195840680   31.244226699999999
  18.122470597054591   34.327404299999998
  19.254807305049955   36.585639600000000
  20.433355550577456   37.995142399999999
  21.659039564387733   39.146944200000000
  22.932783577231394   41.812030900000003
  24.255511819859098   33.509159300000000


# temperature  261.000000000000000
#   -0.060984159187856    4.914933594760638 -148.088572521378950 1978.488069455783716 -9859.350474556084009
  17.035421195840680   31.343426600000001
  18.122470597054591   34.416516600000001
  19.254807305049955   36.665281000000000
  20.433355550577456   38.067922000000003
  21.659039564387733   39.213553599999997
  22.932783577231394   41.862982799999997
  24.255511819859098   33.547192099999997


# temperature  262.000000000000000
#   -0.060944974204486    4.911553735874405 -147.980229512772695 1976.950412475348912 -9851.089591717161966
  17.035421195840680   31.441965400000001
  18.122470597054591   34.504957400000002
  19.254807305049955   36.744277500000003
  20.433355550577456   38.140091099999999
  21.659039564387733   39.279591799999999
  22.932783577231394   41.913485700000003
  24.255511819859098   33.584891599999999


# temperature  263.000000000000000
#   -0.060905880292015    4.908181620779008 -147.872123622216975 1975.415892996048342 -9842.844617542203196
  17.035421195840680   31.539847300000002
  18.122470597054591   34.592732099999999
  19.254807305049955   36.822635300000002
  20.433355550577456   38.211655800000003
  21.659039564387733   39.345064899999997
  22.932783577231394   41.963544300000002
  24.255511819859098   33.622261600000002


# temperature  264.000000000000000
#   -0.060866885638556    4.904817929649611 -147.764276094736346 1973.884806553825683 -9834.617090120127614
  17.035421195840680   31.637076400000002
  18.122470597054591   34.679846200000000
  19.254807305049955   36.900360300000003
  20.433355550577456   38.282622000000003
  21.659039564387733   39.409978500000001
  22.932783577231394   42.013163599999999
  24.255511819859098   33.659305400000001


# temperature  265.000000000000000
#   -0.060827985194397    4.901462252232752 -147.656674681713355 1972.356994032695638 -9826.406246214355633
  17.035421195840680   31.733657000000001
  18.122470597054591   34.766305099999997
  19.254807305049955   36.977458499999997
  20.433355550577456   38.352995900000003
  21.659039564387733   39.474338600000003
  22.932783577231394   42.062348200000002
  24.255511819859098   33.696026500000002


# temperature  266.000000000000000
#   -0.060789186525638    4.898115221541648 -147.549339284954556 1970.832733900603444 -9818.213542276234875
  17.035421195840680   31.829593100000000
  18.122470597054591   34.852114200000003
  19.254807305049955   37.053935600000003
  20.433355550577456   38.422783099999997
  21.659039564387733   39.538150700000003
  22.932783577231394   42.111102899999999
  24.255511819859098   33.732428400000003


# temperature  267.000000000000000
#   -0.060750488270564    4.894776732909985 -147.442267104226289 1969.311996194078120 -9810.038873527531905
  17.035421195840680   31.924888899999999
  18.122470597054591   34.937278900000003
  19.254807305049955   37.129797600000003
  20.433355550577456   38.491989599999997
  21.659039564387733   39.601420599999997
  22.932783577231394   42.159432199999998
  24.255511819859098   33.768514300000000


# temperature  268.000000000000000
#   -0.060711892905483    4.891446994977759 -147.335464837768882 1967.794877733209205 -9801.882764252290144
  17.035421195840680   32.019548499999999
  18.122470597054591   35.021804500000002
  19.254807305049955   37.205050000000000
  20.433355550577456   38.560621099999999
  21.659039564387733   39.664153900000002
  22.932783577231394   42.207340799999997
  24.255511819859098   33.804287799999997


# temperature  269.000000000000000
#   -0.060673403016576    4.888126235914956 -147.228940134324517 1966.281493270353394 -9793.745855726878290
  17.035421195840680   32.113576000000002
  18.122470597054591   35.105696299999998
  19.254807305049955   37.279698799999998
  20.433355550577456   38.628683199999998
  21.659039564387733   39.726355900000001
  22.932783577231394   42.254832999999998
  24.255511819859098   33.839751900000003


# temperature  270.000000000000000
#   -0.060635016594020    4.884814285261805 -147.122687750519361 1964.771773463985937 -9785.627810555090036
  17.035421195840680   32.206975700000001
  18.122470597054591   35.188959500000003
  19.254807305049955   37.353749399999998
  20.433355550577456   38.696181799999998
  21.659039564387733   39.788032299999998
  22.932783577231394   42.301913499999998
  24.255511819859098   33.874910100000001


# temperature  271.000000000000000
#   -0.060596738364310    4.881511546932015 -147.016720700313982 1963.265905277516367 -9777.529631903309564
  17.035421195840680   32.299751499999999
  18.122470597054591   35.271599299999998
  19.254807305049955   37.427207500000002
  20.433355550577456   38.763122199999998
  21.659039564387733   39.849188400000003
  22.932783577231394   42.348586599999997
  24.255511819859098   33.909765600000000


# temperature  272.000000000000000
#   -0.060558567699595    4.878217972450940 -146.911037743933576 1961.763877177742188 -9769.451292002848277
  17.035421195840680   32.391907699999997
  18.122470597054591   35.353620900000003
  19.254807305049955   37.500078600000002
  20.433355550577456   38.829510100000000
  21.659039564387733   39.909829400000000
  22.932783577231394   42.394856599999997
  24.255511819859098   33.944321400000000


# temperature  273.000000000000000
#   -0.060520507659344    4.874933820214877 -146.805647165250036 1960.265808311247611 -9761.393432295380990
  17.035421195840680   32.483448299999999
  18.122470597054591   35.435029499999999
  19.254807305049955   37.572368200000000
  20.433355550577456   38.895350899999997
  21.659039564387733   39.969960800000003
  22.932783577231394   42.440727899999999
  24.255511819859098   33.978580800000003


# temperature  274.000000000000000
#   -0.060482558919679    4.871659157156517 -146.700551518256447 1958.771742074865642 -9753.356320828612297
  17.035421195840680   32.574377300000002
  18.122470597054591   35.515830200000003
  19.254807305049955   37.644081800000002
  20.433355550577456   38.960650100000002
  21.659039564387733   40.029587700000000
  22.932783577231394   42.486204700000002
  24.255511819859098   34.012546899999997


# temperature  275.000000000000000
#   -0.060444721035646    4.868393950633413 -146.595750048012206 1957.281673151797122 -9745.339957907028293
  17.035421195840680   32.664698999999999
  18.122470597054591   35.596027999999997
  19.254807305049955   37.715224800000001
  20.433355550577456   39.025412899999999
  21.659039564387733   40.088715200000003
  22.932783577231394   42.531291099999997
  24.255511819859098   34.046222800000002


# temperature  276.000000000000000
#   -0.060406996944944    4.865138442811309 -146.491250352433553 1955.795708873973808 -9737.344912890423075
  17.035421195840680   32.754417300000000
  18.122470597054591   35.675627900000002
  19.254807305049955   37.785802400000001
  20.433355550577456   39.089644700000001
  21.659039564387733   40.147348500000000
  22.932783577231394   42.575991399999999
  24.255511819859098   34.079611399999997


# temperature  277.000000000000000
#   -0.060369389191512    4.861892856871494 -146.387059834941795 1954.313958784739043 -9729.371788281534464
  17.035421195840680   32.843536399999998
  18.122470597054591   35.754635100000002
  19.254807305049955   37.855820100000003
  20.433355550577456   39.153350699999997
  21.659039564387733   40.205492599999999
  22.932783577231394   42.620309700000000
  24.255511819859098   34.112715899999998


# temperature  278.000000000000000
#   -0.060331896845807    4.858657119091004 -146.283176456610875 1952.836400047045345 -9721.420496635253585
  17.035421195840680   32.932060200000002
  18.122470597054591   35.833054400000002
  19.254807305049955   37.925282899999999
  20.433355550577456   39.216536099999999
  21.659039564387733   40.263152400000003
  22.932783577231394   42.664249900000002
  24.255511819859098   34.145539100000001


# temperature  279.000000000000000
#   -0.060294519855431    4.855431232380562 -146.179600655639916 1951.363044936855204 -9713.491134501538909
  17.035421195840680   33.019992899999998
  18.122470597054591   35.910890799999997
  19.254807305049955   37.994196199999998
  20.433355550577456   39.279206000000002
  21.659039564387733   40.320332999999998
  22.932783577231394   42.707816000000001
  24.255511819859098   34.178084100000000


# temperature  280.000000000000000
#   -0.060257260114014    4.852215350747708 -146.076337236768978 1949.893961419377092 -9705.584063220045209
  17.035421195840680   33.107338499999997
  18.122470597054591   35.988149100000001
  19.254807305049955   38.062564999999999
  20.433355550577456   39.341365600000003
  21.659039564387733   40.377039199999999
  22.932783577231394   42.751012099999997
  24.255511819859098   34.210353599999998


# temperature  281.000000000000000
#   -0.060220121974848    4.849009847686245 -145.973398250962219 1948.429322420429799 -9697.700207310861515
  17.035421195840680   33.194100900000002
  18.122470597054591   36.064834300000001
  19.254807305049955   38.130394400000000
  20.433355550577456   39.403019700000002
  21.659039564387733   40.433275700000003
  22.932783577231394   42.793841999999998
  24.255511819859098   34.242350600000002


# temperature  282.000000000000000
#   -0.060183102680688    4.845814497272166 -145.870776930483174 1946.969040138715172 -9689.839146360904124
  17.035421195840680   33.280284100000003
  18.122470597054591   36.140951100000002
  19.254807305049955   38.197689500000003
  20.433355550577456   39.464173500000001
  21.659039564387733   40.489047399999997
  22.932783577231394   42.836309600000000
  24.255511819859098   34.274077900000002


# temperature  283.000000000000000
#   -0.060146204712443    4.842629507169128 -145.768479858332995 1945.513207945519525 -9682.001374062980176
  17.035421195840680   33.365892299999999
  18.122470597054591   36.216504299999997
  19.254807305049955   38.264455300000002
  20.433355550577456   39.524831700000000
  21.659039564387733   40.544358899999999
  22.932783577231394   42.878418699999997
  24.255511819859098   34.305538300000002


# temperature  284.000000000000000
#   -0.060109428286819    4.839454904351062 -145.666508281097379 1944.061850196611886 -9674.187054920892479
  17.035421195840680   33.450929199999997
  18.122470597054591   36.291498699999998
  19.254807305049955   38.330696699999997
  20.433355550577456   39.584999300000000
  21.659039564387733   40.599215000000001
  22.932783577231394   42.920172999999998
  24.255511819859098   34.336734600000000


# temperature  285.000000000000000
#   -0.060072773143412    4.836290669130002 -145.564861751599750 1942.614964203688260 -9666.396193303882683
  17.035421195840680   33.535398999999998
  18.122470597054591   36.365938999999997
  19.254807305049955   38.396418599999997
  20.433355550577456   39.644681100000000
  21.659039564387733   40.653620199999999
  22.932783577231394   42.961576200000003
  24.255511819859098   34.367669499999998


# temperature  286.000000000000000
#   -0.060036241075131    4.833136953209095 -145.463545177882423 1941.172621547754034 -9658.629179464911431
  17.035421195840680   33.619305500000003
  18.122470597054591   36.439829799999998
  19.254807305049955   38.461625900000001
  20.433355550577456   39.703881899999999
  21.659039564387733   40.707579099999997
  22.932783577231394   43.002632100000000
  24.255511819859098   34.398345700000000


# temperature  287.000000000000000
#   -0.059999834023483    4.829993922766061 -145.362563953450859 1939.734900515740719 -9650.886435836018791
  17.035421195840680   33.702652700000002
  18.122470597054591   36.513175799999999
  19.254807305049955   38.526323300000001
  20.433355550577456   39.762606200000000
  21.659039564387733   40.761096100000003
  22.932783577231394   43.043344200000000
  24.255511819859098   34.428765900000002


# temperature  288.000000000000000
#   -0.059963551685052    4.826861555139720 -145.261917575226931 1938.301798418179942 -9643.167972205192200
  17.035421195840680   33.785444499999997
  18.122470597054591   36.585981599999997
  19.254807305049955   38.590515600000003
  20.433355550577456   39.820858899999998
  21.659039564387733   40.814175700000000
  22.932783577231394   43.083716199999998
  24.255511819859098   34.458932699999998


# temperature  289.000000000000000
#   -0.059927394807041    4.823739920283383 -145.161608564966485 1936.873355951148824 -9635.474029101284032
  17.035421195840680   33.867684699999998
  18.122470597054591   36.658251800000002
  19.254807305049955   38.654207599999999
  20.433355550577456   39.878644500000000
  21.659039564387733   40.866822399999997
  22.932783577231394   43.123751499999997
  24.255511819859098   34.488848699999998


# temperature  290.000000000000000
#   -0.059891363033371    4.820628988758969 -145.061636109130347 1935.449564438999687 -9627.804575279764322
  17.035421195840680   33.949377300000002
  18.122470597054591   36.729990800000003
  19.254807305049955   38.717403900000001
  20.433355550577456   39.935967599999998
  21.659039564387733   40.919040400000000
  22.932783577231394   43.163453699999998
  24.255511819859098   34.518516499999997


# temperature  291.000000000000000
#   -0.059855459963187    4.817529061927015 -144.962009719548234 1934.030557739005417 -9620.160313563759701
  17.035421195840680   34.030526100000003
  18.122470597054591   36.801203299999997
  19.254807305049955   38.780109000000003
  20.433355550577456   39.992832700000001
  21.659039564387733   40.970834099999998
  22.932783577231394   43.202826299999998
  24.255511819859098   34.547938700000003


# temperature  292.000000000000000
#   -0.059819682181940    4.814439863407141 -144.862721157880202 1932.616228638108623 -9612.540725677194132
  17.035421195840680   34.111134999999997
  18.122470597054591   36.871893499999999
  19.254807305049955   38.842327699999998
  20.433355550577456   40.049244199999997
  21.659039564387733   41.022207700000003
  22.932783577231394   43.241872600000001
  24.255511819859098   34.577117800000003


# temperature  293.000000000000000
#   -0.059784034328705    4.811361781988976 -144.763782681492785 1931.206749134575830 -9604.946712166460202
  17.035421195840680   34.191207700000000
  18.122470597054591   36.942066099999998
  19.254807305049955   38.904064400000003
  20.433355550577456   40.105206600000002
  21.659039564387733   41.073165400000001
  22.932783577231394   43.280596000000003
  24.255511819859098   34.606056199999998


# temperature  294.000000000000000
#   -0.059748511664693    4.808294423476666 -144.665182139919608 1929.801954624005248 -9597.377441337894197
  17.035421195840680   34.270748200000000
  18.122470597054591   37.011725200000001
  19.254807305049955   38.965323499999997
  20.433355550577456   40.160724199999997
  21.659039564387733   41.123711399999998
  22.932783577231394   43.318999800000000
  24.255511819859098   34.634756500000002


# temperature  295.000000000000000
#   -0.059713122878332    4.805238513567021 -144.566942246615753 1928.402160551783254 -9589.834547707163438
  17.035421195840680   34.349760099999997
  18.122470597054591   37.080875399999996
  19.254807305049955   39.026109599999998
  20.433355550577456   40.215801300000003
  21.659039564387733   41.173849699999998
  22.932783577231394   43.357087499999999
  24.255511819859098   34.663221000000000


# temperature  296.000000000000000
#   -0.059677859400801    4.802193345989464 -144.469041378747448 1927.007075367806465 -9582.316565751636517
  17.035421195840680   34.428247300000002
  18.122470597054591   37.149520799999998
  19.254807305049955   39.086427000000000
  20.433355550577456   40.270442299999999
  21.659039564387733   41.223584500000001
  22.932783577231394   43.394862099999997
  24.255511819859098   34.691452200000001


# temperature  297.000000000000000
#   -0.059642727617955    4.799159451318164 -144.371496067569240 1925.616927749289744 -9574.824675118765299
  17.035421195840680   34.506213500000001
  18.122470597054591   37.217665900000000
  19.254807305049955   39.146279999999997
  20.433355550577456   40.324651299999999
  21.659039564387733   41.272919799999997
  22.932783577231394   43.432326900000000
  24.255511819859098   34.719452400000002


# temperature  298.000000000000000
#   -0.059607725436600    4.796136663441992 -144.274301501069942 1924.231657466697243 -9567.358597630985969
  17.035421195840680   34.583662400000001
  18.122470597054591   37.285314800000002
  19.254807305049955   39.205673099999998
  20.433355550577456   40.378432599999996
  21.659039564387733   41.321859500000002
  22.932783577231394   43.469485100000000
  24.255511819859098   34.747224000000003


# temperature  299.000000000000000
#   -0.059572854560059    4.793125121780759 -144.177462005826641 1922.851324664038657 -9559.918644254672472
  17.035421195840680   34.660597799999998
  18.122470597054591   37.352471700000002
  19.254807305049955   39.264610400000002
  20.433355550577456   40.431790200000002
  21.659039564387733   41.370407499999999
  22.932783577231394   43.506339900000000
  24.255511819859098   34.774769399999997


# temperature  300.000000000000000
#   -0.059538113703233    4.790124720450766 -144.080974426636658 1921.475888987566577 -9552.504624239263649
  17.035421195840680   34.737023399999998
  18.122470597054591   37.419140800000001
  19.254807305049955   39.323096100000001
  20.433355550577456   40.484728300000000
  21.659039564387733   41.418567799999998
  22.932783577231394   43.542894300000000
  24.255511819859098   34.802090700000001


# temperature  301.000000000000000
#   -0.059503505274061    4.787135668414031 -143.984845592327360 1920.105449663779154 -9545.117072850527620
  17.035421195840680   34.812942800000002
  18.122470597054591   37.485326299999997
  19.254807305049955   39.381134500000002
  20.433355550577456   40.537250899999997
  21.659039564387733   41.466344100000001
  22.932783577231394   43.579151400000001
  24.255511819859098   34.829190300000000


# temperature  302.000000000000000
#   -0.059469029355437    4.784157973721561 -143.889075875627583 1918.740014489636678 -9537.756043939834854
  17.035421195840680   34.888359600000001
  18.122470597054591   37.551032300000003
  19.254807305049955   39.438729700000003
  20.433355550577456   40.589362000000001
  21.659039564387733   41.513740300000002
  22.932783577231394   43.615114200000001
  24.255511819859098   34.856070400000000


# temperature  303.000000000000000
#   -0.059434683507795    4.781191431384879 -143.793658926224310 1917.379497341498791 -9530.421101493993774
  17.035421195840680   34.963277599999998
  18.122470597054591   37.616262700000000
  19.254807305049955   39.495885800000003
  20.433355550577456   40.641065599999997
  21.659039564387733   41.560760199999997
  22.932783577231394   43.650785800000001
  24.255511819859098   34.882733299999998


# temperature  304.000000000000000
#   -0.059400472676022    4.778236459341747 -143.698607993264773 1916.024084601060167 -9523.113221831290502
  17.035421195840680   35.037700299999997
  18.122470597054591   37.681021800000003
  19.254807305049955   39.552606800000000
  20.433355550577456   40.692365600000002
  21.659039564387733   41.607407299999998
  22.932783577231394   43.686169100000001
  24.255511819859098   34.909181099999998


# temperature  305.000000000000000
#   -0.059366391112085    4.775292580163437 -143.603908364240453 1914.673576761347931 -9515.831395994664490
  17.035421195840680   35.111631400000000
  18.122470597054591   37.745313400000001
  19.254807305049955   39.608896700000003
  20.433355550577456   40.743265899999997
  21.659039564387733   41.653685500000002
  22.932783577231394   43.721266900000003
  24.255511819859098   34.935415999999996


# temperature  306.000000000000000
#   -0.059332444759970    4.772360288009239 -143.509575448850597 1913.328187208016516 -9508.576726141223844
  17.035421195840680   35.185074299999997
  18.122470597054591   37.809141500000003
  19.254807305049955   39.664759599999996
  20.433355550577456   40.793770299999998
  21.659039564387733   41.699598299999998
  22.932783577231394   43.756082300000003
  24.255511819859098   34.961440000000003


# temperature  307.000000000000000
#   -0.059298630286819    4.769439314899867 -143.415601274260609 1911.987811805490310 -9501.348704169522534
  17.035421195840680   35.258032700000001
  18.122470597054591   37.872510100000000
  19.254807305049955   39.720199399999998
  20.433355550577456   40.843882600000001
  21.659039564387733   41.745149300000001
  22.932783577231394   43.790618000000002
  24.255511819859098   34.987255500000003


# temperature  308.000000000000000
#   -0.059264949339171    4.766529789578444 -143.321989663958334 1910.652501632033136 -9494.147584918062421
  17.035421195840680   35.330510099999998
  18.122470597054591   37.935423000000000
  19.254807305049955   39.775219900000003
  20.433355550577456   40.893606599999998
  21.659039564387733   41.790342099999997
  22.932783577231394   43.824877000000001
  24.255511819859098   35.012864399999998


# temperature  309.000000000000000
#   -0.059231402083988    4.763631736006246 -143.228741740032063 1909.322277910121102 -9486.973505156985993
  17.035421195840680   35.402509999999999
  18.122470597054591   37.997884200000001
  19.254807305049955   39.829825000000000
  20.433355550577456   40.942945899999998
  21.659039564387733   41.835180100000002
  22.932783577231394   43.858861800000000
  24.255511819859098   35.038268700000003


# temperature  310.000000000000000
#   -0.059197987452592    4.760745062055127 -143.135854615382556 1907.997101485703524 -9479.826266769137874
  17.035421195840680   35.474035899999997
  18.122470597054591   38.059897399999997
  19.254807305049955   39.884018500000003
  20.433355550577456   40.991904300000002
  21.659039564387733   41.879666899999997
  22.932783577231394   43.892575399999998
  24.255511819859098   35.063470600000002


# temperature  311.000000000000000
#   -0.059164708969944    4.757870066717756 -143.043337811180265 1906.677106950681718 -9472.706577366277997
  17.035421195840680   35.545091200000002
  18.122470597054591   38.121466499999997
  19.254807305049955   39.937804300000003
  20.433355550577456   41.040485300000000
  21.659039564387733   41.923805799999997
  22.932783577231394   43.926020500000000
  24.255511819859098   35.088472099999997


# temperature  312.000000000000000
#   -0.059131561674539    4.755006335533828 -142.951178485831889 1905.362119214471022 -9465.613546133143245
  17.035421195840680   35.615679499999999
  18.122470597054591   38.182595200000002
  19.254807305049955   39.991185999999999
  20.433355550577456   41.088692700000003
  21.659039564387733   41.967600300000001
  22.932783577231394   43.959199699999999
  24.255511819859098   35.113275100000003


# temperature  313.000000000000000
#   -0.059098548838669    4.752154144801744 -142.859385396298222 1904.052261491411628 -9458.547817827720792
  17.035421195840680   35.685804099999999
  18.122470597054591   38.243287199999997
  19.254807305049955   40.044167399999999
  20.433355550577456   41.136529799999998
  21.659039564387733   42.011053699999998
  22.932783577231394   43.992115699999999
  24.255511819859098   35.137881700000001


# temperature  314.000000000000000
#   -0.059065668810041    4.749313357798651 -142.767954403417576 1902.747479315250985 -9451.509125594260695
  17.035421195840680   35.755468399999998
  18.122470597054591   38.303546300000001
  19.254807305049955   40.096752100000003
  20.433355550577456   41.184000400000002
  21.659039564387733   42.054169399999999
  22.932783577231394   44.024771100000002
  24.255511819859098   35.162293699999999


# temperature  315.000000000000000
#   -0.059032924793063    4.746484246343330 -142.676894145997863 1901.447894332482065 -9444.498105242471865
  17.035421195840680   35.824675800000001
  18.122470597054591   38.363376199999998
  19.254807305049955   40.148943799999998
  20.433355550577456   41.231107700000003
  21.659039564387733   42.096950499999998
  22.932783577231394   44.057168500000003
  24.255511819859098   35.186513200000000


# temperature  316.000000000000000
#   -0.059000314698939    4.743666626297107 -142.586198662998669 1900.153422240872032 -9437.514312639603304
  17.035421195840680   35.893429800000000
  18.122470597054591   38.422780400000001
  19.254807305049955   40.200746000000002
  20.433355550577456   41.277855299999999
  21.659039564387733   42.139400400000000
  22.932783577231394   44.089310599999997
  24.255511819859098   35.210541900000003


# temperature  317.000000000000000
#   -0.058967836939630    4.740860381428816 -142.495864893021405 1898.864029006864030 -9430.557612340970081
  17.035421195840680   35.961733600000002
  18.122470597054591   38.481762600000003
  19.254807305049955   40.252162300000002
  20.433355550577456   41.324246600000002
  21.659039564387733   42.181522200000003
  22.932783577231394   44.121199699999998
  24.255511819859098   35.234381900000002


# temperature  318.000000000000000
#   -0.058935494606487    4.738065762240940 -142.405900470640262 1897.579818205264928 -9423.628527975459292
  17.035421195840680   36.029590499999998
  18.122470597054591   38.540326299999997
  19.254807305049955   40.303196300000003
  20.433355550577456   41.370284900000001
  21.659039564387733   42.223319099999998
  22.932783577231394   44.152838500000001
  24.255511819859098   35.258034899999998


# temperature  319.000000000000000
#   -0.058903285711211    4.735282601873954 -142.316300228349377 1896.300719661572657 -9416.726702828984344
  17.035421195840680   36.097003899999997
  18.122470597054591   38.598475100000002
  19.254807305049955   40.353851300000002
  20.433355550577456   41.415973700000002
  21.659039564387733   42.264794299999998
  22.932783577231394   44.184229500000001
  24.255511819859098   35.281502799999998


# temperature  320.000000000000000
#   -0.058871211254151    4.732510992652426 -142.227067369225210 1895.026782469123646 -9409.852412669928526
  17.035421195840680   36.163977000000003
  18.122470597054591   38.656212500000002
  19.254807305049955   40.404131000000000
  20.433355550577456   41.461316099999998
  21.659039564387733   42.305950799999998
  22.932783577231394   44.215375000000002
  24.255511819859098   35.304787400000002


# temperature  321.000000000000000
#   -0.058839271089930    4.729750917620562 -142.138201262263067 1893.757996999313946 -9403.005601667746305
  17.035421195840680   36.230513100000003
  18.122470597054591   38.713541999999997
  19.254807305049955   40.454038500000003
  20.433355550577456   41.506315399999998
  21.659039564387733   42.346791699999997
  22.932783577231394   44.246277499999998
  24.255511819859098   35.327890600000003


# temperature  322.000000000000000
#   -0.058807461593607    4.727002078910616 -142.049692850405705 1892.494242315685597 -9396.185667446452499
  17.035421195840680   36.296615500000001
  18.122470597054591   38.770466900000002
  19.254807305049955   40.503577499999999
  20.433355550577456   41.550974900000000
  21.659039564387733   42.387320099999997
  22.932783577231394   44.276939300000002
  24.255511819859098   35.350814000000000


# temperature  323.000000000000000
#   -0.058775791078256    4.724265166019642 -141.961563508725106 1891.235811765238623 -9389.394109683751594
  17.035421195840680   36.362287199999997
  18.122470597054591   38.826990899999998
  19.254807305049955   40.552751100000002
  20.433355550577456   41.595297700000003
  21.659039564387733   42.427538900000002
  22.932783577231394   44.307363000000002
  24.255511819859098   35.373559499999999


# temperature  324.000000000000000
#   -0.058744249755133    4.721539369649304 -141.873788340158626 1889.982367399449231 -9382.629216571704092
  17.035421195840680   36.427531600000002
  18.122470597054591   38.883117100000000
  19.254807305049955   40.601562800000004
  20.433355550577456   41.639287099999997
  21.659039564387733   42.467451199999999
  22.932783577231394   44.337550700000001
  24.255511819859098   35.396128800000000


# temperature  325.000000000000000
#   -0.058712843869000    4.718825211932269 -141.786383665338775 1888.734135001645882 -9375.892150341584056
  17.035421195840680   36.492351800000002
  18.122470597054591   38.938849099999999
  19.254807305049955   40.650015799999998
  20.433355550577456   41.682946100000002
  21.659039564387733   42.507059699999999
  22.932783577231394   44.367504799999999
  24.255511819859098   35.418523700000001


# temperature  326.000000000000000
#   -0.058681571738837    4.716122541985801 -141.699344524058120 1887.491043444041679 -9369.182531221955287
  17.035421195840680   36.556750999999998
  18.122470597054591   38.994190000000003
  19.254807305049955   40.698113300000003
  20.433355550577456   41.726277799999998
  21.659039564387733   42.546367500000002
  22.932783577231394   44.397227700000002
  24.255511819859098   35.440745700000001


# temperature  327.000000000000000
#   -0.058650433683783    4.713431397269860 -141.612672463871490 1886.253119640810382 -9362.500523877775777
  17.035421195840680   36.620732199999999
  18.122470597054591   39.049143299999997
  19.254807305049955   40.745858499999997
  20.433355550577456   41.769285300000000
  21.659039564387733   42.585377399999999
  22.932783577231394   44.426721499999999
  24.255511819859098   35.462796599999997


# temperature  328.000000000000000
#   -0.058619426703112    4.710751530458921 -141.526359926479984 1885.020261923561065 -9355.845616615597464
  17.035421195840680   36.684298599999998
  18.122470597054591   39.103712100000003
  19.254807305049955   40.793254699999999
  20.433355550577456   41.811971600000000
  21.659039564387733   42.624092200000000
  22.932783577231394   44.455988400000003
  24.255511819859098   35.484678099999996


# temperature  329.000000000000000
#   -0.058588553506038    4.708083158290351 -141.440413418453346 1883.792557051434869 -9349.218239377360078
  17.035421195840680   36.747453299999997
  18.122470597054591   39.157899700000002
  19.254807305049955   40.840304900000000
  20.433355550577456   41.854339699999997
  21.659039564387733   42.662514799999997
  22.932783577231394   44.485030799999997
  24.255511819859098   35.506391800000003


# temperature  330.000000000000000
#   -0.058557813089835    4.705426207917893 -141.354831059076616 1882.569984895334528 -9342.618316354743001
  17.035421195840680   36.810199300000001
  18.122470597054591   39.211709399999997
  19.254807305049955   40.887012400000003
  20.433355550577456   41.896392599999999
  21.659039564387733   42.700647900000000
  22.932783577231394   44.513850699999999
  24.255511819859098   35.527939300000000


# temperature  331.000000000000000
#   -0.058527206206770    4.702780734536598 -141.269614370790350 1881.352564099415758 -9336.045929741847431
  17.035421195840680   36.872539699999997
  18.122470597054591   39.265144300000003
  19.254807305049955   40.933380100000001
  20.433355550577456   41.938133200000003
  21.659039564387733   42.738494199999998
  22.932783577231394   44.542450400000000
  24.255511819859098   35.549322199999999


# temperature  332.000000000000000
#   -0.058496731921766    4.700146664519647 -141.184761252738724 1880.140268921198412 -9329.500962537827945
  17.035421195840680   36.934477399999999
  18.122470597054591   39.318207500000000
  19.254807305049955   40.979411200000001
  20.433355550577456   41.979564400000001
  21.659039564387733   42.776056500000003
  22.932783577231394   44.570832000000003
  24.255511819859098   35.570542099999997


# temperature  333.000000000000000
#   -0.058466388756479    4.697523876802034 -141.100268030581759 1878.933050186681385 -9322.983166118514418
  17.035421195840680   36.996015600000000
  18.122470597054591   39.370902200000003
  19.254807305049955   41.025108600000003
  20.433355550577456   42.020688999999997
  21.659039564387733   42.813337400000002
  22.932783577231394   44.598997500000003
  24.255511819859098   35.591600700000001


# temperature  334.000000000000000
#   -0.058436179108244    4.694912566344896 -141.016140684894708 1877.730989755267501 -9316.492958531547629
  17.035421195840680   37.057157099999998
  18.122470597054591   39.423231500000000
  19.254807305049955   41.070475399999999
  20.433355550577456   42.061509899999997
  21.659039564387733   42.850339699999999
  22.932783577231394   44.626949099999997
  24.255511819859098   35.612499300000003


# temperature  335.000000000000000
#   -0.058406100362835    4.692312520127105 -140.932372765786113 1876.534001446034836 -9310.029907381347584
  17.035421195840680   37.117905000000000
  18.122470597054591   39.475198399999996
  19.254807305049955   41.115514500000003
  20.433355550577456   42.102029899999998
  21.659039564387733   42.887065800000002
  22.932783577231394   44.654688800000002
  24.255511819859098   35.633239600000003


# temperature  336.000000000000000
#   -0.058376152421749    4.689723730118398 -140.848964082144079 1875.342083978745222 -9303.594012081495748
  17.035421195840680   37.178262099999998
  18.122470597054591   39.526806000000001
  19.254807305049955   41.160228799999999
  20.433355550577456   42.142251799999997
  21.659039564387733   42.923518500000000
  22.932783577231394   44.682218599999999
  24.255511819859098   35.653823099999997


# temperature  337.000000000000000
#   -0.058346337515866    4.687146378124464 -140.765920194743785 1874.155312838695181 -9297.185652723295789
  17.035421195840680   37.238231399999997
  18.122470597054591   39.578057299999998
  19.254807305049955   41.204621299999999
  20.433355550577456   42.182178299999997
  21.659039564387733   42.959700300000002
  22.932783577231394   44.709540699999998
  24.255511819859098   35.674251300000002


# temperature  338.000000000000000
#   -0.058316653065275    4.684580256012543 -140.683234882886978 1872.973606249366185 -9290.804426993076049
  17.035421195840680   37.297815700000001
  18.122470597054591   39.628955200000000
  19.254807305049955   41.248694800000003
  20.433355550577456   42.221812100000001
  21.659039564387733   42.995613599999999
  22.932783577231394   44.736656900000000
  24.255511819859098   35.694525700000000


# temperature  339.000000000000000
#   -0.058287098248232    4.682025289544782 -140.600905708294022 1871.796929387704267 -9284.450148420255573
  17.035421195840680   37.357017999999997
  18.122470597054591   39.679502800000002
  19.254807305049955   41.292452099999998
  20.433355550577456   42.261156000000000
  21.659039564387733   43.031261200000003
  22.932783577231394   44.763569199999999
  24.255511819859098   35.714647700000000


# temperature  340.000000000000000
#   -0.058257676441357    4.679481761186800 -140.518941515310843 1870.625404872070021 -9278.123448470230869
  17.035421195840680   37.415841100000002
  18.122470597054591   39.729703000000001
  19.254807305049955   41.335896099999999
  20.433355550577456   42.300212500000001
  21.659039564387733   43.066645299999998
  22.932783577231394   44.790279599999998
  24.255511819859098   35.734618699999999


# temperature  341.000000000000000
#   -0.058228382783627    4.676949270226764 -140.437330026058902 1869.458866845719058 -9271.823490358692652
  17.035421195840680   37.474287799999999
  18.122470597054591   39.779558600000001
  19.254807305049955   41.379029600000003
  20.433355550577456   42.338984400000001
  21.659039564387733   43.101768499999999
  22.932783577231394   44.816789999999997
  24.255511819859098   35.754440299999999


# temperature  342.000000000000000
#   -0.058199220734544    4.674428099583107 -140.356079902255033 1868.297432789190680 -9265.550866261957708
  17.035421195840680   37.532360900000000
  18.122470597054591   39.829072500000002
  19.254807305049955   41.421855299999997
  20.433355550577456   42.377474200000002
  21.659039564387733   43.136633099999997
  22.932783577231394   44.843102399999999
  24.255511819859098   35.774113800000002


# temperature  343.000000000000000
#   -0.058170188470593    4.671918101600168 -140.275186718253678 1867.141044343840349 -9259.305287029257670
  17.035421195840680   37.590063299999997
  18.122470597054591   39.878247700000003
  19.254807305049955   41.464376000000001
  20.433355550577456   42.415684400000004
  21.659039564387733   43.171241700000003
  22.932783577231394   44.869218500000002
  24.255511819859098   35.793640699999997


# temperature  344.000000000000000
#   -0.058141284333411    4.669419134775686 -140.194646020342418 1865.989640044246926 -9253.086435469642311
  17.035421195840680   37.647397699999999
  18.122470597054591   39.927086899999999
  19.254807305049955   41.506594300000003
  20.433355550577456   42.453617800000004
  21.659039564387733   43.205596600000000
  22.932783577231394   44.895140300000001
  24.255511819859098   35.813022300000000


# temperature  345.000000000000000
#   -0.058112508956430    4.666931255371897 -140.114459691287436 1864.843247749776992 -9246.894461880387098
  17.035421195840680   37.704366800000003
  18.122470597054591   39.975592900000002
  19.254807305049955   41.548512899999999
  20.433355550577456   42.491276700000000
  21.659039564387733   43.239700100000000
  22.932783577231394   44.920869500000002
  24.255511819859098   35.832259999999998


# temperature  346.000000000000000
#   -0.058083863910088    4.664454589244388 -140.034631526824427 1863.701918393760025 -9240.729619637873839
  17.035421195840680   37.760973300000003
  18.122470597054591   40.023768400000002
  19.254807305049955   41.590134499999998
  20.433355550577456   42.528663600000002
  21.659039564387733   43.273554500000003
  22.932783577231394   44.946408099999999
  24.255511819859098   35.851355099999999


# temperature  347.000000000000000
#   -0.058055347512409    4.661988998718731 -139.955157353168971 1862.565596244871813 -9234.591628674794265
  17.035421195840680   37.817220100000000
  18.122470597054591   40.071616400000003
  19.254807305049955   41.631461700000003
  20.433355550577456   42.565781100000002
  21.659039564387733   43.307162200000000
  22.932783577231394   44.971757799999999
  24.255511819859098   35.870308999999999


# temperature  348.000000000000000
#   -0.058026958920814    4.659534414064550 -139.876035056563040 1861.434253367739529 -9228.480350263258515
  17.035421195840680   37.873109700000001
  18.122470597054591   40.119139400000002
  19.254807305049955   41.672497100000001
  20.433355550577456   42.602631600000002
  21.659039564387733   43.340525399999997
  22.932783577231394   44.996920400000000
  24.255511819859098   35.889122999999998


# temperature  349.000000000000000
#   -0.057998697509208    4.657090784505683 -139.797263126864749 1860.307870100762557 -9222.395686702757303
  17.035421195840680   37.928644800000001
  18.122470597054591   40.166340099999999
  19.254807305049955   41.713243300000002
  20.433355550577456   42.639217400000000
  21.659039564387733   43.373646399999998
  22.932783577231394   45.021897600000003
  24.255511819859098   35.907798499999998


# temperature  350.000000000000000
#   -0.057970563177611    4.654658094948304 -139.718840922315252 1859.186435575677478 -9216.337570063566091
  17.035421195840680   37.983828199999998
  18.122470597054591   40.213221300000001
  19.254807305049955   41.753702699999998
  20.433355550577456   42.675541099999997
  21.659039564387733   43.406527400000002
  22.932783577231394   45.046691199999998
  24.255511819859098   35.926336599999999


# temperature  351.000000000000000
#   -0.057942557896996    4.652236516653232 -139.640774008407902 1858.070029745324064 -9210.306425525748637
  17.035421195840680   38.038662299999999
  18.122470597054591   40.259785600000001
  19.254807305049955   41.793877999999999
  20.433355550577456   42.711604800000003
  21.659039564387733   43.439170599999997
  22.932783577231394   45.071302899999999
  24.255511819859098   35.944738800000003


# temperature  352.000000000000000
#   -0.057914676666219    4.649825630789558 -139.563049340040891 1856.958473356529566 -9204.301333072471607
  17.035421195840680   38.093149799999999
  18.122470597054591   40.306035500000000
  19.254807305049955   41.833771599999999
  20.433355550577456   42.747411100000001
  21.659039564387733   43.471578200000003
  22.932783577231394   45.095734399999998
  24.255511819859098   35.963006300000004


# temperature  353.000000000000000
#   -0.057886923383246    4.647425757727871 -139.485676763259164 1855.851900302706099 -9198.322969101251147
  17.035421195840680   38.147293400000002
  18.122470597054591   40.351973800000003
  19.254807305049955   41.873386000000004
  20.433355550577456   42.782962200000000
  21.659039564387733   43.503752300000002
  22.932783577231394   45.119987399999999
  24.255511819859098   35.981140199999999


# temperature  354.000000000000000
#   -0.057859296586383    4.645036779501490 -139.408652756368951 1854.750264399369371 -9192.371106340719052
  17.035421195840680   38.201095500000001
  18.122470597054591   40.397602999999997
  19.254807305049955   41.912723600000000
  20.433355550577456   42.818260400000000
  21.659039564387733   43.535695099999998
  22.932783577231394   45.144063600000003
  24.255511819859098   35.999141999999999


# temperature  355.000000000000000
#   -0.057831793888985    4.642658495846383 -139.331971088157928 1853.653480241460329 -9186.445306542967955
  17.035421195840680   38.254558699999997
  18.122470597054591   40.442925600000002
  19.254807305049955   41.951786800000001
  20.433355550577456   42.853307999999998
  21.659039564387733   43.567408700000001
  22.932783577231394   45.167964499999997
  24.255511819859098   36.017012700000002


# temperature  356.000000000000000
#   -0.057804418554155    4.640291177626446 -139.255640157281533 1852.561662937951951 -9180.546154983650922
  17.035421195840680   38.307685599999999
  18.122470597054591   40.487944200000001
  19.254807305049955   41.990578100000000
  20.433355550577456   42.888107099999999
  21.659039564387733   43.598895100000000
  22.932783577231394   45.191691900000002
  24.255511819859098   36.034753700000003


# temperature  357.000000000000000
#   -0.057777167331170    4.637934552018052 -139.179651468041669 1851.474695974469796 -9174.673054756740385
  17.035421195840680   38.360478700000002
  18.122470597054591   40.532661300000001
  19.254807305049955   42.029099799999997
  20.433355550577456   42.922660100000002
  21.659039564387733   43.630156499999998
  22.932783577231394   45.215247300000001
  24.255511819859098   36.052365999999999


# temperature  358.000000000000000
#   -0.057750038912437    4.635588515072973 -139.104001961307205 1850.392539737830020 -9168.825812636559931
  17.035421195840680   38.412940399999997
  18.122470597054591   40.577079300000001
  19.254807305049955   42.067354199999997
  20.433355550577456   42.956969200000003
  21.659039564387733   43.661194799999997
  22.932783577231394   45.238632299999999
  24.255511819859098   36.069851000000000


# temperature  359.000000000000000
#   -0.057723034930265    4.633253197545574 -139.028695571926448 1849.315246804085746 -9163.004688806386184
  17.035421195840680   38.465073199999999
  18.122470597054591   40.621200700000003
  19.254807305049955   42.105343699999999
  20.433355550577456   42.991036500000000
  21.659039564387733   43.692012099999999
  22.932783577231394   45.261848499999999
  24.255511819859098   36.087209700000002


# temperature  360.000000000000000
#   -0.057696155906955    4.630928642985090 -138.953733670318030 1848.242836282372309 -9157.209779893208179
  17.035421195840680   38.516879600000003
  18.122470597054591   40.665028000000000
  19.254807305049955   42.143070600000001
  20.433355550577456   43.024864100000002
  21.659039564387733   43.722610400000001
  22.932783577231394   45.284897500000000
  24.255511819859098   36.104443400000001


# temperature  361.000000000000000
#   -0.057669399564563    4.628614663283876 -138.879110498583401 1847.175230578553283 -9151.440694493872797
  17.035421195840680   38.568362000000000
  18.122470597054591   40.708563599999998
  19.254807305049955   42.180537200000003
  20.433355550577456   43.058454200000000
  21.659039564387733   43.752991700000003
  22.932783577231394   45.307780700000002
  24.255511819859098   36.121553100000000


# temperature  362.000000000000000
#   -0.057642766650032    4.626311314154673 -138.804827604845286 1846.112448578566955 -9145.697515182673669
  17.035421195840680   38.619522799999999
  18.122470597054591   40.751809799999997
  19.254807305049955   42.217745600000001
  20.433355550577456   43.091808899999997
  21.659039564387733   43.783157899999999
  22.932783577231394   45.330499799999998
  24.255511819859098   36.138539999999999


# temperature  363.000000000000000
#   -0.057616256596434    4.624018554386652 -138.730883915391985 1845.054478445686527 -9139.980193506340584
  17.035421195840680   38.670364399999997
  18.122470597054591   40.794769100000003
  19.254807305049955   42.254698099999999
  20.433355550577456   43.124930300000003
  21.659039564387733   43.813110899999998
  22.932783577231394   45.353056199999997
  24.255511819859098   36.155405299999998


# temperature  364.000000000000000
#   -0.057589867631427    4.621736232506779 -138.657274634570655 1844.001253325508515 -9134.288380215530196
  17.035421195840680   38.720889300000003
  18.122470597054591   40.837443800000003
  19.254807305049955   42.291397000000003
  20.433355550577456   43.157820500000000
  21.659039564387733   43.842852700000002
  22.932783577231394   45.375451400000003
  24.255511819859098   36.172150000000002


# temperature  365.000000000000000
#   -0.057563600623959    4.619464425718471 -138.584002334751290 1842.952811099822384 -9128.622280507061078
  17.035421195840680   38.771099599999999
  18.122470597054591   40.879836200000000
  19.254807305049955   42.327844499999998
  20.433355550577456   43.190481400000003
  21.659039564387733   43.872385199999997
  22.932783577231394   45.397686800000002
  24.255511819859098   36.188775300000003


# temperature  366.000000000000000
#   -0.057537454115950    4.617203003213695 -138.511062679620295 1841.909088573142299 -9122.981549745367374
  17.035421195840680   38.820997900000002
  18.122470597054591   40.921948600000000
  19.254807305049955   42.364042599999998
  20.433355550577456   43.222915200000003
  21.659039564387733   43.901710199999997
  22.932783577231394   45.419764000000001
  24.255511819859098   36.205282199999999


# temperature  367.000000000000000
#   -0.057511428377267    4.614951991107561 -138.438456613679108 1840.870100658256888 -9117.366272044384459
  17.035421195840680   38.870586400000001
  18.122470597054591   40.963783300000003
  19.254807305049955   42.399993500000001
  20.433355550577456   43.255123800000000
  21.659039564387733   43.930829600000003
  22.932783577231394   45.441684400000000
  24.255511819859098   36.221671899999997


# temperature  368.000000000000000
#   -0.057485523870767    4.612711428607122 -138.366185407267011 1839.835865760881461 -9111.776544849708444
  17.035421195840680   38.919867400000001
  18.122470597054591   41.005342599999999
  19.254807305049955   42.435699499999998
  20.433355550577456   43.287109200000003
  21.659039564387733   43.959745200000000
  22.932783577231394   45.463449400000002
  24.255511819859098   36.237945300000000


# temperature  369.000000000000000
#   -0.057459738380611    4.610481125612478 -138.294242999557326 1838.806298628008335 -9106.211919193174253
  17.035421195840680   38.968843200000002
  18.122470597054591   41.046628699999999
  19.254807305049955   42.471162399999997
  20.433355550577456   43.318873400000001
  21.659039564387733   43.988458899999998
  22.932783577231394   45.485060400000002
  24.255511819859098   36.254103499999999


# temperature  370.000000000000000
#   -0.057434073907713    4.608261252283515 -138.222634799304046 1837.781475209923201 -9100.672789699019631
  17.035421195840680   39.017516100000002
  18.122470597054591   41.087643900000003
  19.254807305049955   42.506384500000003
  20.433355550577456   43.350418200000000
  21.659039564387733   44.016972400000000
  22.932783577231394   45.506518800000002
  24.255511819859098   36.270147600000001


# temperature  371.000000000000000
#   -0.057408527418008    4.606051554812366 -138.151352917206339 1836.761287373177083 -9095.158602335384785
  17.035421195840680   39.065888299999997
  18.122470597054591   41.128390300000000
  19.254807305049955   42.541367800000003
  20.433355550577456   43.381745700000003
  21.659039564387733   44.045287500000001
  22.932783577231394   45.527825999999997
  24.255511819859098   36.286078600000003


# temperature  372.000000000000000
#   -0.057383098458124    4.603851993106606 -138.080396050599489 1835.745716487762138 -9089.669255432123464
  17.035421195840680   39.113962100000002
  18.122470597054591   41.168870099999999
  19.254807305049955   42.576114300000000
  20.433355550577456   43.412857700000004
  21.659039564387733   44.073405999999999
  22.932783577231394   45.548983300000003
  24.255511819859098   36.301897500000003


# temperature  373.000000000000000
#   -0.057357788257637    4.601662673923190 -138.009767669143798 1834.734812382994050 -9084.205013069067718
  17.035421195840680   39.161739599999997
  18.122470597054591   41.209085500000000
  19.254807305049955   42.610626099999998
  20.433355550577456   43.443756100000002
  21.659039564387733   44.101329499999999
  22.932783577231394   45.569992100000000
  24.255511819859098   36.317605399999998


# temperature  374.000000000000000
#   -0.057332597253861    4.599483619542404 -137.939468050883704 1833.728573394372688 -9078.765837092074435
  17.035421195840680   39.209223199999997
  18.122470597054591   41.249038700000000
  19.254807305049955   42.644905100000003
  20.433355550577456   43.474442699999997
  21.659039564387733   44.129060000000003
  22.932783577231394   45.590853799999998
  24.255511819859098   36.333203099999999


# temperature  375.000000000000000
#   -0.057307522022790    4.597314561456264 -137.869489390321888 1832.726899766880251 -9073.351252368751375
  17.035421195840680   39.256414800000002
  18.122470597054591   41.288731700000000
  19.254807305049955   42.678953399999997
  20.433355550577456   43.504919500000000
  21.659039564387733   44.156598899999999
  22.932783577231394   45.611569600000003
  24.255511819859098   36.348691799999997


# temperature  376.000000000000000
#   -0.057282562699535    4.595155496659741 -137.799831164409426 1831.729778472403495 -9067.961160093578656
  17.035421195840680   39.303316799999997
  18.122470597054591   41.328166600000003
  19.254807305049955   42.712772800000003
  20.433355550577456   43.535188200000000
  21.659039564387733   44.183948100000002
  22.932783577231394   45.632140900000003
  24.255511819859098   36.364072399999998


# temperature  377.000000000000000
#   -0.057257721886989    4.593006645326756 -137.730500345054281 1830.737307249159130 -9062.596069268052815
  17.035421195840680   39.349931200000000
  18.122470597054591   41.367345600000000
  19.254807305049955   42.746365400000002
  20.433355550577456   43.565250599999999
  21.659039564387733   44.211109200000003
  22.932783577231394   45.652569000000000
  24.255511819859098   36.379345800000003


# temperature  378.000000000000000
#   -0.057232995033116    4.590867629596123 -137.661485245091512 1829.749326321276385 -9057.255162808114619
  17.035421195840680   39.396260200000000
  18.122470597054591   41.406270700000000
  19.254807305049955   42.779733000000000
  20.433355550577456   43.595108500000002
  21.659039564387733   44.238083899999999
  22.932783577231394   45.672854999999998
  24.255511819859098   36.394513000000003


# temperature  379.000000000000000
#   -0.057208385323689    4.588738712470091 -137.592793978079982 1828.765946392135220 -9051.939001826178355
  17.035421195840680   39.442305900000001
  18.122470597054591   41.444944000000000
  19.254807305049955   42.812877600000000
  20.433355550577456   43.624763700000003
  21.659039564387733   44.264873700000003
  22.932783577231394   45.693000400000003
  24.255511819859098   36.409574999999997


# temperature  380.000000000000000
#   -0.057183890761957    4.586619723421046 -137.524421128621327 1827.787091528926112 -9046.647187353597474
  17.035421195840680   39.488070399999998
  18.122470597054591   41.483367399999999
  19.254807305049955   42.845800900000000
  20.433355550577456   43.654217899999999
  21.659039564387733   44.291480200000002
  22.932783577231394   45.713006399999998
  24.255511819859098   36.424532700000000


# temperature  381.000000000000000
#   -0.057159508799189    4.584510455018771 -137.456360431634465 1826.812678359420033 -9041.379304323683755
  17.035421195840680   39.533555800000002
  18.122470597054591   41.521543000000001
  19.254807305049955   42.878504999999997
  20.433355550577456   43.683472899999998
  21.659039564387733   44.317905199999998
  22.932783577231394   45.732874099999997
  24.255511819859098   36.439387000000004


# temperature  382.000000000000000
#   -0.057135240936023    4.582411028119665 -137.388615527612245 1825.842755369583074 -9036.135591314026897
  17.035421195840680   39.578764100000001
  18.122470597054591   41.559472800000002
  19.254807305049955   42.910991600000003
  20.433355550577456   43.712530399999999
  21.659039564387733   44.344150200000001
  22.932783577231394   45.752604800000000
  24.255511819859098   36.454138800000003


# temperature  383.000000000000000
#   -0.057111088704000    4.580321569505799 -137.321190349014387 1824.877376571106424 -9030.916323014951558
  17.035421195840680   39.623697300000003
  18.122470597054591   41.597158800000003
  19.254807305049955   42.943262599999997
  20.433355550577456   43.741392099999999
  21.659039564387733   44.370216700000000
  22.932783577231394   45.772199800000003
  24.255511819859098   36.468789000000001


# temperature  384.000000000000000
#   -0.057087048825829    4.578241806057111 -137.254076409275939 1823.916425290755569 -9025.720898255993234
  17.035421195840680   39.668357600000000
  18.122470597054591   41.634602899999997
  19.254807305049955   42.975319800000001
  20.433355550577456   43.770059600000003
  21.659039564387733   44.396106300000000
  22.932783577231394   45.791660200000003
  24.255511819859098   36.483338600000003


# temperature  385.000000000000000
#   -0.057063121369895    4.576171740907861 -137.187273748504964 1822.959901461940490 -9020.549312086624923
  17.035421195840680   39.712746899999999
  18.122470597054591   41.671807000000001
  19.254807305049955   43.007164899999999
  20.433355550577456   43.798534600000004
  21.659039564387733   44.421820500000003
  22.932783577231394   45.810987200000000
  24.255511819859098   36.497788399999997


# temperature  386.000000000000000
#   -0.057039304969434    4.574111260544432 -137.120778871138839 1822.007757646586015 -9015.401322733896450
  17.035421195840680   39.756867200000002
  18.122470597054591   41.708773000000001
  19.254807305049955   43.038799800000000
  20.433355550577456   43.826818799999998
  21.659039564387733   44.447360900000000
  22.932783577231394   45.830182000000001
  24.255511819859098   36.512139300000001


# temperature  387.000000000000000
#   -0.057015600647040    4.572060449199087 -137.054594365346190 1821.060028829271914 -9010.277103246695333
  17.035421195840680   39.800720599999998
  18.122470597054591   41.745502999999999
  19.254807305049955   43.070226099999999
  20.433355550577456   43.854913799999999
  21.659039564387733   44.472728900000000
  22.932783577231394   45.849245699999997
  24.255511819859098   36.526392199999997


# temperature  388.000000000000000
#   -0.056992007940117    4.570019265126744 -136.988718869987395 1820.116695829504351 -9005.176552792581788
  17.035421195840680   39.844308800000000
  18.122470597054591   41.781998600000001
  19.254807305049955   43.101445699999999
  20.433355550577456   43.882821200000002
  21.659039564387733   44.497926100000001
  22.932783577231394   45.868179599999998
  24.255511819859098   36.540547900000000


# temperature  389.000000000000000
#   -0.056968526500367    4.567987679699334 -136.923151510017476 1819.177746662275240 -9000.099606724383193
  17.035421195840680   39.887633999999998
  18.122470597054591   41.818261900000003
  19.254807305049955   43.132460299999998
  20.433355550577456   43.910542599999999
  21.659039564387733   44.522953899999997
  22.932783577231394   45.886984699999999
  24.255511819859098   36.554607200000000


# temperature  390.000000000000000
#   -0.056945153680957    4.565965475179853 -136.857885614957411 1818.243091028681420 -8995.045807235950633
  17.035421195840680   39.930698000000000
  18.122470597054591   41.854294600000003
  19.254807305049955   43.163271500000000
  20.433355550577456   43.938079600000002
  21.659039564387733   44.547813699999999
  22.932783577231394   45.905662100000001
  24.255511819859098   36.568571100000000


# temperature  391.000000000000000
#   -0.056921894120969    4.563953029514677 -136.792932682701718 1817.312883584286737 -8990.015927978098262
  17.035421195840680   39.973502799999999
  18.122470597054591   41.890098700000003
  19.254807305049955   43.193881099999999
  20.433355550577456   43.965433699999998
  21.659039564387733   44.572507000000002
  22.932783577231394   45.924213100000003
  24.255511819859098   36.582440300000002


# temperature  392.000000000000000
#   -0.056898740888919    4.561949768847867 -136.728275005549847 1816.386882847938978 -8985.008738928738239
  17.035421195840680   40.016050300000003
  18.122470597054591   41.925675800000000
  19.254807305049955   43.224290699999997
  20.433355550577456   43.992606500000001
  21.659039564387733   44.597035300000002
  22.932783577231394   45.942638600000002
  24.255511819859098   36.596215700000002


# temperature  393.000000000000000
#   -0.056875696443001    4.559955901049118 -136.663919154103525 1815.465180644195016 -8980.024716352763789
  17.035421195840680   40.058342300000000
  18.122470597054591   41.961027899999998
  19.254807305049955   43.254502000000002
  20.433355550577456   44.019599599999999
  21.659039564387733   44.621399900000000
  22.932783577231394   45.960939699999997
  24.255511819859098   36.609898100000002


# temperature  394.000000000000000
#   -0.056852761388384    4.557971466589811 -136.599866086332753 1814.547786050472496 -8975.063884100369251
  17.035421195840680   40.100380700000002
  18.122470597054591   41.996156599999999
  19.254807305049955   43.284516600000003
  20.433355550577456   44.046414300000002
  21.659039564387733   44.645602300000000
  22.932783577231394   45.979117600000002
  24.255511819859098   36.623488299999998


# temperature  395.000000000000000
#   -0.056829934688257    4.555996380844294 -136.536113250288963 1813.634665231682675 -8970.126073409463061
  17.035421195840680   40.142167399999998
  18.122470597054591   42.031063799999998
  19.254807305049955   43.314336200000000
  20.433355550577456   44.073052400000002
  21.659039564387733   44.669643800000003
  22.932783577231394   45.997173400000001
  24.255511819859098   36.636986999999998


# temperature  396.000000000000000
#   -0.056807215409509    4.554030568305811 -136.472658362362523 1812.725787464181622 -8965.211127083422980
  17.035421195840680   40.183704200000001
  18.122470597054591   42.065751200000001
  19.254807305049955   43.343962300000001
  20.433355550577456   44.099515099999998
  21.659039564387733   44.693525800000003
  22.932783577231394   46.015107999999998
  24.255511819859098   36.650395199999998


# temperature  397.000000000000000
#   -0.056784601212085    4.552073830707791 -136.409495187250116 1811.821066329901214 -8960.318597471536123
  17.035421195840680   40.224992999999998
  18.122470597054591   42.100220499999999
  19.254807305049955   43.373396600000000
  20.433355550577456   44.125804100000003
  21.659039564387733   44.717249700000004
  22.932783577231394   46.032922499999998
  24.255511819859098   36.663713500000000


# temperature  398.000000000000000
#   -0.056762095153029    4.550126421748111 -136.346631585130268 1810.920609441197485 -8955.449031780883161
  17.035421195840680   40.266035500000001
  18.122470597054591   42.134473499999999
  19.254807305049955   43.402640599999998
  20.433355550577456   44.151920799999999
  21.659039564387733   44.740816700000003
  22.932783577231394   46.050618000000000
  24.255511819859098   36.676942699999998


# temperature  399.000000000000000
#   -0.056739696035918    4.548188239708171 -136.284064334574680 1810.024371632433486 -8950.602191449459497
  17.035421195840680   40.306833599999997
  18.122470597054591   42.168511899999999
  19.254807305049955   43.431695900000001
  20.433355550577456   44.177866500000000
  21.659039564387733   44.764228299999999
  22.932783577231394   46.068195500000002
  24.255511819859098   36.690083700000002


# temperature  400.000000000000000
#   -0.056717399737221    4.546258940759928 -136.221782763860546 1809.132206643096424 -8945.777327524490829
  17.035421195840680   40.347389100000001
  18.122470597054591   42.202337300000003
  19.254807305049955   43.460563999999998
  20.433355550577456   44.203642799999997
  21.659039564387733   44.787485799999999
  22.932783577231394   46.085655899999999
  24.255511819859098   36.703137099999999


# temperature  401.000000000000000
#   -0.056695211409793    4.544338952928597 -136.159800142345716 1808.244296296259790 -8940.975367103119424
  17.035421195840680   40.387703600000002
  18.122470597054591   42.235951399999998
  19.254807305049955   43.489246500000000
  20.433355550577456   44.229250999999998
  21.659039564387733   44.810590300000001
  22.932783577231394   46.103000399999999
  24.255511819859098   36.716103699999998


# temperature  402.000000000000000
#   -0.056673125035539    4.542427775779417 -136.098100955226954 1807.360427918828691 -8936.195220466070168
  17.035421195840680   40.427779100000002
  18.122470597054591   42.269355900000001
  19.254807305049955   43.517744899999997
  20.433355550577456   44.254692599999998
  21.659039564387733   44.833543300000002
  22.932783577231394   46.120229799999997
  24.255511819859098   36.728984300000000


# temperature  403.000000000000000
#   -0.056651142970239    4.540525599383348 -136.036690942481215 1806.480678328098747 -8931.437270208918562
  17.035421195840680   40.467617099999998
  18.122470597054591   42.302552400000003
  19.254807305049955   43.546060599999997
  20.433355550577456   44.279969000000001
  21.659039564387733   44.856346100000003
  22.932783577231394   46.137345199999999
  24.255511819859098   36.741779500000000


# temperature  404.000000000000000
#   -0.056629265931842    4.538632490751199 -135.975572402661697 1805.605081794615671 -8926.701702128511897
  17.035421195840680   40.507219399999997
  18.122470597054591   42.335542599999997
  19.254807305049955   43.574195300000000
  20.433355550577456   44.305081399999999
  21.659039564387733   44.878999800000003
  22.932783577231394   46.154347500000000
  24.255511819859098   36.754490199999999


# temperature  405.000000000000000
#   -0.056607491549151    4.536748240430600 -135.914738470206515 1804.733539193384331 -8921.987982320732044
  17.035421195840680   40.546587899999999
  18.122470597054591   42.368327999999998
  19.254807305049955   43.602150299999998
  20.433355550577456   44.330031300000002
  21.659039564387733   44.901505700000001
  22.932783577231394   46.171237800000000
  24.255511819859098   36.767116999999999


# temperature  406.000000000000000
#   -0.056585820670574    4.534872928440040 -135.854191935479321 1803.866093066355916 -8917.296348447051059
  17.035421195840680   40.585723999999999
  18.122470597054591   42.400910300000000
  19.254807305049955   43.629927100000003
  20.433355550577456   44.354819999999997
  21.659039564387733   44.923864999999999
  22.932783577231394   46.188016900000001
  24.255511819859098   36.779660700000001


# temperature  407.000000000000000
#   -0.056564250357252    4.533006300201446 -135.793924598956465 1803.002626904994258 -8912.626182307953059
  17.035421195840680   40.624629599999999
  18.122470597054591   42.433290999999997
  19.254807305049955   43.657527100000003
  20.433355550577456   44.379448900000000
  21.659039564387733   44.946079099999999
  22.932783577231394   46.204685800000000
  24.255511819859098   36.792121899999998


# temperature  408.000000000000000
#   -0.056542780685037    4.531148368664159 -135.733937075422460 1802.143152009700088 -8907.977554036213405
  17.035421195840680   40.663306300000002
  18.122470597054591   42.465471700000002
  19.254807305049955   43.684951900000002
  20.433355550577456   44.403919299999998
  21.659039564387733   44.968149099999998
  22.932783577231394   46.221245400000001
  24.255511819859098   36.804501399999999


# temperature  409.000000000000000
#   -0.056521414997486    4.529299404588256 -135.674237541869871 1801.287777412315336 -8903.351003392921484
  17.035421195840680   40.701755700000000
  18.122470597054591   42.497453999999998
  19.254807305049955   43.712202699999999
  20.433355550577456   44.428232399999999
  21.659039564387733   44.990076100000003
  22.932783577231394   46.237696700000001
  24.255511819859098   36.816799799999998


# temperature  410.000000000000000
#   -0.056500149217709    4.527459067811064 -135.614815428176200 1800.436358019476984 -8898.745786028635848
  17.035421195840680   40.739979599999998
  18.122470597054591   42.529239400000002
  19.254807305049955   43.739281099999999
  20.433355550577456   44.452389599999997
  21.659039564387733   45.011861500000002
  22.932783577231394   46.254040600000003
  24.255511819859098   36.829017800000003


# temperature  411.000000000000000
#   -0.056478986021067    4.525627585254922 -135.555677913279112 1799.588994096387751 -8894.162421757104312
  17.035421195840680   40.777979400000000
  18.122470597054591   42.560829499999997
  19.254807305049955   43.766188399999997
  20.433355550577456   44.476392099999998
  21.659039564387733   45.033506299999999
  22.932783577231394   46.270277999999998
  24.255511819859098   36.841156200000000


# temperature  412.000000000000000
#   -0.056457918653378    4.523804387932856 -135.496807131040612 1798.745437710754004 -8889.599625790915525
  17.035421195840680   40.815756999999998
  18.122470597054591   42.592225599999999
  19.254807305049955   43.792925900000000
  20.433355550577456   44.500241299999999
  21.659039564387733   45.055011700000001
  22.932783577231394   46.286409700000000
  24.255511819859098   36.853215499999997


# temperature  413.000000000000000
#   -0.056436952740785    4.521989946247537 -135.438217766279507 1797.905891562654915 -8885.058439904985789
  17.035421195840680   40.853313800000002
  18.122470597054591   42.623429500000000
  19.254807305049955   43.819495099999997
  20.433355550577456   44.523938299999998
  21.659039564387733   45.076379000000003
  22.932783577231394   46.302436600000000
  24.255511819859098   36.865196400000002


# temperature  414.000000000000000
#   -0.056416085573836    4.520184032266100 -135.379902669171855 1797.070256469521610 -8880.538349170905349
  17.035421195840680   40.890651400000003
  18.122470597054591   42.654442400000001
  19.254807305049955   43.845897299999997
  20.433355550577456   44.547484500000003
  21.659039564387733   45.097609100000000
  22.932783577231394   46.318359800000003
  24.255511819859098   36.877099700000002


# temperature  415.000000000000000
#   -0.056395317344658    4.518386658920337 -135.321862158050067 1796.238535650194763 -8876.039362051802527
  17.035421195840680   40.927771499999999
  18.122470597054591   42.685265999999999
  19.254807305049955   43.872133800000000
  20.433355550577456   44.570881000000000
  21.659039564387733   45.118703300000000
  22.932783577231394   46.334179900000002
  24.255511819859098   36.888925800000003


# temperature  416.000000000000000
#   -0.056374645736868    4.516597633867516 -135.264090278170954 1795.410647574615496 -8871.561060439529683
  17.035421195840680   40.964675600000000
  18.122470597054591   42.715901600000002
  19.254807305049955   43.898205900000001
  20.433355550577456   44.594129100000004
  21.659039564387733   45.139662700000002
  22.932783577231394   46.349897900000002
  24.255511819859098   36.900675600000000


# temperature  417.000000000000000
#   -0.056354071430489    4.514817015367312 -135.206588908209227 1794.586619089137457 -8867.103585728527833
  17.035421195840680   41.001365200000002
  18.122470597054591   42.746350700000001
  19.254807305049955   43.924115100000002
  20.433355550577456   44.617229999999999
  21.659039564387733   45.160488399999998
  22.932783577231394   46.365514599999997
  24.255511819859098   36.912349599999999


# temperature  418.000000000000000
#   -0.056333593781308    4.513044743864019 -135.149356014716005 1793.766419648810825 -8862.666765895864955
  17.035421195840680   41.037841899999997
  18.122470597054591   42.776614700000003
  19.254807305049955   43.949862500000002
  20.433355550577456   44.640184800000000
  21.659039564387733   45.181181500000001
  22.932783577231394   46.381030799999998
  24.255511819859098   36.923948400000000


# temperature  419.000000000000000
#   -0.056313215087587    4.511281013689619 -135.092397729471685 1792.950134688923754 -8858.251042566038450
  17.035421195840680   41.074107200000000
  18.122470597054591   42.806695200000000
  19.254807305049955   43.975449500000003
  20.433355550577456   44.662994800000000
  21.659039564387733   45.201743000000000
  22.932783577231394   46.396447500000001
  24.255511819859098   36.935472799999999


# temperature  420.000000000000000
#   -0.056292931558947    4.509525501743730 -135.035703799170534 1792.137620535639826 -8853.855664043871002
  17.035421195840680   41.110162699999997
  18.122470597054591   42.836593399999998
  19.254807305049955   44.000877299999999
  20.433355550577456   44.685661099999997
  21.659039564387733   45.222174099999997
  22.932783577231394   46.411765400000000
  24.255511819859098   36.946923200000001


# temperature  421.000000000000000
#   -0.056272742971934    4.507778194616034 -134.979273972786928 1791.328875944642505 -8849.480633104929439
  17.035421195840680   41.146009800000002
  18.122470597054591   42.866310700000000
  19.254807305049955   44.026147199999997
  20.433355550577456   44.708184899999999
  21.659039564387733   45.242475700000000
  22.932783577231394   46.426985299999998
  24.255511819859098   36.958300299999998


# temperature  422.000000000000000
#   -0.056252648732104    4.506039040601960 -134.923106592046167 1790.523877538217675 -8845.125825664401418
  17.035421195840680   41.181649999999998
  18.122470597054591   42.895848600000001
  19.254807305049955   44.051260499999998
  20.433355550577456   44.730567399999998
  21.659039564387733   45.262649099999997
  22.932783577231394   46.442107999999998
  24.255511819859098   36.969604699999998


# temperature  423.000000000000000
#   -0.056232651454904    4.504308251761365 -134.867208059221554 1789.722710515718290 -8840.791661773182568
  17.035421195840680   41.217084800000002
  18.122470597054591   42.925208400000002
  19.254807305049955   44.076218400000002
  20.433355550577456   44.752809599999999
  21.659039564387733   45.282695199999999
  22.932783577231394   46.457134500000002
  24.255511819859098   36.980837100000002


# temperature  424.000000000000000
#   -0.056212746002473    4.502585406811185 -134.811565504523713 1788.925201137069962 -8836.477265036057361
  17.035421195840680   41.252315699999997
  18.122470597054591   42.954391500000000
  19.254807305049955   44.101022100000002
  20.433355550577456   44.774912800000003
  21.659039564387733   45.302615000000003
  22.932783577231394   46.472065299999997
  24.255511819859098   36.991998000000002


# temperature  425.000000000000000
#   -0.056192935233296    4.500870733531253 -134.756185694889325 1788.131438140365390 -8832.183067208105058
  17.035421195840680   41.287344200000000
  18.122470597054591   42.983399200000001
  19.254807305049955   44.125672899999998
  20.433355550577456   44.796878000000000
  21.659039564387733   45.322409600000000
  22.932783577231394   46.486901400000001
  24.255511819859098   37.003087899999997


# temperature  426.000000000000000
#   -0.056173219285565    4.499164248138666 -134.701069280463372 1787.341432348289800 -8827.909131197455281
  17.035421195840680   41.322171599999997
  18.122470597054591   43.012232900000001
  19.254807305049955   44.150171899999997
  20.433355550577456   44.818706300000002
  21.659039564387733   45.342079900000002
  22.932783577231394   46.501643500000000
  24.255511819859098   37.014107500000001


# temperature  427.000000000000000
#   -0.056153595909857    4.497465757411629 -134.646210081640589 1786.555096450509154 -8823.654995581853655
  17.035421195840680   41.356799500000001
  18.122470597054591   43.040893900000000
  19.254807305049955   44.174520299999998
  20.433355550577456   44.840398800000003
  21.659039564387733   45.361627100000000
  22.932783577231394   46.516292399999998
  24.255511819859098   37.025057400000001


# temperature  428.000000000000000
#   -0.056134063672446    4.495775148715628 -134.591604827721625 1785.772388789241859 -8819.420462602512998
  17.035421195840680   41.391229099999997
  18.122470597054591   43.069383400000000
  19.254807305049955   44.198719400000002
  20.433355550577456   44.861956700000000
  21.659039564387733   45.381051999999997
  22.932783577231394   46.530848800000001
  24.255511819859098   37.035938100000003


# temperature  429.000000000000000
#   -0.056114622623642    4.494092418073211 -134.537253141195890 1784.993300594667289 -8815.205466892446566
  17.035421195840680   41.425462000000003
  18.122470597054591   43.097702800000000
  19.254807305049955   44.222770300000001
  20.433355550577456   44.883381000000000
  21.659039564387733   45.400355800000000
  22.932783577231394   46.545313499999999
  24.255511819859098   37.046750199999998


# temperature  430.000000000000000
#   -0.056095273863541    4.492417657639812 -134.483157898108857 1784.217871364097618 -8811.010208210538622
  17.035421195840680   41.459499600000001
  18.122470597054591   43.125853399999997
  19.254807305049955   44.246674100000000
  20.433355550577456   44.904672699999999
  21.659039564387733   45.419539200000003
  22.932783577231394   46.559687199999999
  24.255511819859098   37.057494200000001


# temperature  431.000000000000000
#   -0.056076015205513    4.490750684451055 -134.429313400981215 1783.446022778021870 -8806.834284103710161
  17.035421195840680   41.493343199999998
  18.122470597054591   43.153836400000003
  19.254807305049955   44.270432000000000
  20.433355550577456   44.925832900000003
  21.659039564387733   45.438603399999998
  22.932783577231394   46.573970699999997
  24.255511819859098   37.068170799999997


# temperature  432.000000000000000
#   -0.056056849944035    4.489091773665593 -134.375728236686371 1782.677873350751725 -8802.678303129121559
  17.035421195840680   41.526994100000003
  18.122470597054591   43.181653200000000
  19.254807305049955   44.294045300000001
  20.433355550577456   44.946862699999997
  21.659039564387733   45.457549200000003
  22.932783577231394   46.588164800000001
  24.255511819859098   37.078780399999999


# temperature  433.000000000000000
#   -0.056037771965614    4.487440409875389 -134.322386187708389 1781.913197300400952 -8798.541090587856161
  17.035421195840680   41.560453899999999
  18.122470597054591   43.209304899999999
  19.254807305049955   44.317514799999998
  20.433355550577456   44.967762999999998
  21.659039564387733   45.476377700000000
  22.932783577231394   46.602269999999997
  24.255511819859098   37.089323600000000


# temperature  434.000000000000000
#   -0.056018785528062    4.485796949573044 -134.269298411775850 1781.152149223765946 -8794.423444824969920
  17.035421195840680   41.593723699999998
  18.122470597054591   43.236792800000003
  19.254807305049955   44.340841900000001
  20.433355550577456   44.988534999999999
  21.659039564387733   45.495089700000001
  22.932783577231394   46.616287300000003
  24.255511819859098   37.099800899999998


# temperature  435.000000000000000
#   -0.055999888502995    4.484161214000808 -134.216459304823985 1780.394651278075344 -8790.324960072148315
  17.035421195840680   41.626804999999997
  18.122470597054591   43.264118199999999
  19.254807305049955   44.364027600000000
  20.433355550577456   45.009179600000003
  21.659039564387733   45.513686200000002
  22.932783577231394   46.630217199999997
  24.255511819859098   37.110212799999999


# temperature  436.000000000000000
#   -0.055981077974945    4.482532959727712 -134.163861284242927 1779.640598964293986 -8786.245097338465712
  17.035421195840680   41.659699199999999
  18.122470597054591   43.291282199999998
  19.254807305049955   44.387073000000001
  20.433355550577456   45.029697900000002
  21.659039564387733   45.532168100000000
  22.932783577231394   46.644060500000002
  24.255511819859098   37.120559999999998


# temperature  437.000000000000000
#   -0.055962357443043    4.480912478595753 -134.111513440232045 1778.890117473555392 -8782.184498273863937
  17.035421195840680   41.692407400000000
  18.122470597054591   43.318286100000002
  19.254807305049955   44.409979200000002
  20.433355550577456   45.050090699999998
  21.659039564387733   45.550536299999997
  22.932783577231394   46.657817799999997
  24.255511819859098   37.130842899999998


# temperature  438.000000000000000
#   -0.055943723901468    4.479299516906058 -134.059407798133947 1778.143096077656537 -8778.142588393195183
  17.035421195840680   41.724930999999998
  18.122470597054591   43.345131000000002
  19.254807305049955   44.432747300000003
  20.433355550577456   45.070359199999999
  21.659039564387733   45.568791699999998
  22.932783577231394   46.671489899999997
  24.255511819859098   37.141061999999998


# temperature  439.000000000000000
#   -0.055925178376205    4.477694154322801 -134.007546653520478 1777.399563745907017 -8774.119501026509170
  17.035421195840680   41.757271400000000
  18.122470597054591   43.371818200000000
  19.254807305049955   44.455378300000000
  20.433355550577456   45.090504299999999
  21.659039564387733   45.586935300000000
  22.932783577231394   46.685077499999998
  24.255511819859098   37.151217799999998


# temperature  440.000000000000000
#   -0.055906721224531    4.476096426635439 -133.955931301966785 1776.659540621217275 -8770.115348981629722
  17.035421195840680   41.789429800000001
  18.122470597054591   43.398348900000002
  19.254807305049955   44.477873299999999
  20.433355550577456   45.110526900000004
  21.659039564387733   45.604967799999997
  22.932783577231394   46.698581200000000
  24.255511819859098   37.161310899999997


# temperature  441.000000000000000
#   -0.055888348811600    4.474506030157603 -133.904552297682812 1775.922897008884775 -8766.129467646071134
  17.035421195840680   41.821407399999998
  18.122470597054591   43.424724099999999
  19.254807305049955   44.500233399999999
  20.433355550577456   45.130428100000003
  21.659039564387733   45.622890200000001
  22.932783577231394   46.712001700000002
  24.255511819859098   37.171341800000000


# temperature  442.000000000000000
#   -0.055870062699686    4.472923085384385 -133.853413081983661 1775.189675856410759 -8762.162052563684483
  17.035421195840680   41.853205699999997
  18.122470597054591   43.450945099999998
  19.254807305049955   44.522459499999997
  20.433355550577456   45.150208700000000
  21.659039564387733   45.640703400000000
  22.932783577231394   46.725339599999998
  24.255511819859098   37.181310799999999


# temperature  443.000000000000000
#   -0.055851862271313    4.471347549822192 -133.802512620373932 1774.459866915652583 -8758.213070307383532
  17.035421195840680   41.884825700000000
  18.122470597054591   43.477012999999999
  19.254807305049955   44.544552799999998
  20.433355550577456   45.169869800000001
  21.659039564387733   45.658408199999997
  22.932783577231394   46.738595699999998
  24.255511819859098   37.191218700000000


# temperature  444.000000000000000
#   -0.055833746189939    4.469779303633440 -133.751846924204926 1773.733411624586097 -8754.282199382920226
  17.035421195840680   41.916268899999999
  18.122470597054591   43.502928900000001
  19.254807305049955   44.566514200000000
  20.433355550577456   45.189412200000000
  21.659039564387733   45.676005400000001
  22.932783577231394   46.751770499999999
  24.255511819859098   37.201065700000001


# temperature  445.000000000000000
#   -0.055815716029633    4.468218481449532 -133.701420289704998 1773.010370524434620 -8750.369756348554802
  17.035421195840680   41.947536300000003
  18.122470597054591   43.528694000000002
  19.254807305049955   44.588344700000000
  20.433355550577456   45.208836800000000
  21.659039564387733   45.693495900000002
  22.932783577231394   46.764864699999997
  24.255511819859098   37.210852500000001


# temperature  446.000000000000000
#   -0.055797770157893    4.466664942988511 -133.651228244463084 1772.290680795879098 -8746.475411640722086
  17.035421195840680   41.978629200000000
  18.122470597054591   43.554309400000001
  19.254807305049955   44.610045399999997
  20.433355550577456   45.228144700000001
  21.659039564387733   45.710880600000003
  22.932783577231394   46.777878999999999
  24.255511819859098   37.220579399999998


# temperature  447.000000000000000
#   -0.055779908725234    4.465118703244516 -133.601271311032377 1771.574350024365458 -8742.599202989093101
  17.035421195840680   42.009548899999999
  18.122470597054591   43.579776199999998
  19.254807305049955   44.631617300000002
  20.433355550577456   45.247336599999997
  21.659039564387733   45.728160199999998
  22.932783577231394   46.790813999999997
  24.255511819859098   37.230247100000000


# temperature  448.000000000000000
#   -0.055762130935729    4.463579687532113 -133.551546926744379 1770.861339852797983 -8738.740917244382217
  17.035421195840680   42.040296599999998
  18.122470597054591   43.605095499999997
  19.254807305049955   44.653061200000003
  20.433355550577456   45.266413499999999
  21.659039564387733   45.745335599999997
  22.932783577231394   46.803670300000000
  24.255511819859098   37.239855800000001


# temperature  449.000000000000000
#   -0.055744435967571    4.462047833119119 -133.502053323118162 1770.151628414918605 -8734.900453127094806
  17.035421195840680   42.070873400000004
  18.122470597054591   43.630268299999997
  19.254807305049955   44.674378300000001
  20.433355550577456   45.285376200000002
  21.659039564387733   45.762407600000003
  22.932783577231394   46.816448500000000
  24.255511819859098   37.249406100000002


# temperature  450.000000000000000
#   -0.055726822781796    4.460523049600103 -133.452787572821478 1769.445173814884356 -8731.077585683753568
  17.035421195840680   42.101280600000003
  18.122470597054591   43.655295799999998
  19.254807305049955   44.695569399999997
  20.433355550577456   45.304225799999998
  21.659039564387733   45.779376999999997
  22.932783577231394   46.829149299999997
  24.255511819859098   37.258898500000001


# temperature  451.000000000000000
#   -0.055709292371040    4.459005418777536 -133.403752190940708 1768.742010145904260 -8727.272485531173515
  17.035421195840680   42.131519300000001
  18.122470597054591   43.680179000000003
  19.254807305049955   44.716635500000002
  20.433355550577456   45.322962900000000
  21.659039564387733   45.796244600000001
  22.932783577231394   46.841773199999999
  24.255511819859098   37.268333400000003


# temperature  452.000000000000000
#   -0.055691843082256    4.457494803184395 -133.354942923054040 1768.042079248760501 -8723.484854970138258
  17.035421195840680   42.161590699999998
  18.122470597054591   43.704918999999997
  19.254807305049955   44.737577600000002
  20.433355550577456   45.341588600000001
  21.659039564387733   45.813011199999998
  22.932783577231394   46.854320899999998
  24.255511819859098   37.277711300000000


# temperature  453.000000000000000
#   -0.055674477815259    4.455991438314353 -133.306366893203659 1767.345476164423644 -8719.715164427258060
  17.035421195840680   42.191496000000001
  18.122470597054591   43.729516900000000
  19.254807305049955   44.758396599999998
  20.433355550577456   45.360103500000001
  21.659039564387733   45.829677599999997
  22.932783577231394   46.866793000000001
  24.255511819859098   37.287032600000003


# temperature  454.000000000000000
#   -0.055657191546664    4.454494909361398 -133.258011345661146 1766.652027707644265 -8715.962536752700544
  17.035421195840680   42.221236200000000
  18.122470597054591   43.753973600000002
  19.254807305049955   44.779093400000001
  20.433355550577456   45.378508699999998
  21.659039564387733   45.846244599999999
  22.932783577231394   46.879190000000001
  24.255511819859098   37.296297699999997


# temperature  455.000000000000000
#   -0.055639985293959    4.453005302804912 -133.209879002748011 1765.961771392073388 -8712.227161528460783
  17.035421195840680   42.250812600000003
  18.122470597054591   43.778290200000001
  19.254807305049955   44.799669000000002
  20.433355550577456   45.396804899999999
  21.659039564387733   45.862712799999997
  22.932783577231394   46.891512499999997
  24.255511819859098   37.305507200000001


# temperature  456.000000000000000
#   -0.055622861209057    4.451522786846209 -133.161974766702428 1765.274770296441147 -8708.509339866133814
  17.035421195840680   42.280226300000002
  18.122470597054591   43.802467800000002
  19.254807305049955   44.820124200000002
  20.433355550577456   45.414993000000003
  21.659039564387733   45.879083100000003
  22.932783577231394   46.903761199999998
  24.255511819859098   37.314661299999997


# temperature  457.000000000000000
#   -0.055605814040801    4.450046930329949 -133.114285430515679 1764.590845458580816 -8704.808165333703073
  17.035421195840680   42.309478499999997
  18.122470597054591   43.826507300000003
  19.254807305049955   44.840460000000000
  20.433355550577456   45.433073800000003
  21.659039564387733   45.895356300000003
  22.932783577231394   46.915936500000001
  24.255511819859098   37.323760600000000


# temperature  458.000000000000000
#   -0.055588847130774    4.448578010449246 -133.066819578912543 1763.910114439565405 -8701.124237360452753
  17.035421195840680   42.338570099999998
  18.122470597054591   43.850409700000000
  19.254807305049955   44.860677299999999
  20.433355550577456   45.451048100000001
  21.659039564387733   45.911532999999999
  22.932783577231394   46.928039099999999
  24.255511819859098   37.332805499999999


# temperature  459.000000000000000
#   -0.055571960260886    4.447116002792728 -133.019576260540646 1763.232561450609637 -8697.457459435087003
  17.035421195840680   42.367502399999999
  18.122470597054591   43.874176100000000
  19.254807305049955   44.880777000000002
  20.433355550577456   45.468916700000001
  21.659039564387733   45.927614100000000
  22.932783577231394   46.940069600000001
  24.255511819859098   37.341796400000000


# temperature  460.000000000000000
#   -0.055555151254142    4.445660731370370 -132.972550177468861 1762.558116011045968 -8693.807480654217215
  17.035421195840680   42.396276399999998
  18.122470597054591   43.897807499999999
  19.254807305049955   44.900759899999997
  20.433355550577456   45.486680499999999
  21.659039564387733   45.943600199999999
  22.932783577231394   46.952028400000003
  24.255511819859098   37.350733699999999


# temperature  461.000000000000000
#   -0.055538419593363    4.444212147140585 -132.925739621005818 1761.886752074669857 -8690.174153202317029
  17.035421195840680   42.424893200000000
  18.122470597054591   43.921304700000000
  19.254807305049955   44.920626900000002
  20.433355550577456   45.504340200000001
  21.659039564387733   45.959492099999999
  22.932783577231394   46.963916200000000
  24.255511819859098   37.359617900000003


# temperature  462.000000000000000
#   -0.055521767246638    4.442770413818057 -132.879149670850126 1761.218539186535054 -8686.557830140385704
  17.035421195840680   42.453353900000003
  18.122470597054591   43.944668900000003
  19.254807305049955   44.940378799999998
  20.433355550577456   45.521896499999997
  21.659039564387733   45.975290500000000
  22.932783577231394   46.975733400000003
  24.255511819859098   37.368449300000002


# temperature  463.000000000000000
#   -0.055505191267534    4.441335288998605 -132.832772897242990 1760.553376730575110 -8682.958002283236056
  17.035421195840680   42.481659600000000
  18.122470597054591   43.967900899999997
  19.254807305049955   44.960016699999997
  20.433355550577456   45.539350399999996
  21.659039564387733   45.990996000000003
  22.932783577231394   46.987480699999999
  24.255511819859098   37.377228400000000


# temperature  464.000000000000000
#   -0.055488692022100    4.439906796433314 -132.786609832659252 1759.891269183902750 -8679.374676920895581
  17.035421195840680   42.509811300000003
  18.122470597054591   43.991001699999998
  19.254807305049955   44.979541200000000
  20.433355550577456   45.556702500000000
  21.659039564387733   46.006609500000003
  22.932783577231394   46.999158500000000
  24.255511819859098   37.385955500000001


# temperature  465.000000000000000
#   -0.055472268471595    4.438484847446277 -132.740657658240167 1759.232176938004613 -8675.807645352984764
  17.035421195840680   42.537810100000002
  18.122470597054591   44.013972199999998
  19.254807305049955   44.998953200000003
  20.433355550577456   45.573953699999997
  21.659039564387733   46.022131700000003
  22.932783577231394   47.010767500000000
  24.255511819859098   37.394631099999998


# temperature  466.000000000000000
#   -0.055455923179781    4.437069657877731 -132.694923144324690 1758.576193628239935 -8672.257387954183287
  17.035421195840680   42.565657100000003
  18.122470597054591   44.036813500000001
  19.254807305049955   45.018253600000001
  20.433355550577456   45.591104600000001
  21.659039564387733   46.037563100000000
  22.932783577231394   47.022308099999997
  24.255511819859098   37.403255500000000


# temperature  467.000000000000000
#   -0.055439652114680    4.435660894302972 -132.649396017899505 1757.923179449900999 -8668.723194662292372
  17.035421195840680   42.593353200000003
  18.122470597054591   44.059526400000003
  19.254807305049955   45.037443199999998
  20.433355550577456   45.608156100000002
  21.659039564387733   46.052904499999997
  22.932783577231394   47.033780800000002
  24.255511819859098   37.411829200000000


# temperature  468.000000000000000
#   -0.055423456067443    4.434258615543574 -132.604077889656480 1757.273153516802722 -8665.205146729582339
  17.035421195840680   42.620899500000000
  18.122470597054591   44.082111800000000
  19.254807305049955   45.056522800000003
  20.433355550577456   45.625108900000001
  21.659039564387733   46.068156600000002
  22.932783577231394   47.045186200000003
  24.255511819859098   37.420352500000000


# temperature  469.000000000000000
#   -0.055407335904357    4.432862892986197 -132.558970954640216 1756.626145590224041 -8661.703393086636424
  17.035421195840680   42.648296999999999
  18.122470597054591   44.104570699999996
  19.254807305049955   45.075493199999997
  20.433355550577456   45.641963699999998
  21.659039564387733   46.083320100000002
  22.932783577231394   47.056524799999998
  24.255511819859098   37.428825799999998


# temperature  470.000000000000000
#   -0.055391289855689    4.431473583859697 -132.514070913808524 1755.982098304155443 -8658.217646216444336
  17.035421195840680   42.675546799999999
  18.122470597054591   44.126904000000003
  19.254807305049955   45.094355299999997
  20.433355550577456   45.658721300000003
  21.659039564387733   46.098395500000002
  22.932783577231394   47.067797100000000
  24.255511819859098   37.437249600000001


# temperature  471.000000000000000
#   -0.055375317110787    4.430090612282163 -132.469375168920749 1755.340972885666588 -8654.747691840932021
  17.035421195840680   42.702649800000003
  18.122470597054591   44.149112500000001
  19.254807305049955   45.113109799999997
  20.433355550577456   45.675382399999997
  21.659039564387733   46.113383700000000
  22.932783577231394   47.079003600000000
  24.255511819859098   37.445624100000003


# temperature  472.000000000000000
#   -0.055359419082593    4.428714099211895 -132.424887570724138 1754.702823260106697 -8651.293809081926156
  17.035421195840680   42.729607000000001
  18.122470597054591   44.171197200000002
  19.254807305049955   45.131757499999999
  20.433355550577456   45.691947599999999
  21.659039564387733   46.128285200000001
  22.932783577231394   47.090144700000003
  24.255511819859098   37.453949700000003


# temperature  473.000000000000000
#   -0.055343593472832    4.427343848934499 -132.380601907449517 1754.067562297964287 -8647.855541241107858
  17.035421195840680   42.756419500000000
  18.122470597054591   44.193158900000000
  19.254807305049955   45.150299199999999
  20.433355550577456   45.708417799999999
  21.659039564387733   46.143100699999998
  22.932783577231394   47.101221099999997
  24.255511819859098   37.462226899999997


# temperature  474.000000000000000
#   -0.055327841762330    4.425979986887887 -132.336522147996675 1753.435245492428066 -8644.433176488555546
  17.035421195840680   42.783088100000001
  18.122470597054591   44.214998500000000
  19.254807305049955   45.168735699999999
  20.433355550577456   45.724793599999998
  21.659039564387733   46.157830799999999
  22.932783577231394   47.112233199999999
  24.255511819859098   37.470455999999999


# temperature  475.000000000000000
#   -0.055312162121965    4.424622359006044 -132.292643448419682 1752.805805365283732 -8641.026362206912381
  17.035421195840680   42.809614000000003
  18.122470597054591   44.236716999999999
  19.254807305049955   45.187067700000000
  20.433355550577456   45.741075799999997
  21.659039564387733   46.172476099999997
  22.932783577231394   47.123181400000000
  24.255511819859098   37.478637300000003


# temperature  476.000000000000000
#   -0.055296554856135    4.423270985870725 -132.248966310552021 1752.179247038223139 -8637.635115332312125
  17.035421195840680   42.835997999999996
  18.122470597054591   44.258315099999997
  19.254807305049955   45.205295999999997
  20.433355550577456   45.757264999999997
  21.659039564387733   46.187037400000001
  22.932783577231394   47.134066300000001
  24.255511819859098   37.486771200000000


# temperature  477.000000000000000
#   -0.055281020149160    4.421925887327455 -132.205491484198490 1751.555582441340675 -8634.259503101508017
  17.035421195840680   42.862241099999999
  18.122470597054591   44.279793699999999
  19.254807305049955   45.223421500000001
  20.433355550577456   45.773361800000004
  21.659039564387733   46.201515200000003
  22.932783577231394   47.144888299999998
  24.255511819859098   37.494858100000002


# temperature  478.000000000000000
#   -0.055265554680967    4.420586780391870 -132.162209984850335 1750.934685598620263 -8630.898866390660260
  17.035421195840680   42.888344300000000
  18.122470597054591   44.301153599999999
  19.254807305049955   45.241444700000002
  20.433355550577456   45.789367100000000
  21.659039564387733   46.215910200000003
  22.932783577231394   47.155647899999998
  24.255511819859098   37.502898299999998


# temperature  479.000000000000000
#   -0.055250162182801    4.419253978884573 -132.119131655087870 1750.316692844987301 -8627.553907780284135
  17.035421195840680   42.914308400000003
  18.122470597054591   44.322395700000001
  19.254807305049955   45.259366499999999
  20.433355550577456   45.805281399999998
  21.659039564387733   46.230222900000001
  22.932783577231394   47.166345600000000
  24.255511819859098   37.510892200000001


# temperature  480.000000000000000
#   -0.055234839803959    4.417927243198998 -132.076248986696356 1749.701500143015210 -8624.224088280476280
  17.035421195840680   42.940134499999999
  18.122470597054591   44.343520900000001
  19.254807305049955   45.277187599999998
  20.433355550577456   45.821105500000002
  21.659039564387733   46.244453999999998
  22.932783577231394   47.176981800000000
  24.255511819859098   37.518840099999998


# temperature  481.000000000000000
#   -0.055219588173000    4.416606624953468 -132.033563554554547 1749.089128579557837 -8620.909511449715865
  17.035421195840680   42.965823499999999
  18.122470597054591   44.364529900000001
  19.254807305049955   45.294908800000002
  20.433355550577456   45.836839900000001
  21.659039564387733   46.258603999999998
  22.932783577231394   47.187556999999998
  24.255511819859098   37.526742400000003


# temperature  482.000000000000000
#   -0.055204406334809    4.415292041221996 -131.991072697407873 1748.479540649235105 -8617.609980314009590
  17.035421195840680   42.991376199999998
  18.122470597054591   44.385423600000003
  19.254807305049955   45.312530700000003
  20.433355550577456   45.852485399999999
  21.659039564387733   46.272673699999999
  22.932783577231394   47.198071599999999
  24.255511819859098   37.534599300000004


# temperature  483.000000000000000
#   -0.055189293306680    4.413983408708214 -131.948773759252532 1747.872698568306305 -8614.325291885350453
  17.035421195840680   43.016793700000001
  18.122470597054591   44.406202700000001
  19.254807305049955   45.330053999999997
  20.433355550577456   45.868042600000003
  21.659039564387733   46.286663500000003
  22.932783577231394   47.208526200000001
  24.255511819859098   37.542411399999999


# temperature  484.000000000000000
#   -0.055174250683462    4.412680864488629 -131.906671156616824 1747.268665399058818 -8611.055781398141335
  17.035421195840680   43.042076700000003
  18.122470597054591   44.426868200000001
  19.254807305049955   45.347479600000000
  20.433355550577456   45.883512199999998
  21.659039564387733   46.300574099999999
  22.932783577231394   47.218921100000003
  24.255511819859098   37.550178799999998


# temperature  485.000000000000000
#   -0.055159274256354    4.411384053242441 -131.864753686730381 1746.667284776831366 -8607.800632956565096
  17.035421195840680   43.067226300000002
  18.122470597054591   44.447420700000002
  19.254807305049955   45.364807999999996
  20.433355550577456   45.898894800000001
  21.659039564387733   46.314405999999998
  22.932783577231394   47.229256700000001
  24.255511819859098   37.557901899999997


# temperature  486.000000000000000
#   -0.055144369953642    4.410093465458998 -131.823036499992867 1746.068763691242566 -8604.560900892916834
  17.035421195840680   43.092243199999999
  18.122470597054591   44.467861100000000
  19.254807305049955   45.382040099999998
  20.433355550577456   45.914191000000002
  21.659039564387733   46.328159800000002
  22.932783577231394   47.239533700000003
  24.255511819859098   37.565581000000002


# temperature  487.000000000000000
#   -0.055129530601082    4.408808506339335 -131.781501187693152 1745.472850000993276 -8601.335294715374403
  17.035421195840680   43.117128500000000
  18.122470597054591   44.488190099999997
  19.254807305049955   45.399176400000002
  20.433355550577456   45.929401400000003
  21.659039564387733   46.341836100000002
  22.932783577231394   47.249752200000003
  24.255511819859098   37.573216500000001


# temperature  488.000000000000000
#   -0.055114761040393    4.407529575278364 -131.740160053094826 1744.879711387572115 -8598.124666529694878
  17.035421195840680   43.141882899999999
  18.122470597054591   44.508408600000003
  19.254807305049955   45.416217699999997
  20.433355550577456   45.944526699999997
  21.659039564387733   46.355435499999999
  22.932783577231394   47.259912900000003
  24.255511819859098   37.580808699999999


# temperature  489.000000000000000
#   -0.055100059977280    4.406256565510867 -131.699009807664794 1744.289302939886511 -8594.928785875126778
  17.035421195840680   43.166507299999999
  18.122470597054591   44.528517399999998
  19.254807305049955   45.433164599999998
  20.433355550577456   45.959567499999999
  21.659039564387733   46.368958499999998
  22.932783577231394   47.270016099999999
  24.255511819859098   37.588357899999998


# temperature  490.000000000000000
#   -0.055085422891063    4.404989099939778 -131.658038722636689 1743.701463393516178 -8591.746824761505195
  17.035421195840680   43.191002699999999
  18.122470597054591   44.548517099999998
  19.254807305049955   45.450017899999999
  20.433355550577456   45.974524500000001
  21.659039564387733   46.382405700000000
  22.932783577231394   47.280062200000003
  24.255511819859098   37.595864400000004


# temperature  491.000000000000000
#   -0.055070853516158    4.403727486088195 -131.617256239523556 1743.116320780833121 -8588.579429397626882
  17.035421195840680   43.215369799999998
  18.122470597054591   44.568408499999997
  19.254807305049955   45.466778200000000
  20.433355550577456   45.989398100000003
  21.659039564387733   46.395777699999996
  22.932783577231394   47.290051699999999
  24.255511819859098   37.603328599999998


# temperature  492.000000000000000
#   -0.055056350560655    4.402471616079702 -131.576659003137706 1742.533828949936378 -8585.426361842408369
  17.035421195840680   43.239609500000000
  18.122470597054591   44.588192399999997
  19.254807305049955   45.483446100000002
  20.433355550577456   46.004189099999998
  21.659039564387733   46.409074900000000
  22.932783577231394   47.299985000000000
  24.255511819859098   37.610750699999997


# temperature  493.000000000000000
#   -0.055041913489261    4.401221444244413 -131.536245561815008 1741.953967454093117 -8582.287513470500926
  17.035421195840680   43.263722700000002
  18.122470597054591   44.607869500000000
  19.254807305049955   45.500022399999999
  20.433355550577456   46.018898000000000
  21.659039564387733   46.422297899999997
  22.932783577231394   47.309862500000001
  24.255511819859098   37.618130999999998


# temperature  494.000000000000000
#   -0.055027544425872    4.399977148487777 -131.496021466416693 1741.376812696005345 -8579.163274859593002
  17.035421195840680   43.287710099999998
  18.122470597054591   44.627440700000001
  19.254807305049955   45.516507599999997
  20.433355550577456   46.033525300000001
  21.659039564387733   46.435447300000000
  22.932783577231394   47.319684600000002
  24.255511819859098   37.625470000000000


# temperature  495.000000000000000
#   -0.055013236598877    4.398738163292974 -131.455969112552111 1740.802122509728861 -8576.052403034062081
  17.035421195840680   43.311572699999999
  18.122470597054591   44.646906500000000
  19.254807305049955   45.532902399999998
  20.433355550577456   46.048071800000002
  21.659039564387733   46.448523600000001
  22.932783577231394   47.329451599999999
  24.255511819859098   37.632767800000003


# temperature  496.000000000000000
#   -0.054998996075718    4.397504990241897 -131.416103969139982 1740.230107753051698 -8572.955968890211807
  17.035421195840680   43.335311200000000
  18.122470597054591   44.666267800000000
  19.254807305049955   45.549207500000001
  20.433355550577456   46.062538000000004
  21.659039564387733   46.461527300000000
  22.932783577231394   47.339164099999998
  24.255511819859098   37.640024699999998


# temperature  497.000000000000000
#   -0.054984818787715    4.396277292132843 -131.376415600633720 1739.660625457747301 -8569.873240064765923
  17.035421195840680   43.358926500000003
  18.122470597054591   44.685525200000001
  19.254807305049955   45.565423500000001
  20.433355550577456   46.076924400000003
  21.659039564387733   46.474459000000003
  22.932783577231394   47.348822400000003
  24.255511819859098   37.647241200000003


# temperature  498.000000000000000
#   -0.054970707967750    4.395055334002499 -131.336912118442939 1739.093785373946503 -8566.804769442163888
  17.035421195840680   43.382419400000003
  18.122470597054591   44.704679499999997
  19.254807305049955   45.581551099999999
  20.433355550577456   46.091231600000000
  21.659039564387733   46.487319100000001
  22.932783577231394   47.358426999999999
  24.255511819859098   37.654417400000000


# temperature  499.000000000000000
#   -0.054956658713754    4.393838710285847 -131.297581006032118 1738.529416662552876 -8563.749686060862587
  17.035421195840680   43.405790699999997
  18.122470597054591   44.723731399999998
  19.254807305049955   45.597590699999998
  20.433355550577456   46.105460200000003
  21.659039564387733   46.500108200000000
  22.932783577231394   47.367978000000001
  24.255511819859098   37.661553599999998


# temperature  500.000000000000000
#   -0.054942674824108    4.392627733985925 -131.258431883898709 1737.967649985346043 -8560.708650633996513
  17.035421195840680   43.429041200000000
  18.122470597054591   44.742681599999997
  19.254807305049955   45.613543200000002
  20.433355550577456   46.119610700000003
  21.659039564387733   46.512826799999999
  22.932783577231394   47.377476100000003
  24.255511819859098   37.668650200000002


# temperature  501.000000000000000
#   -0.054928754346969    4.391422241313187 -131.219459633756912 1737.408414698212255 -8557.681298980351130
  17.035421195840680   43.452171600000000
  18.122470597054591   44.761530800000003
  19.254807305049955   45.629409000000003
  20.433355550577456   46.133683800000000
  21.659039564387733   46.525475399999998
  22.932783577231394   47.386921600000001
  24.255511819859098   37.675707400000000


# temperature  502.000000000000000
#   -0.054914894379938    4.390221992910725 -131.180656885635756 1736.851610305805480 -8554.667118145904169
  17.035421195840680   43.475182799999999
  18.122470597054591   44.780279600000000
  19.254807305049955   45.645188800000000
  20.433355550577456   46.147679900000000
  21.659039564387733   46.538054500000001
  22.932783577231394   47.396314699999998
  24.255511819859098   37.682725499999997


# temperature  503.000000000000000
#   -0.054901099320258    4.389027351140509 -131.142034779432066 1736.297388151638643 -8551.666873773916450
  17.035421195840680   43.498075600000000
  18.122470597054591   44.798928900000000
  19.254807305049955   45.660883300000002
  20.433355550577456   46.161599600000002
  21.659039564387733   46.550564600000001
  22.932783577231394   47.405656000000000
  24.255511819859098   37.689704800000001


# temperature  504.000000000000000
#   -0.054887365685263    4.387838025814929 -131.103584294824657 1735.745624232738237 -8548.679929146757786
  17.035421195840680   43.520850699999997
  18.122470597054591   44.817479200000001
  19.254807305049955   45.676492900000000
  20.433355550577456   46.175443500000000
  21.659039564387733   46.563006100000003
  22.932783577231394   47.414945799999998
  24.255511819859098   37.696645599999997


# temperature  505.000000000000000
#   -0.054873694816897    4.386654126056150 -131.065308745842231 1735.196363052650895 -8545.706506404490938
  17.035421195840680   43.543508799999998
  18.122470597054591   44.835931199999997
  19.254807305049955   45.692018300000001
  20.433355550577456   46.189211999999998
  21.659039564387733   46.575379699999999
  22.932783577231394   47.424184500000003
  24.255511819859098   37.703548200000000


# temperature  506.000000000000000
#   -0.054860084821271    4.385475493973764 -131.027203214144464 1734.649536671566693 -8542.746253428877026
  17.035421195840680   43.566050900000000
  18.122470597054591   44.854285599999997
  19.254807305049955   45.707460099999999
  20.433355550577456   46.202905700000002
  21.659039564387733   46.587685700000002
  22.932783577231394   47.433372400000003
  24.255511819859098   37.710412800000000


# temperature  507.000000000000000
#   -0.054846534975382    4.384302068620333 -130.989265790856081 1734.105118727880608 -8539.799034076468160
  17.035421195840680   43.588477599999997
  18.122470597054591   44.872543000000000
  19.254807305049955   45.722818799999999
  20.433355550577456   46.216525200000000
  21.659039564387733   46.599924600000001
  22.932783577231394   47.442509899999997
  24.255511819859098   37.717239700000000


# temperature  508.000000000000000
#   -0.054833047454577    4.383134031012027 -130.951502100815134 1733.563186489911004 -8536.865243273274245
  17.035421195840680   43.610789599999997
  18.122470597054591   44.890704200000002
  19.254807305049955   45.738095100000002
  20.433355550577456   46.230070900000001
  21.659039564387733   46.612096999999999
  22.932783577231394   47.451597300000003
  24.255511819859098   37.724029100000003


# temperature  509.000000000000000
#   -0.054819619152781    4.381971123514618 -130.913904168916105 1733.023630724840586 -8533.944321716004197
  17.035421195840680   43.632987700000001
  18.122470597054591   44.908769800000002
  19.254807305049955   45.753289500000001
  20.433355550577456   46.243543500000001
  21.659039564387733   46.624203299999998
  22.932783577231394   47.460635000000003
  24.255511819859098   37.730781399999998


# temperature  510.000000000000000
#   -0.054806253522235    4.380813625513950 -130.876480415647109 1732.486563381557971 -8531.036822522897637
  17.035421195840680   43.655072699999998
  18.122470597054591   44.926740400000000
  19.254807305049955   45.768402600000002
  20.433355550577456   46.256943300000003
  21.659039564387733   46.636243899999997
  22.932783577231394   47.469623499999997
  24.255511819859098   37.737496800000002


# temperature  511.000000000000000
#   -0.054792945407928    4.379661113973924 -130.839217896614400 1731.951809364869405 -8528.141861444533788
  17.035421195840680   43.677045300000003
  18.122470597054591   44.944616600000003
  19.254807305049955   45.783434900000003
  20.433355550577456   46.270270900000000
  21.659039564387733   46.648219300000001
  22.932783577231394   47.478562900000000
  24.255511819859098   37.744175599999998


# temperature  512.000000000000000
#   -0.054779698845965    4.378513921665972 -130.802126852482871 1731.419508011001426 -8525.260144766243684
  17.035421195840680   43.698906200000003
  18.122470597054591   44.962399200000000
  19.254807305049955   45.798387099999999
  20.433355550577456   46.283526799999997
  21.659039564387733   46.660130000000002
  22.932783577231394   47.487453700000003
  24.255511819859098   37.750818000000002


# temperature  513.000000000000000
#   -0.054766508624316    4.377371609617190 -130.765193497478208 1730.889467977818640 -8522.390681570048400
  17.035421195840680   43.720656200000001
  18.122470597054591   44.980088600000002
  19.254807305049955   45.813259600000002
  20.433355550577456   46.296711600000002
  21.659039564387733   46.671976500000000
  22.932783577231394   47.496296200000003
  24.255511819859098   37.757424200000003


# temperature  514.000000000000000
#   -0.054753379682298    4.376234595575947 -130.728430993114557 1730.361872255633898 -8519.534418286120854
  17.035421195840680   43.742295900000002
  18.122470597054591   44.997685699999998
  19.254807305049955   45.828052999999997
  20.433355550577456   46.309825699999998
  21.659039564387733   46.683759100000003
  22.932783577231394   47.505090799999998
  24.255511819859098   37.763994699999998


# temperature  515.000000000000000
#   -0.054740310813811    4.375102769181494 -130.691835612727601 1729.836665659852315 -8516.691051496729415
  17.035421195840680   43.763826100000003
  18.122470597054591   45.015191000000002
  19.254807305049955   45.842767799999997
  20.433355550577456   46.322869500000003
  21.659039564387733   46.695478399999999
  22.932783577231394   47.513837799999997
  24.255511819859098   37.770529500000002


# temperature  516.000000000000000
#   -0.054727297397644    4.373975754624608 -130.655395963454936 1729.313695542909954 -8513.859817659496912
  17.035421195840680   43.785247499999997
  18.122470597054591   45.032604999999997
  19.254807305049955   45.857404699999996
  20.433355550577456   46.335843699999998
  21.659039564387733   46.707134699999997
  22.932783577231394   47.522537499999999
  24.255511819859098   37.777028999999999


# temperature  517.000000000000000
#   -0.054714345001003    4.372854005851545 -130.619125851643560 1728.793147478404762 -8511.041646130102890
  17.035421195840680   43.806560699999999
  18.122470597054591   45.049928500000000
  19.254807305049955   45.871964100000000
  20.433355550577456   46.348748600000000
  21.659039564387733   46.718728599999999
  22.932783577231394   47.531190299999999
  24.255511819859098   37.783493300000004


# temperature  518.000000000000000
#   -0.054701447582532    4.371737026378498 -130.583010047981361 1728.274814741660293 -8508.235488306605475
  17.035421195840680   43.827766599999997
  18.122470597054591   45.067162000000003
  19.254807305049955   45.886446599999999
  20.433355550577456   46.361584800000003
  21.659039564387733   46.730260399999999
  22.932783577231394   47.539796400000000
  24.255511819859098   37.789922799999999


# temperature  519.000000000000000
#   -0.054688608913109    4.370625122245496 -130.547057818224658 1727.758821347391631 -8505.441962758430236
  17.035421195840680   43.848865699999998
  18.122470597054591   45.084306099999999
  19.254807305049955   45.900852600000000
  20.433355550577456   46.374352700000003
  21.659039564387733   46.741730599999997
  22.932783577231394   47.548356300000002
  24.255511819859098   37.796317700000003


# temperature  520.000000000000000
#   -0.054675826800503    4.369518116229052 -130.511263826928314 1727.245096339338943 -8502.660716878595849
  17.035421195840680   43.869858700000002
  18.122470597054591   45.101361400000002
  19.254807305049955   45.915182799999997
  20.433355550577456   46.387052900000000
  21.659039564387733   46.753139599999997
  22.932783577231394   47.556870300000000
  24.255511819859098   37.802678299999997


# temperature  521.000000000000000
#   -0.054663102190989    4.368416081243082 -130.475630151227591 1726.733665522104275 -8499.891867414662556
  17.035421195840680   43.890746399999998
  18.122470597054591   45.118328599999998
  19.254807305049955   45.929437600000000
  20.433355550577456   46.399685699999999
  21.659039564387733   46.764487899999999
  22.932783577231394   47.565338599999997
  24.255511819859098   37.809004700000003


# temperature  522.000000000000000
#   -0.054650434957237    4.367319008465769 -130.440156572889634 1726.224526624411965 -8497.135405536973849
  17.035421195840680   43.911529399999999
  18.122470597054591   45.135208200000001
  19.254807305049955   45.943617600000003
  20.433355550577456   46.412251599999998
  21.659039564387733   46.775775799999998
  22.932783577231394   47.573761599999997
  24.255511819859098   37.815297200000003


# temperature  523.000000000000000
#   -0.054637822484065    4.366226679231766 -130.404836273304511 1725.717585631271959 -8494.390846955142479
  17.035421195840680   43.932208400000000
  18.122470597054591   45.152000800000003
  19.254807305049955   45.957723199999997
  20.433355550577456   46.424751200000003
  21.659039564387733   46.787003800000001
  22.932783577231394   47.582139599999998
  24.255511819859098   37.821556100000002


# temperature  524.000000000000000
#   -0.054625265622524    4.365139163694366 -130.369671410005509 1725.212871828407970 -8491.658338996357998
  17.035421195840680   43.952784000000001
  18.122470597054591   45.168706899999997
  19.254807305049955   45.971755000000002
  20.433355550577456   46.437184799999997
  21.659039564387733   46.798172299999997
  22.932783577231394   47.590472900000002
  24.255511819859098   37.827781600000002


# temperature  525.000000000000000
#   -0.054612766232689    4.364056613510337 -130.334666594098081 1724.710447116832484 -8488.938190398343067
  17.035421195840680   43.973256900000003
  18.122470597054591   45.185327200000003
  19.254807305049955   45.985713500000003
  20.433355550577456   46.449552900000000
  21.659039564387733   46.809281700000000
  22.932783577231394   47.598761900000000
  24.255511819859098   37.833973899999997


# temperature  526.000000000000000
#   -0.054600321115746    4.362978761888836 -130.299813525086279 1724.210197275406472 -8486.229813944217312
  17.035421195840680   43.993627799999999
  18.122470597054591   45.201862200000001
  19.254807305049955   45.999599099999998
  20.433355550577456   46.461855999999997
  21.659039564387733   46.820332399999998
  22.932783577231394   47.607006800000001
  24.255511819859098   37.840133199999997


# temperature  527.000000000000000
#   -0.054587930428734    4.361905623441785 -130.265112706503544 1723.712129874436641 -8483.533250879792831
  17.035421195840680   44.013897299999996
  18.122470597054591   45.218312500000003
  19.254807305049955   46.013412400000000
  20.433355550577456   46.474094500000000
  21.659039564387733   46.831324899999998
  22.932783577231394   47.615207900000001
  24.255511819859098   37.846259799999999


# temperature  528.000000000000000
#   -0.054575595951503    4.360837343038655 -130.230568529075555 1723.216303590449570 -8480.848792285385571
  17.035421195840680   44.034066000000003
  18.122470597054591   45.234678600000002
  19.254807305049955   46.027153800000001
  20.433355550577456   46.486268799999998
  21.659039564387733   46.842259400000003
  22.932783577231394   47.623365600000000
  24.255511819859098   37.852353899999997


# temperature  529.000000000000000
#   -0.054563315195221    4.359773712429797 -130.196174494231002 1722.722628740339815 -8478.175975556650883
  17.035421195840680   44.054134699999999
  18.122470597054591   45.250961099999998
  19.254807305049955   46.040823899999999
  20.433355550577456   46.498379399999997
  21.659039564387733   46.853136499999998
  22.932783577231394   47.631480199999999
  24.255511819859098   37.858415800000003


# temperature  530.000000000000000
#   -0.054551089940485    4.358714881781736 -130.161935332927072 1722.231171241566926 -8475.515142689246204
  17.035421195840680   44.074103800000003
  18.122470597054591   45.267160599999997
  19.254807305049955   46.054423100000001
  20.433355550577456   46.510426699999996
  21.659039564387733   46.863956500000000
  22.932783577231394   47.639551900000001
  24.255511819859098   37.864445600000003


# temperature  531.000000000000000
#   -0.054538916593031    4.357660549824816 -130.127841616245348 1721.741800461338698 -8472.865617026649488
  17.035421195840680   44.093974199999998
  18.122470597054591   45.283277599999998
  19.254807305049955   46.067951899999997
  20.433355550577456   46.522411200000001
  21.659039564387733   46.874719800000001
  22.932783577231394   47.647581000000002
  24.255511819859098   37.870443600000002


# temperature  532.000000000000000
#   -0.054526797377696    4.356610898498361 -130.093898900217226 1721.254591473878236 -8470.227776786330651
  17.035421195840680   44.113746300000003
  18.122470597054591   45.299312600000000
  19.254807305049955   46.081410699999999
  20.433355550577456   46.534333300000000
  21.659039564387733   46.885426799999998
  22.932783577231394   47.655567900000001
  24.255511819859098   37.876410000000000


# temperature  533.000000000000000
#   -0.054514732512880    4.355565947276158 -130.060107825549579 1720.769553432489829 -8467.601669146299173
  17.035421195840680   44.133420800000003
  18.122470597054591   45.315266200000003
  19.254807305049955   46.094800100000000
  20.433355550577456   46.546193299999999
  21.659039564387733   46.896077900000002
  22.932783577231394   47.663512799999999
  24.255511819859098   37.882345000000001


# temperature  534.000000000000000
#   -0.054502721259613    4.354525632210939 -130.026466335441853 1720.286657152942098 -8464.987139331837170
  17.035421195840680   44.152998300000000
  18.122470597054591   45.331138899999999
  19.254807305049955   46.108120499999998
  20.433355550577456   46.557991800000003
  21.659039564387733   46.906673400000003
  22.932783577231394   47.671416100000002
  24.255511819859098   37.888248800000000


# temperature  535.000000000000000
#   -0.054490760432154    4.353489690586053 -129.992966342040603 1719.805792417831299 -8462.383625663163912
  17.035421195840680   44.172479500000001
  18.122470597054591   45.346931200000000
  19.254807305049955   46.121372399999998
  20.433355550577456   46.569729100000004
  21.659039564387733   46.917213799999999
  22.932783577231394   47.679277900000002
  24.255511819859098   37.894121699999999


# temperature  536.000000000000000
#   -0.054478852458238    4.352458319183844 -129.959613790409350 1719.327038511659111 -8459.791521273167746
  17.035421195840680   44.191865000000000
  18.122470597054591   45.362643700000000
  19.254807305049955   46.134556099999998
  20.433355550577456   46.581405699999998
  21.659039564387733   46.927699300000000
  22.932783577231394   47.687098599999999
  24.255511819859098   37.899963800000002


# temperature  537.000000000000000
#   -0.054466998158977    4.351431589258469 -129.926410994818781 1718.850428722671950 -8457.211004344571847
  17.035421195840680   44.211155200000000
  18.122470597054591   45.378276900000003
  19.254807305049955   46.147672300000004
  20.433355550577456   46.593021899999997
  21.659039564387733   46.938130500000000
  22.932783577231394   47.694878500000002
  24.255511819859098   37.905775400000003


# temperature  538.000000000000000
#   -0.054455195751842    4.350409348741508 -129.893353107236322 1718.375894559708968 -8454.641712557619030
  17.035421195840680   44.230350899999998
  18.122470597054591   45.393831300000002
  19.254807305049955   46.160721299999999
  20.433355550577456   46.604578199999999
  21.659039564387733   46.948507599999999
  22.932783577231394   47.702617900000000
  24.255511819859098   37.911556699999998


# temperature  539.000000000000000
#   -0.054443442446033    4.349391369358110 -129.860433166288288 1717.903342157242378 -8452.083172997134170
  17.035421195840680   44.249452699999999
  18.122470597054591   45.409307400000003
  19.254807305049955   46.173703600000003
  20.433355550577456   46.616075000000002
  21.659039564387733   46.958831000000004
  22.932783577231394   47.710316900000002
  24.255511819859098   37.917307899999997


# temperature  540.000000000000000
#   -0.054431743935060    4.348378113802349 -129.827665192670537 1717.432959240620221 -8449.536322198788184
  17.035421195840680   44.268461100000003
  18.122470597054591   45.424705799999998
  19.254807305049955   46.186619499999999
  20.433355550577456   46.627512600000003
  21.659039564387733   46.969101100000003
  22.932783577231394   47.717976000000000
  24.255511819859098   37.923029100000001


# temperature  541.000000000000000
#   -0.054420095629133    4.347369212227723 -129.795038087430441 1716.964598747784748 -8447.000433507904745
  17.035421195840680   44.287376600000002
  18.122470597054591   45.440026899999999
  19.254807305049955   46.199469700000002
  20.433355550577456   46.638891500000000
  21.659039564387733   46.979318200000002
  22.932783577231394   47.725595300000002
  24.255511819859098   37.928720599999998


# temperature  542.000000000000000
#   -0.054408497906582    4.346364685494430 -129.762552149759529 1716.498259738450315 -8444.475474529917847
  17.035421195840680   44.306199999999997
  18.122470597054591   45.455271199999999
  19.254807305049955   46.212254399999999
  20.433355550577456   46.650212000000003
  21.659039564387733   46.989482700000003
  22.932783577231394   47.733175199999998
  24.255511819859098   37.934382700000000


# temperature  543.000000000000000
#   -0.054396951022506    4.345364556853236 -129.730208182897087 1716.033954529430503 -8441.961514943859584
  17.035421195840680   44.324931800000002
  18.122470597054591   45.470439300000002
  19.254807305049955   46.224974199999998
  20.433355550577456   46.661474599999998
  21.659039564387733   46.999594999999999
  22.932783577231394   47.740715899999998
  24.255511819859098   37.940015400000000


# temperature  544.000000000000000
#   -0.054385452674053    4.344368636404677 -129.698000340993531 1715.571603474013727 -8439.458149047442930
  17.035421195840680   44.343572500000001
  18.122470597054591   45.485531600000002
  19.254807305049955   46.237629400000003
  20.433355550577456   46.672679700000003
  21.659039564387733   47.009655400000000
  22.932783577231394   47.748217599999997
  24.255511819859098   37.945619000000001


# temperature  545.000000000000000
#   -0.054374007021254    4.343377266779330 -129.665939145720671 1715.111349301033442 -8436.966097886584976
  17.035421195840680   44.362122599999999
  18.122470597054591   45.500548600000002
  19.254807305049955   46.250220499999998
  20.433355550577456   46.683827500000000
  21.659039564387733   47.019664200000001
  22.932783577231394   47.755680699999999
  24.255511819859098   37.951193699999997


# temperature  546.000000000000000
#   -0.054362609195096    4.342390041966354 -129.634011967558308 1714.653018275036857 -8434.484468991102403
  17.035421195840680   44.380582900000000
  18.122470597054591   45.515490800000002
  19.254807305049955   46.262747900000001
  20.433355550577456   46.694918600000001
  21.659039564387733   47.029621800000001
  22.932783577231394   47.763105400000001
  24.255511819859098   37.956739700000000


# temperature  547.000000000000000
#   -0.054351261889788    4.341407187282952 -129.602225838834130 1714.196707408868406 -8432.013760812506007
  17.035421195840680   44.398953800000001
  18.122470597054591   45.530358700000001
  19.254807305049955   46.275212099999997
  20.433355550577456   46.705953200000003
  21.659039564387733   47.039528500000003
  22.932783577231394   47.770491900000003
  24.255511819859098   37.962257100000002


# temperature  548.000000000000000
#   -0.054339963688079    4.340428580980230 -129.570576858382935 1713.742361444328481 -8429.553680985474784
  17.035421195840680   44.417235900000001
  18.122470597054591   45.545152799999997
  19.254807305049955   46.287613399999998
  20.433355550577456   46.716931799999998
  21.659039564387733   47.049384799999999
  22.932783577231394   47.777840599999998
  24.255511819859098   37.967746300000002


# temperature  549.000000000000000
#   -0.054328714320370    4.339454202488755 -129.539064445698841 1713.289973135786795 -8427.104195069239722
  17.035421195840680   44.435429700000000
  18.122470597054591   45.559873500000002
  19.254807305049955   46.299952200000000
  20.433355550577456   46.727854700000002
  21.659039564387733   47.059190800000003
  22.932783577231394   47.785151599999999
  24.255511819859098   37.973207299999999


# temperature  550.000000000000000
#   -0.054317514810671    4.338484137905705 -129.507691304084716 1712.839579981768566 -8424.665496162011550
  17.035421195840680   44.453535799999997
  18.122470597054591   45.574521400000002
  19.254807305049955   46.312229100000003
  20.433355550577456   46.738722299999999
  21.659039564387733   47.068946900000000
  22.932783577231394   47.792425199999997
  24.255511819859098   37.978640300000002


# temperature  551.000000000000000
#   -0.054306362105612    4.337518125890439 -129.476449094252814 1712.391064432969415 -8422.236966486399979
  17.035421195840680   44.471554699999999
  18.122470597054591   45.589096800000000
  19.254807305049955   46.324444200000002
  20.433355550577456   46.749535000000002
  21.659039564387733   47.078653600000003
  22.932783577231394   47.799661700000001
  24.255511819859098   37.984045600000002


# temperature  552.000000000000000
#   -0.054295257414210    4.336556272484245 -129.445341274034519 1711.944476084936696 -8419.818869299131620
  17.035421195840680   44.489486999999997
  18.122470597054591   45.603600200000002
  19.254807305049955   46.336598199999997
  20.433355550577456   46.760293099999998
  21.659039564387733   47.088310999999997
  22.932783577231394   47.806861300000001
  24.255511819859098   37.989423299999999


# temperature  553.000000000000000
#   -0.054284203591347    4.335598809687834 -129.414374874475158 1711.499909097879708 -8417.411674294551631
  17.035421195840680   44.507333099999997
  18.122470597054591   45.618032200000002
  19.254807305049955   46.348691299999999
  20.433355550577456   46.770996900000000
  21.659039564387733   47.097919599999997
  22.932783577231394   47.814024300000000
  24.255511819859098   37.994773600000002


# temperature  554.000000000000000
#   -0.054273194554850    4.334645233340577 -129.383534311099538 1711.057150504016590 -8415.014295274082542
  17.035421195840680   44.525093699999999
  18.122470597054591   45.632393100000002
  19.254807305049955   46.360723999999998
  20.433355550577456   46.781646899999998
  21.659039564387733   47.107479699999999
  22.932783577231394   47.821150799999998
  24.255511819859098   38.000096599999999


# temperature  555.000000000000000
#   -0.054262234051645    4.333695853334876 -129.352829130431047 1710.616330099546985 -8412.627388902710663
  17.035421195840680   44.542769300000003
  18.122470597054591   45.646683400000001
  19.254807305049955   46.372696699999999
  20.433355550577456   46.792243399999997
  21.659039564387733   47.116991499999997
  22.932783577231394   47.828241300000002
  24.255511819859098   38.005392700000002


# temperature  556.000000000000000
#   -0.054251321232425    4.332750599975472 -129.322257209245691 1710.177419371123278 -8410.250812157106338
  17.035421195840680   44.560360299999999
  18.122470597054591   45.660903599999997
  19.254807305049955   46.384609699999999
  20.433355550577456   46.802786699999999
  21.659039564387733   47.126455399999998
  22.932783577231394   47.835295799999997
  24.255511819859098   38.010661900000002


# temperature  557.000000000000000
#   -0.054240454395105    4.331809329710632 -129.291814028360136 1709.740355339345797 -8407.884236627658538
  17.035421195840680   44.577867400000002
  18.122470597054591   45.675054099999997
  19.254807305049955   46.396463500000003
  20.433355550577456   46.813277200000002
  21.659039564387733   47.135871700000003
  22.932783577231394   47.842314600000002
  24.255511819859098   38.015904399999997


# temperature  558.000000000000000
#   -0.054229634956718    4.330872162559875 -129.261503380470401 1709.305190975145251 -8405.527937726947130
  17.035421195840680   44.595290900000002
  18.122470597054591   45.689135399999998
  19.254807305049955   46.408258400000001
  20.433355550577456   46.823715300000003
  21.659039564387733   47.145240700000002
  22.932783577231394   47.849297999999997
  24.255511819859098   38.021120500000002


# temperature  559.000000000000000
#   -0.054218861785549    4.329938995430485 -129.231321783033678 1708.871874500455306 -8403.181629000158864
  17.035421195840680   44.612631499999999
  18.122470597054591   45.703147800000004
  19.254807305049955   46.419994699999997
  20.433355550577456   46.834101199999999
  21.659039564387733   47.154562700000000
  22.932783577231394   47.856246200000001
  24.255511819859098   38.026310199999998


# temperature  560.000000000000000
#   -0.054208137103773    4.329010016596249 -129.201275195089949 1708.440489351806491 -8400.845745711221753
  17.035421195840680   44.629889599999998
  18.122470597054591   45.717091900000000
  19.254807305049955   46.431673000000004
  20.433355550577456   46.844435300000001
  21.659039564387733   47.163838100000000
  22.932783577231394   47.863159500000002
  24.255511819859098   38.031473699999999


# temperature  561.000000000000000
#   -0.054197454793729    4.328084721785676 -129.171348106113214 1708.010824518436721 -8398.519216144546590
  17.035421195840680   44.647065699999999
  18.122470597054591   45.730967999999997
  19.254807305049955   46.443293500000003
  20.433355550577456   46.854717999999998
  21.659039564387733   47.173067199999998
  22.932783577231394   47.870037900000000
  24.255511819859098   38.036611299999997


# temperature  562.000000000000000
#   -0.054186819866450    4.327163522114762 -129.141553089618981 1707.583049834765461 -8396.202894467165606
  17.035421195840680   44.664160400000000
  18.122470597054591   45.744776600000002
  19.254807305049955   46.454856700000001
  20.433355550577456   46.864949600000003
  21.659039564387733   47.182250099999997
  22.932783577231394   47.876881900000001
  24.255511819859098   38.041723099999999


# temperature  563.000000000000000
#   -0.054176231016328    4.326246308584565 -129.111886758729923 1707.157118852564054 -8393.896542958798818
  17.035421195840680   44.681174100000000
  18.122470597054591   45.758518199999997
  19.254807305049955   46.466362900000000
  20.433355550577456   46.875130400000003
  21.659039564387733   47.191387400000004
  22.932783577231394   47.883691599999999
  24.255511819859098   38.046809300000000


# temperature  564.000000000000000
#   -0.054165686207889    4.325332911655562 -129.082343837554248 1706.732958824561365 -8391.599786111699359
  17.035421195840680   44.698107399999998
  18.122470597054591   45.772193100000003
  19.254807305049955   46.477812399999998
  20.433355550577456   46.885260799999998
  21.659039564387733   47.200479100000003
  22.932783577231394   47.890467200000003
  24.255511819859098   38.051870000000001


# temperature  565.000000000000000
#   -0.054155187508977    4.324423500322983 -129.052929484278224 1706.310639434788300 -8389.312975103453937
  17.035421195840680   44.714960599999998
  18.122470597054591   45.785801700000000
  19.254807305049955   46.489205599999998
  20.433355550577456   46.895341000000002
  21.659039564387733   47.209525700000000
  22.932783577231394   47.897208999999997
  24.255511819859098   38.056905399999998


# temperature  566.000000000000000
#   -0.054144733674321    4.323517970375792 -129.023640445314612 1705.890115698498676 -8387.035876796311641
  17.035421195840680   44.731734400000001
  18.122470597054591   45.799344499999997
  19.254807305049955   46.500543000000000
  20.433355550577456   46.905371400000000
  21.659039564387733   47.218527500000000
  22.932783577231394   47.903917200000002
  24.255511819859098   38.061915599999999


# temperature  567.000000000000000
#   -0.054134323960373    4.322616263681581 -128.994475029780148 1705.471365914229409 -8384.768387111405900
  17.035421195840680   44.748429100000003
  18.122470597054591   45.812821900000003
  19.254807305049955   46.511824799999999
  20.433355550577456   46.915352400000003
  21.659039564387733   47.227484699999998
  22.932783577231394   47.910592000000001
  24.255511819859098   38.066900900000000


# temperature  568.000000000000000
#   -0.054123958980238    4.321718428895840 -128.965434666570587 1705.054408405974300 -8382.510591850823403
  17.035421195840680   44.765045299999997
  18.122470597054591   45.826234300000003
  19.254807305049955   46.523051400000000
  20.433355550577456   46.925284200000000
  21.659039564387733   47.236397500000002
  22.932783577231394   47.917233600000003
  24.255511819859098   38.071861400000003


# temperature  569.000000000000000
#   -0.054113637239381    4.320824338075922 -128.936515275114374 1704.639185690084560 -8380.262188792123197
  17.035421195840680   44.781583500000004
  18.122470597054591   45.839582100000001
  19.254807305049955   46.534223099999998
  20.433355550577456   46.935167100000001
  21.659039564387733   47.245266399999998
  22.932783577231394   47.923842200000003
  24.255511819859098   38.076797300000003


# temperature  570.000000000000000
#   -0.054103359702836    4.319934071345951 -128.907719354887035 1704.225732441288073 -8378.023357820857200
  17.035421195840680   44.798043999999997
  18.122470597054591   45.852865700000002
  19.254807305049955   46.545340299999999
  20.433355550577456   46.945001599999998
  21.659039564387733   47.254091600000002
  22.932783577231394   47.930418099999997
  24.255511819859098   38.081708599999999


# temperature  571.000000000000000
#   -0.054093125984594    4.319047597609077 -128.879045944407892 1703.814035085655632 -8375.794024812348653
  17.035421195840680   44.814427500000001
  18.122470597054591   45.866085499999997
  19.254807305049955   46.556403400000001
  20.433355550577456   46.954787799999998
  21.659039564387733   47.262873300000003
  22.932783577231394   47.936961500000002
  24.255511819859098   38.086595699999997


# temperature  572.000000000000000
#   -0.054082935886348    4.318164899738139 -128.850494518549482 1703.404086824065416 -8373.574158143153909
  17.035421195840680   44.830734200000002
  18.122470597054591   45.879241899999997
  19.254807305049955   46.567412699999998
  20.433355550577456   46.964526100000000
  21.659039564387733   47.271611900000003
  22.932783577231394   47.943472499999999
  24.255511819859098   38.091458500000002


# temperature  573.000000000000000
#   -0.054072790506259    4.317286065838276 -128.822067686445848 1702.995921380389291 -8371.363917533810309
  17.035421195840680   44.846964800000002
  18.122470597054591   45.892335299999999
  19.254807305049955   46.578368599999997
  20.433355550577456   46.974216699999999
  21.659039564387733   47.280307600000000
  22.932783577231394   47.949951499999997
  24.255511819859098   38.096297399999997


# temperature  574.000000000000000
#   -0.054062685969852    4.316410775465806 -128.793755574868698 1702.589404399844170 -8369.162621136702001
  17.035421195840680   44.863119699999999
  18.122470597054591   45.905366100000002
  19.254807305049955   46.589271300000000
  20.433355550577456   46.983860100000001
  21.659039564387733   47.288960699999997
  22.932783577231394   47.956398499999999
  24.255511819859098   38.101112399999998


# temperature  575.000000000000000
#   -0.054052624499068    4.315539211634442 -128.765563804568018 1702.184612137782324 -8366.970654075228595
  17.035421195840680   44.879199300000003
  18.122470597054591   45.918334700000003
  19.254807305049955   46.600121199999997
  20.433355550577456   46.993456500000001
  21.659039564387733   47.297571499999997
  22.932783577231394   47.962813799999999
  24.255511819859098   38.105903699999999


# temperature  576.000000000000000
#   -0.054042606328226    4.314671395149857 -128.737493058483778 1701.781554389961684 -8364.788067752429924
  17.035421195840680   44.895204000000000
  18.122470597054591   45.931241499999999
  19.254807305049955   46.610918599999998
  20.433355550577456   47.003006200000002
  21.659039564387733   47.306140200000002
  22.932783577231394   47.969197600000001
  24.255511819859098   38.110671500000002


# temperature  577.000000000000000
#   -0.054032630785540    4.313807262915144 -128.709541163423978 1701.380198479165756 -8362.614680232400133
  17.035421195840680   44.911134400000002
  18.122470597054591   45.944086800000001
  19.254807305049955   46.621664000000003
  20.433355550577456   47.012509500000000
  21.659039564387733   47.314667200000002
  22.932783577231394   47.975550200000001
  24.255511819859098   38.115415800000001


# temperature  578.000000000000000
#   -0.054022695514048    4.312946628254631 -128.681702602571846 1700.980472255389031 -8360.450138711055843
  17.035421195840680   44.926990799999999
  18.122470597054591   45.956871000000000
  19.254807305049955   46.632357499999998
  20.433355550577456   47.021966700000000
  21.659039564387733   47.323152600000000
  22.932783577231394   47.981871599999998
  24.255511819859098   38.120137000000000


# temperature  579.000000000000000
#   -0.054012802160046    4.312089619204322 -128.653981086098696 1700.582423163717522 -8358.294668558422927
  17.035421195840680   44.942773699999996
  18.122470597054591   45.969594499999999
  19.254807305049955   46.642999500000002
  20.433355550577456   47.031378099999998
  21.659039564387733   47.331596800000000
  22.932783577231394   47.988162099999997
  24.255511819859098   38.124834999999997


# temperature  580.000000000000000
#   -0.054002952797606    4.311236412771120 -128.626382234513017 1700.186129848361134 -8356.148678332770942
  17.035421195840680   44.958483600000001
  18.122470597054591   45.982257799999999
  19.254807305049955   46.653590500000000
  20.433355550577456   47.040743999999997
  21.659039564387733   47.339999900000002
  22.932783577231394   47.994422000000000
  24.255511819859098   38.129510099999997


# temperature  581.000000000000000
#   -0.053993142135494    4.310386563268733 -128.598892045542271 1699.791397862186841 -8354.011160908259626
  17.035421195840680   44.974120900000003
  18.122470597054591   45.994861000000000
  19.254807305049955   46.664130499999999
  20.433355550577456   47.050064599999999
  21.659039564387733   47.348362299999998
  22.932783577231394   48.000651300000001
  24.255511819859098   38.134162400000001


# temperature  582.000000000000000
#   -0.053983376210699    4.309540573343011 -128.571526142903537 1699.398442005785228 -8351.883217662156312
  17.035421195840680   44.989685899999998
  18.122470597054591   46.007404700000002
  19.254807305049955   46.674620099999999
  20.433355550577456   47.059340200000001
  21.659039564387733   47.356684299999998
  22.932783577231394   48.006850399999998
  24.255511819859098   38.138792000000002


# temperature  583.000000000000000
#   -0.053973647879841    4.308697852452760 -128.544266304161624 1699.007013483434321 -8349.763579909298642
  17.035421195840680   45.005179300000002
  18.122470597054591   46.019889200000001
  19.254807305049955   46.685059500000001
  20.433355550577456   47.068571300000002
  21.659039564387733   47.364966000000003
  22.932783577231394   48.013019300000003
  24.255511819859098   38.143399100000003


# temperature  584.000000000000000
#   -0.053963962803594    4.307858865467238 -128.517126771465939 1698.617305204098557 -8347.653222046721567
  17.035421195840680   45.020601300000003
  18.122470597054591   46.032314900000003
  19.254807305049955   46.695449000000004
  20.433355550577456   47.077757900000002
  21.659039564387733   47.373207800000003
  22.932783577231394   48.019158300000001
  24.255511819859098   38.147983799999999


# temperature  585.000000000000000
#   -0.053954317166633    4.307023297977500 -128.490097878200800 1698.229185744004099 -8345.551477086441082
  17.035421195840680   45.035952299999998
  18.122470597054591   46.044682000000002
  19.254807305049955   46.705788900000002
  20.433355550577456   47.086900399999998
  21.659039564387733   47.381409900000001
  22.932783577231394   48.025267599999999
  24.255511819859098   38.152546399999999


# temperature  586.000000000000000
#   -0.053944712136702    4.306191241358380 -128.463182280269706 1697.842688987063639 -8343.458504194803027
  17.035421195840680   45.051233000000003
  18.122470597054591   46.056990999999996
  19.254807305049955   46.716079600000000
  20.433355550577456   47.095999100000000
  21.659039564387733   47.389572500000000
  22.932783577231394   48.031347400000001
  24.255511819859098   38.157086800000002


# temperature  587.000000000000000
#   -0.053935148656418    4.305362779697350 -128.436382763740824 1697.457855568777859 -8341.374523277590924
  17.035421195840680   45.066443499999998
  18.122470597054591   46.069242299999999
  19.254807305049955   46.726321300000002
  20.433355550577456   47.105054199999998
  21.659039564387733   47.397695900000002
  22.932783577231394   48.037397800000001
  24.255511819859098   38.161605299999998


# temperature  588.000000000000000
#   -0.053925622708507    4.304537577235367 -128.409688861348769 1697.074541206313825 -8339.298791913352034
  17.035421195840680   45.081584399999997
  18.122470597054591   46.081436099999998
  19.254807305049955   46.736514399999997
  20.433355550577456   47.114066100000002
  21.659039564387733   47.405780300000004
  22.932783577231394   48.043419000000000
  24.255511819859098   38.166102000000002


# temperature  589.000000000000000
#   -0.053916136876559    4.303715846613633 -128.383107095016214 1696.692834222054216 -8337.231755358187002
  17.035421195840680   45.096656000000003
  18.122470597054591   46.093572799999997
  19.254807305049955   46.746659100000002
  20.433355550577456   47.123034900000000
  21.659039564387733   47.413826000000000
  22.932783577231394   48.049411200000002
  24.255511819859098   38.170577100000003


# temperature  590.000000000000000
#   -0.053906691998554    4.302897653911278 -128.356639409634653 1696.312759897994056 -8335.173535502153754
  17.035421195840680   45.111658800000001
  18.122470597054591   46.105652800000001
  19.254807305049955   46.756755800000001
  20.433355550577456   47.131960999999997
  21.659039564387733   47.421833200000002
  22.932783577231394   48.055374700000002
  24.255511819859098   38.175030599999999


# temperature  591.000000000000000
#   -0.053897285361483    4.302082777084194 -128.330279025178896 1695.934226653822634 -8333.123670162218332
  17.035421195840680   45.126593200000002
  18.122470597054591   46.117676500000002
  19.254807305049955   46.766804700000002
  20.433355550577456   47.140844700000002
  21.659039564387733   47.429802199999997
  22.932783577231394   48.061309500000000
  24.255511819859098   38.179462700000002


# temperature  592.000000000000000
#   -0.053887918637229    4.301271350611859 -128.304029969472509 1695.557287702181611 -8331.082420601633203
  17.035421195840680   45.141459599999997
  18.122470597054591   46.129644100000000
  19.254807305049955   46.776806200000003
  20.433355550577456   47.149686099999997
  21.659039564387733   47.437733199999997
  22.932783577231394   48.067215900000001
  24.255511819859098   38.183873499999997


# temperature  593.000000000000000
#   -0.053878590705651    4.300463283808504 -128.277889506417154 1695.181906571466016 -8329.049605227275606
  17.035421195840680   45.156258299999998
  18.122470597054591   46.141556000000001
  19.254807305049955   46.786760500000000
  20.433355550577456   47.158485599999999
  21.659039564387733   47.445626500000003
  22.932783577231394   48.073094099999999
  24.255511819859098   38.188263300000003


# temperature  594.000000000000000
#   -0.053869301392596    4.299658560594724 -128.251857083579353 1694.808074822207345 -8327.025175271635817
  17.035421195840680   45.170989800000001
  18.122470597054591   46.153412500000002
  19.254807305049955   46.796667900000003
  20.433355550577456   47.167243300000003
  21.659039564387733   47.453482200000003
  22.932783577231394   48.078944100000001
  24.255511819859098   38.192632000000003


# temperature  595.000000000000000
#   -0.053860050493918    4.298857164324114 -128.225932199573379 1694.435785837324147 -8325.009098016718781
  17.035421195840680   45.185654499999998
  18.122470597054591   46.165213999999999
  19.254807305049955   46.806528800000002
  20.433355550577456   47.175959700000000
  21.659039564387733   47.461300600000001
  22.932783577231394   48.084766299999998
  24.255511819859098   38.196979900000002


# temperature  596.000000000000000
#   -0.053850839003232    4.298059175205130 -128.200117267675893 1694.065071649358742 -8323.001531322735900
  17.035421195840680   45.200252700000000
  18.122470597054591   46.176960899999997
  19.254807305049955   46.816343300000000
  20.433355550577456   47.184634899999999
  21.659039564387733   47.469082000000000
  22.932783577231394   48.090560699999997
  24.255511819859098   38.201307000000000


# temperature  597.000000000000000
#   -0.053841664018313    4.297264353942441 -128.174404920697754 1693.695831870126995 -8321.001963982491361
  17.035421195840680   45.214784899999998
  18.122470597054591   46.188653299999999
  19.254807305049955   46.826111900000001
  20.433355550577456   47.193269200000003
  21.659039564387733   47.476826500000001
  22.932783577231394   48.096327600000002
  24.255511819859098   38.205613600000000


# temperature  598.000000000000000
#   -0.053832526705733    4.296472796688432 -128.148798117686454 1693.328106744989327 -8319.010599627312331
  17.035421195840680   45.229251400000003
  18.122470597054591   46.200291700000001
  19.254807305049955   46.835834699999999
  20.433355550577456   47.201862800000001
  21.659039564387733   47.484534400000001
  22.932783577231394   48.102066999999998
  24.255511819859098   38.209899700000001


# temperature  599.000000000000000
#   -0.053823428125731    4.295684582797046 -128.123299047895131 1692.961922573595757 -8317.027553475212699
  17.035421195840680   45.243652699999998
  18.122470597054591   46.211876400000001
  19.254807305049955   46.845511999999999
  20.433355550577456   47.210416000000002
  21.659039564387733   47.492206000000003
  22.932783577231394   48.107779299999997
  24.255511819859098   38.214165399999999


# temperature  600.000000000000000
#   -0.053814366884212    4.294899608557452 -128.097904869110721 1692.597245408809158 -8315.052676541234177
  17.035421195840680   45.257989000000002
  18.122470597054591   46.223407700000003
  19.254807305049955   46.855144199999998
  20.433355550577456   47.218929000000003
  21.659039564387733   47.499841400000001
  22.932783577231394   48.113464499999999
  24.255511819859098   38.218411000000003


# temperature  601.000000000000000
#   -0.053805344973157    4.294118028633287 -128.072620044751403 1692.234131940110046 -8313.086235596769257
  17.035421195840680   45.272260799999998
  18.122470597054591   46.234886000000003
  19.254807305049955   46.864731499999998
  20.433355550577456   47.227402099999999
  21.659039564387733   47.507440899999999
  22.932783577231394   48.119122900000001
  24.255511819859098   38.222636399999999


# temperature  602.000000000000000
#   -0.053796358148732    4.293339494582461 -128.047433892758903 1691.872437228360468 -8311.127495922575690
  17.035421195840680   45.286468499999998
  18.122470597054591   46.246311499999997
  19.254807305049955   46.874274100000001
  20.433355550577456   47.235835500000000
  21.659039564387733   47.515004699999999
  22.932783577231394   48.124754500000002
  24.255511819859098   38.226841899999997


# temperature  603.000000000000000
#   -0.053787408873211    4.292564209805154 -128.022352695861997 1691.512247249773509 -8309.176896886379836
  17.035421195840680   45.300612299999997
  18.122470597054591   46.257684500000003
  19.254807305049955   46.883772399999998
  20.433355550577456   47.244229500000003
  21.659039564387733   47.522533000000003
  22.932783577231394   48.130359599999998
  24.255511819859098   38.231027500000003


# temperature  604.000000000000000
#   -0.053778497204839    4.291792178508035 -127.997376547476080 1691.153562481106064 -8307.234434773086832
  17.035421195840680   45.314692800000003
  18.122470597054591   46.269005499999999
  19.254807305049955   46.893226599999998
  20.433355550577456   47.252584300000002
  21.659039564387733   47.530025999999999
  22.932783577231394   48.135938299999999
  24.255511819859098   38.235193400000000


# temperature  605.000000000000000
#   -0.053769620957672    4.291023217825276 -127.972499754845018 1690.796304769761491 -8305.299710151213731
  17.035421195840680   45.328710200000003
  18.122470597054591   46.280274599999998
  19.254807305049955   46.902636999999999
  20.433355550577456   47.260900200000002
  21.659039564387733   47.537483999999999
  22.932783577231394   48.141490800000000
  24.255511819859098   38.239339700000002


# temperature  606.000000000000000
#   -0.053760780838064    4.290257385605954 -127.947724074196358 1690.440497487809807 -8303.372837511351463
  17.035421195840680   45.342664999999997
  18.122470597054591   46.291492200000000
  19.254807305049955   46.912003900000002
  20.433355550577456   47.269177399999997
  21.659039564387733   47.544907199999997
  22.932783577231394   48.147017300000002
  24.255511819859098   38.243466599999998


# temperature  607.000000000000000
#   -0.053751979191890    4.289494878253516 -127.923055637104355 1690.086225177069082 -8301.454250825046984
  17.035421195840680   45.356557400000000
  18.122470597054591   46.302658700000002
  19.254807305049955   46.921327400000003
  20.433355550577456   47.277416000000002
  21.659039564387733   47.552295700000002
  22.932783577231394   48.152517799999998
  24.255511819859098   38.247574100000001


# temperature  608.000000000000000
#   -0.053743211202279    4.288735292966392 -127.898481892748762 1689.733315134622217 -8299.543064192081147
  17.035421195840680   45.370387899999997
  18.122470597054591   46.313774199999997
  19.254807305049955   46.930607999999999
  20.433355550577456   47.285616500000003
  21.659039564387733   47.559649800000003
  22.932783577231394   48.157992600000000
  24.255511819859098   38.251662300000000


# temperature  609.000000000000000
#   -0.053734478725002    4.287978781993011 -127.874007481800589 1689.381829622785290 -8297.639587580173611
  17.035421195840680   45.384156800000000
  18.122470597054591   46.324839099999998
  19.254807305049955   46.939845699999999
  20.433355550577456   47.293778900000000
  21.659039564387733   47.566969800000003
  22.932783577231394   48.163441800000001
  24.255511819859098   38.255731500000003


# temperature  610.000000000000000
#   -0.053725784456140    4.287225569502273 -127.849639367987621 1689.031864353784385 -8295.744311385311448
  17.035421195840680   45.397864499999997
  18.122470597054591   46.335853800000002
  19.254807305049955   46.949041000000001
  20.433355550577456   47.301903600000003
  21.659039564387733   47.574255700000002
  22.932783577231394   48.168865699999998
  24.255511819859098   38.259781599999997


# temperature  611.000000000000000
#   -0.053717123022090    4.286475209392008 -127.825363733606693 1688.683230078046563 -8293.856268445440946
  17.035421195840680   45.411511300000001
  18.122470597054591   46.346818399999997
  19.254807305049955   46.958193999999999
  20.433355550577456   47.309990700000000
  21.659039564387733   47.581507899999998
  22.932783577231394   48.174264200000003
  24.255511819859098   38.263812799999997


# temperature  612.000000000000000
#   -0.053708498531151    4.285728046405314 -127.801191362705794 1688.336075780276133 -8291.976225224187147
  17.035421195840680   45.425097500000000
  18.122470597054591   46.357733400000001
  19.254807305049955   46.967305000000003
  20.433355550577456   47.318040500000002
  21.659039564387733   47.588726399999999
  22.932783577231394   48.179637600000000
  24.255511819859098   38.267825299999998


# temperature  613.000000000000000
#   -0.053699909037067    4.284983907481043 -127.777116545143926 1687.990318559191337 -8290.103734406366129
  17.035421195840680   45.438623600000000
  18.122470597054591   46.368599000000003
  19.254807305049955   46.976374200000002
  20.433355550577456   47.326053199999997
  21.659039564387733   47.595911700000002
  22.932783577231394   48.184986100000003
  24.255511819859098   38.271819100000002


# temperature  614.000000000000000
#   -0.053691354422874    4.284242792538060 -127.753139572646148 1687.645966329380826 -8288.238855439632971
  17.035421195840680   45.452089800000003
  18.122470597054591   46.379415399999999
  19.254807305049955   46.985402000000001
  20.433355550577456   47.334029000000001
  21.659039564387733   47.603063700000000
  22.932783577231394   48.190309800000001
  24.255511819859098   38.275794400000002


# temperature  615.000000000000000
#   -0.053682835666732    4.283504778822044 -127.729262712507833 1687.303048360548701 -8286.381728027954523
  17.035421195840680   45.465496500000000
  18.122470597054591   46.390183100000002
  19.254807305049955   46.994388499999999
  20.433355550577456   47.341968100000003
  21.659039564387733   47.610182799999997
  22.932783577231394   48.195608800000002
  24.255511819859098   38.279751300000001


# temperature  616.000000000000000
#   -0.053674350156060    4.282769648285778 -127.705479187932340 1686.961471684143589 -8284.531876853163340
  17.035421195840680   45.478844000000002
  18.122470597054591   46.400902199999997
  19.254807305049955   47.003334000000002
  20.433355550577456   47.349870899999999
  21.659039564387733   47.617269100000001
  22.932783577231394   48.200883300000001
  24.255511819859098   38.283689799999998


# temperature  617.000000000000000
#   -0.053665899604069    4.282037543122487 -127.681793383845857 1686.621295815646135 -8282.689601549873260
  17.035421195840680   45.492132699999999
  18.122470597054591   46.411572999999997
  19.254807305049955   47.012238799999999
  20.433355550577456   47.357737399999998
  21.659039564387733   47.624322800000002
  22.932783577231394   48.206133500000000
  24.255511819859098   38.287610200000003


# temperature  618.000000000000000
#   -0.053657483935642    4.281308454297712 -127.658204945714374 1686.282515001472802 -8280.854868327391159
  17.035421195840680   45.505362900000002
  18.122470597054591   46.422195899999998
  19.254807305049955   47.021102999999997
  20.433355550577456   47.365568000000003
  21.659039564387733   47.631344100000000
  22.932783577231394   48.211359500000000
  24.255511819859098   38.291512400000002


# temperature  619.000000000000000
#   -0.053649101981135    4.280582286671820 -127.634710976424984 1685.945090070198603 -8279.027478413401695
  17.035421195840680   45.518535000000000
  18.122470597054591   46.432771099999997
  19.254807305049955   47.029927000000001
  20.433355550577456   47.373362700000001
  21.659039564387733   47.638333299999999
  22.932783577231394   48.216561400000003
  24.255511819859098   38.295396699999998


# temperature  620.000000000000000
#   -0.053640754184293    4.279859075511346 -127.611312528931933 1685.609035012748336 -8277.207501342632895
  17.035421195840680   45.531649199999997
  18.122470597054591   46.443298900000002
  19.254807305049955   47.038710899999998
  20.433355550577456   47.381121899999997
  21.659039564387733   47.645290500000002
  22.932783577231394   48.221739399999997
  24.255511819859098   38.299263099999997


# temperature  621.000000000000000
#   -0.053632438352649    4.279138638332663 -127.588003929497972 1685.274271691653894 -8275.394534567434675
  17.035421195840680   45.544705999999998
  18.122470597054591   46.453779500000003
  19.254807305049955   47.047454999999999
  20.433355550577456   47.388845799999999
  21.659039564387733   47.652215800000000
  22.932783577231394   48.226893599999997
  24.255511819859098   38.303111700000002


# temperature  622.000000000000000
#   -0.053624157307739    4.278421209274672 -127.564792428680093 1684.940899390982395 -8273.589084968696625
  17.035421195840680   45.557705599999998
  18.122470597054591   46.464213299999997
  19.254807305049955   47.056159600000001
  20.433355550577456   47.396534500000001
  21.659039564387733   47.659109600000001
  22.932783577231394   48.232024199999998
  24.255511819859098   38.306942700000000


# temperature  623.000000000000000
#   -0.053615909443622    4.277706652904961 -127.541673769912066 1684.608858998338519 -8271.790846219646482
  17.035421195840680   45.570648300000002
  18.122470597054591   46.474600500000001
  19.254807305049955   47.064824799999997
  20.433355550577456   47.404188300000001
  21.659039564387733   47.665971999999996
  22.932783577231394   48.237131300000001
  24.255511819859098   38.310756099999999


# temperature  624.000000000000000
#   -0.053607693936061    4.276994905934662 -127.518646145677593 1684.278127708130341 -8269.999710515088736
  17.035421195840680   45.583534499999999
  18.122470597054591   46.484941399999997
  19.254807305049955   47.073450999999999
  20.433355550577456   47.411807400000001
  21.659039564387733   47.672803100000003
  22.932783577231394   48.242215000000002
  24.255511819859098   38.314552100000000


# temperature  625.000000000000000
#   -0.053599513877142    4.276286216565242 -127.495716975428152 1683.948803401367513 -8268.216158459090366
  17.035421195840680   45.596364500000000
  18.122470597054591   46.495236300000002
  19.254807305049955   47.082038300000001
  20.433355550577456   47.419391900000001
  21.659039564387733   47.679603200000003
  22.932783577231394   48.247275600000002
  24.255511819859098   38.318330799999998


# temperature  626.000000000000000
#   -0.053591364951030    4.275580227975248 -127.472875266325872 1683.620736491519210 -8266.439431088791025
  17.035421195840680   45.609138600000001
  18.122470597054591   46.505485399999998
  19.254807305049955   47.090586899999998
  20.433355550577456   47.426942199999999
  21.659039564387733   47.686372499999997
  22.932783577231394   48.252313100000002
  24.255511819859098   38.322092200000000


# temperature  627.000000000000000
#   -0.053583250620332    4.274877228291198 -127.450129948816581 1683.294049113332449 -8264.670149799732826
  17.035421195840680   45.621857200000001
  18.122470597054591   46.515689000000002
  19.254807305049955   47.099097200000003
  20.433355550577456   47.434458300000003
  21.659039564387733   47.693111000000002
  22.932783577231394   48.257327699999998
  24.255511819859098   38.325836400000000


# temperature  628.000000000000000
#   -0.053575166474560    4.274176851015543 -127.427469667584845 1682.968585812472611 -8262.907521065053515
  17.035421195840680   45.634520500000001
  18.122470597054591   46.525847300000002
  19.254807305049955   47.107569200000000
  20.433355550577456   47.441940500000001
  21.659039564387733   47.699819099999999
  22.932783577231394   48.262319400000003
  24.255511819859098   38.329563600000000


# temperature  629.000000000000000
#   -0.053567116800282    4.273479452786719 -127.404905496940074 1682.644498650681953 -8261.152323351081577
  17.035421195840680   45.647128799999997
  18.122470597054591   46.535960699999997
  19.254807305049955   47.116003399999997
  20.433355550577456   47.449389099999998
  21.659039564387733   47.706496899999998
  22.932783577231394   48.267288600000001
  24.255511819859098   38.333273900000002


# temperature  630.000000000000000
#   -0.053559098285171    4.272784755212263 -127.382428690699058 1682.321665897475668 -8259.403923351406775
  17.035421195840680   45.659682500000002
  18.122470597054591   46.546029300000001
  19.254807305049955   47.124399699999998
  20.433355550577456   47.456804099999999
  21.659039564387733   47.713144499999999
  22.932783577231394   48.272235199999997
  24.255511819859098   38.336967399999999


# temperature  631.000000000000000
#   -0.053551111907330    4.272092842490357 -127.360041960975877 1682.000126231263266 -8257.662526488513322
  17.035421195840680   45.672181899999998
  18.122470597054591   46.556053499999997
  19.254807305049955   47.132758600000003
  20.433355550577456   47.464185800000003
  21.659039564387733   47.719762199999998
  22.932783577231394   48.277159400000002
  24.255511819859098   38.340644200000000


# temperature  632.000000000000000
#   -0.053543157338459    4.271403682855349 -127.337744187086813 1681.679862461167431 -8255.928035443203044
  17.035421195840680   45.684627300000002
  18.122470597054591   46.566033500000003
  19.254807305049955   47.141080199999998
  20.433355550577456   47.471534499999997
  21.659039564387733   47.726350099999998
  22.932783577231394   48.282061400000003
  24.255511819859098   38.344304299999997


# temperature  633.000000000000000
#   -0.053535235443146    4.270717348903764 -127.315537635457687 1681.360905756241891 -8254.200609348423313
  17.035421195840680   45.697018900000003
  18.122470597054591   46.575969499999999
  19.254807305049955   47.149364700000000
  20.433355550577456   47.478850199999997
  21.659039564387733   47.732908399999999
  22.932783577231394   48.286941300000002
  24.255511819859098   38.347947900000001


# temperature  634.000000000000000
#   -0.053527344692778    4.270033713064743 -127.293418334616220 1681.043201409645008 -8252.479966440465432
  17.035421195840680   45.709357099999998
  18.122470597054591   46.585861800000004
  19.254807305049955   47.157612299999997
  20.433355550577456   47.486133100000004
  21.659039564387733   47.739437299999999
  22.932783577231394   48.291799099999999
  24.255511819859098   38.351574999999997


# temperature  635.000000000000000
#   -0.053519484802988    4.269352751904568 -127.271385562796624 1680.726739579804189 -8250.766056343858509
  17.035421195840680   45.721642199999998
  18.122470597054591   46.595710599999997
  19.254807305049955   47.165823300000000
  20.433355550577456   47.493383600000001
  21.659039564387733   47.745936899999997
  22.932783577231394   48.296635199999997
  24.255511819859098   38.355185900000002


# temperature  636.000000000000000
#   -0.053511656878520    4.268674558344701 -127.249442245622888 1680.411561049488910 -8249.059090889113577
  17.035421195840680   45.733874399999998
  18.122470597054591   46.605516299999998
  19.254807305049955   47.173997900000003
  20.433355550577456   47.500601699999997
  21.659039564387733   47.752407499999997
  22.932783577231394   48.301449400000003
  24.255511819859098   38.358780400000001


# temperature  637.000000000000000
#   -0.053503858758049    4.267998948936166 -127.227582559284585 1680.097583905376496 -8247.358639369436787
  17.035421195840680   45.746054200000003
  18.122470597054591   46.615279000000001
  19.254807305049955   47.182136300000003
  20.433355550577456   47.507787700000002
  21.659039564387733   47.758849200000000
  22.932783577231394   48.306242099999999
  24.255511819859098   38.362358899999997


# temperature  638.000000000000000
#   -0.053496093910485    4.267326209693903 -127.205815306739254 1679.784927979813347 -8245.665310243801287
  17.035421195840680   45.758181700000002
  18.122470597054591   46.624999000000003
  19.254807305049955   47.190238600000001
  20.433355550577456   47.514941700000001
  21.659039564387733   47.765262100000001
  22.932783577231394   48.311013400000000
  24.255511819859098   38.365921299999997


# temperature  639.000000000000000
#   -0.053488358425106    4.266656023386755 -127.184130898987277 1679.473465222978348 -8243.978465656933622
  17.035421195840680   45.770257200000003
  18.122470597054591   46.634676499999998
  19.254807305049955   47.198305200000000
  20.433355550577456   47.522063899999999
  21.659039564387733   47.771646400000002
  22.932783577231394   48.315763199999999
  24.255511819859098   38.369467700000001


# temperature  640.000000000000000
#   -0.053480654495608    4.265988560768284 -127.162534261803074 1679.163258002183966 -8242.298397572951217
  17.035421195840680   45.782281099999999
  18.122470597054591   46.644311799999997
  19.254807305049955   47.206336100000001
  20.433355550577456   47.529154499999997
  21.659039564387733   47.778002399999998
  22.932783577231394   48.320491900000000
  24.255511819859098   38.372998299999999


# temperature  641.000000000000000
#   -0.053472979770060    4.265323636337484 -127.141019959214049 1678.854236153137663 -8240.624769085439766
  17.035421195840680   45.794253599999998
  18.122470597054591   46.653905100000003
  19.254807305049955   47.214331700000002
  20.433355550577456   47.536213799999999
  21.659039564387733   47.784330099999998
  22.932783577231394   48.325199499999997
  24.255511819859098   38.376513199999998


# temperature  642.000000000000000
#   -0.053465336837141    4.264661456957603 -127.119594149164683 1678.546480575173973 -8238.957975629242355
  17.035421195840680   45.806175000000003
  18.122470597054591   46.663456699999998
  19.254807305049955   47.222292099999997
  20.433355550577456   47.543241799999997
  21.659039564387733   47.790629799999998
  22.932783577231394   48.329886100000003
  24.255511819859098   38.380012299999997


# temperature  643.000000000000000
#   -0.053457724082925    4.264001894048367 -127.098253003779178 1678.239940759983028 -8237.297767604306500
  17.035421195840680   45.818045599999998
  18.122470597054591   46.672966799999998
  19.254807305049955   47.230217500000002
  20.433355550577456   47.550238700000001
  21.659039564387733   47.796901499999997
  22.932783577231394   48.334551800000000
  24.255511819859098   38.383495900000000


# temperature  644.000000000000000
#   -0.053450139370272    4.263344765568596 -127.076990756772773 1677.934536193972008 -8235.643726548993072
  17.035421195840680   45.829865699999999
  18.122470597054591   46.682435599999998
  19.254807305049955   47.238108099999998
  20.433355550577456   47.557204900000002
  21.659039564387733   47.803145499999999
  22.932783577231394   48.339196800000003
  24.255511819859098   38.386963999999999


# temperature  645.000000000000000
#   -0.053442587439941    4.262690463348580 -127.055819476416488 1677.630430993177242 -8233.996683541388848
  17.035421195840680   45.841635599999996
  18.122470597054591   46.691863400000003
  19.254807305049955   47.245964200000003
  20.433355550577456   47.564140299999998
  21.659039564387733   47.809361899999999
  22.932783577231394   48.343821300000002
  24.255511819859098   38.390416700000003


# temperature  646.000000000000000
#   -0.053435063692757    4.262038607207129 -127.034727451990278 1677.327465849017926 -8232.355830892900485
  17.035421195840680   45.853355399999998
  18.122470597054591   46.701250299999998
  19.254807305049955   47.253785800000003
  20.433355550577456   47.571045200000000
  21.659039564387733   47.815550899999998
  22.932783577231394   48.348425200000001
  24.255511819859098   38.393853999999997


# temperature  647.000000000000000
#   -0.053427568736735    4.261389251577616 -127.013716476365758 1677.025666508499171 -8230.721304326683821
  17.035421195840680   45.865025600000003
  18.122470597054591   46.710596700000004
  19.254807305049955   47.261573300000002
  20.433355550577456   47.577919799999997
  21.659039564387733   47.821712599999998
  22.932783577231394   48.353008699999997
  24.255511819859098   38.397276200000000


# temperature  648.000000000000000
#   -0.053420106376321    4.260742702091316 -126.992795704258981 1676.725154149778973 -8229.093701778503601
  17.035421195840680   45.876646399999998
  18.122470597054591   46.719902800000000
  19.254807305049955   47.269326800000002
  20.433355550577456   47.584764200000002
  21.659039564387733   47.827847200000001
  22.932783577231394   48.357572099999999
  24.255511819859098   38.400683200000003


# temperature  649.000000000000000
#   -0.053412671534516    4.260098543672280 -126.971952481094490 1676.425758250153422 -8227.472166083865886
  17.035421195840680   45.888218000000002
  18.122470597054591   46.729168700000002
  19.254807305049955   47.277046499999997
  20.433355550577456   47.591578599999998
  21.659039564387733   47.833954900000002
  22.932783577231394   48.362115299999999
  24.255511819859098   38.404075200000001


# temperature  650.000000000000000
#   -0.053405262775441    4.259456657906232 -126.951183160789711 1676.127429091095792 -8225.856443492617473
  17.035421195840680   45.899740799999996
  18.122470597054591   46.738394700000001
  19.254807305049955   47.284732599999998
  20.433355550577456   47.598363300000003
  21.659039564387733   47.840035800000003
  22.932783577231394   48.366638399999999
  24.255511819859098   38.407452300000003


# temperature  651.000000000000000
#   -0.053397887209861    4.258817629236193 -126.930505665207221 1675.830409656173060 -8224.247762705837886
  17.035421195840680   45.911214899999997
  18.122470597054591   46.747581099999998
  19.254807305049955   47.292385299999999
  20.433355550577456   47.605118300000001
  21.659039564387733   47.846089999999997
  22.932783577231394   48.371141700000003
  24.255511819859098   38.410814400000000


# temperature  652.000000000000000
#   -0.053390539349869    4.258181005144507 -126.909906065364197 1675.534510248145807 -8222.645159062882158
  17.035421195840680   45.922640700000002
  18.122470597054591   46.756728000000003
  19.254807305049955   47.300004800000004
  20.433355550577456   47.611843800000003
  21.659039564387733   47.852117700000001
  22.932783577231394   48.375625200000002
  24.255511819859098   38.414161800000002


# temperature  653.000000000000000
#   -0.053383220349188    4.257546879438859 -126.889387216138360 1675.239769395955591 -8221.048826810952960
  17.035421195840680   45.934018399999999
  18.122470597054591   46.765835699999997
  19.254807305049955   47.307591299999999
  20.433355550577456   47.618540099999997
  21.659039564387733   47.858119100000003
  22.932783577231394   48.380089099999999
  24.255511819859098   38.417494499999997


# temperature  654.000000000000000
#   -0.053375928392964    4.256915102262904 -126.868944492889227 1674.946123851775383 -8219.458442266244674
  17.035421195840680   45.945348299999999
  18.122470597054591   46.774904399999997
  19.254807305049955   47.315144900000000
  20.433355550577456   47.625207199999998
  21.659039564387733   47.864094399999999
  22.932783577231394   48.384533300000001
  24.255511819859098   38.420812599999998


# temperature  655.000000000000000
#   -0.053368667785879    4.256286026883579 -126.848588712905283 1674.653720077963271 -8217.874745005283330
  17.035421195840680   45.956630599999997
  18.122470597054591   46.783934299999999
  19.254807305049955   47.322665899999997
  20.433355550577456   47.631845300000002
  21.659039564387733   47.870043600000002
  22.932783577231394   48.388958199999998
  24.255511819859098   38.424116099999999


# temperature  656.000000000000000
#   -0.053361434725462    4.255659341236640 -126.828310313740616 1674.362428367161328 -8216.297077524208362
  17.035421195840680   45.967865699999997
  18.122470597054591   46.792925699999998
  19.254807305049955   47.330154399999998
  20.433355550577456   47.638454600000003
  21.659039564387733   47.875966900000002
  22.932783577231394   48.393363700000002
  24.255511819859098   38.427405200000003


# temperature  657.000000000000000
#   -0.053354229057102    4.255035031266666 -126.808108830891342 1674.072242088313942 -8214.725405102461082
  17.035421195840680   45.979053700000001
  18.122470597054591   46.801878700000003
  19.254807305049955   47.337610599999998
  20.433355550577456   47.645035300000004
  21.659039564387733   47.881864499999999
  22.932783577231394   48.397750000000002
  24.255511819859098   38.430680000000002


# temperature  658.000000000000000
#   -0.053347050638018    4.254413085189042 -126.787983900142649 1673.783156207302000 -8213.159701154063441
  17.035421195840680   45.990194899999999
  18.122470597054591   46.810793500000003
  19.254807305049955   47.345034699999999
  20.433355550577456   47.651587599999999
  21.659039564387733   47.887736400000001
  22.932783577231394   48.402117199999999
  24.255511819859098   38.433940499999999


# temperature  659.000000000000000
#   -0.053339902449444    4.253793745420235 -126.767942872580107 1673.495269216244651 -8211.600457259513860
  17.035421195840680   46.001289600000000
  18.122470597054591   46.819670500000001
  19.254807305049955   47.352426899999998
  20.433355550577456   47.658111499999997
  21.659039564387733   47.893583000000000
  22.932783577231394   48.406465400000002
  24.255511819859098   38.437186699999998


# temperature  660.000000000000000
#   -0.053332781349525    4.253176755907565 -126.747977953575571 1673.208476066864250 -8210.047144476480753
  17.035421195840680   46.012338000000000
  18.122470597054591   46.828509699999998
  19.254807305049955   47.359787300000001
  20.433355550577456   47.664607199999999
  21.659039564387733   47.899404199999999
  22.932783577231394   48.410794699999997
  24.255511819859098   38.440418899999997


# temperature  661.000000000000000
#   -0.053325686744504    4.252562065045089 -126.728087489579778 1672.922753548396713 -8208.499641841966877
  17.035421195840680   46.023340400000002
  18.122470597054591   46.837311399999997
  19.254807305049955   47.367116199999998
  20.433355550577456   47.671075000000002
  21.659039564387733   47.905200299999997
  22.932783577231394   48.415105199999999
  24.255511819859098   38.443637000000003


# temperature  662.000000000000000
#   -0.053318618189907    4.251949635799839 -126.708270317225455 1672.638085322857705 -8206.957862693434436
  17.035421195840680   46.034297100000003
  18.122470597054591   46.846075800000001
  19.254807305049955   47.374413699999998
  20.433355550577456   47.677515000000000
  21.659039564387733   47.910971400000001
  22.932783577231394   48.419396999999996
  24.255511819859098   38.446841200000001


# temperature  663.000000000000000
#   -0.053311579784399    4.251339805940543 -126.688536821011795 1672.354612536097193 -8205.422522444740025
  17.035421195840680   46.045208199999998
  18.122470597054591   46.854803099999998
  19.254807305049955   47.381680000000003
  20.433355550577456   47.683927199999999
  21.659039564387733   47.916717599999998
  22.932783577231394   48.423670299999998
  24.255511819859098   38.450031500000001


# temperature  664.000000000000000
#   -0.053304567950385    4.250732280826623 -126.668877954489503 1672.072212438770521 -8203.892999680005232
  17.035421195840680   46.056074000000002
  18.122470597054591   46.863493599999998
  19.254807305049955   47.388915200000000
  20.433355550577456   47.690311999999999
  21.659039564387733   47.922439099999998
  22.932783577231394   48.427925100000003
  24.255511819859098   38.453207999999997


# temperature  665.000000000000000
#   -0.053297582625289    4.250127051930052 -126.649293344002331 1671.790878327336941 -8202.369251482970867
  17.035421195840680   46.066894800000000
  18.122470597054591   46.872147300000002
  19.254807305049955   47.396119599999999
  20.433355550577456   47.696669399999998
  21.659039564387733   47.928136000000002
  22.932783577231394   48.432161600000001
  24.255511819859098   38.456370800000002


# temperature  666.000000000000000
#   -0.053290625682958    4.249524278610954 -126.629788047839526 1671.510681167336088 -8200.851648737776486
  17.035421195840680   46.077670699999999
  18.122470597054591   46.880764599999999
  19.254807305049955   47.403293300000001
  20.433355550577456   47.702999599999998
  21.659039564387733   47.933808399999997
  22.932783577231394   48.436379799999997
  24.255511819859098   38.459519899999997


# temperature  667.000000000000000
#   -0.053283694776591    4.248923759107133 -126.610355591409672 1671.231529068798864 -8199.339704710408114
  17.035421195840680   46.088402199999997
  18.122470597054591   46.889345599999999
  19.254807305049955   47.410436500000003
  20.433355550577456   47.709302700000002
  21.659039564387733   47.939456600000000
  22.932783577231394   48.440579900000003
  24.255511819859098   38.462655499999997


# temperature  668.000000000000000
#   -0.053276790659607    4.248325563785495 -126.590998403436487 1670.953458753244149 -8197.833624570203028
  17.035421195840680   46.099089300000003
  18.122470597054591   46.897890500000003
  19.254807305049955   47.417549399999999
  20.433355550577456   47.715578899999997
  21.659039564387733   47.945080500000003
  22.932783577231394   48.444761900000003
  24.255511819859098   38.465777600000003


# temperature  669.000000000000000
#   -0.053269912831257    4.247729644973383 -126.571714819405230 1670.676444876705091 -8196.333265801569723
  17.035421195840680   46.109732299999997
  18.122470597054591   46.906399499999999
  19.254807305049955   47.424632099999997
  20.433355550577456   47.721828400000000
  21.659039564387733   47.950680400000003
  22.932783577231394   48.448926000000000
  24.255511819859098   38.468886300000001


# temperature  670.000000000000000
#   -0.053263061998407    4.247136060556856 -126.552506597485305 1670.400510871013012 -8194.838743669926771
  17.035421195840680   46.120331499999999
  18.122470597054591   46.914872899999999
  19.254807305049955   47.431684699999998
  20.433355550577456   47.728051200000003
  21.659039564387733   47.956256500000002
  22.932783577231394   48.453072200000001
  24.255511819859098   38.471981700000001


# temperature  671.000000000000000
#   -0.053256237971854    4.246544796815354 -126.533373380332336 1670.125652822187703 -8193.350043138823821
  17.035421195840680   46.130887100000002
  18.122470597054591   46.923310800000003
  19.254807305049955   47.438707500000000
  20.433355550577456   47.734247600000003
  21.659039564387733   47.961808699999999
  22.932783577231394   48.457200700000001
  24.255511819859098   38.475063800000001


# temperature  672.000000000000000
#   -0.053249437538065    4.245955585761637 -126.514306831880262 1669.851756093284394 -8191.866575962740171
  17.035421195840680   46.141399399999997
  18.122470597054591   46.931713299999998
  19.254807305049955   47.445700700000003
  20.433355550577456   47.740417700000002
  21.659039564387733   47.967337299999997
  22.932783577231394   48.461311500000001
  24.255511819859098   38.478132700000003


# temperature  673.000000000000000
#   -0.053242664129952    4.245368713262774 -126.495315827093833 1669.578942413907271 -8190.388964308694995
  17.035421195840680   46.151868499999999
  18.122470597054591   46.940080799999997
  19.254807305049955   47.452664300000002
  20.433355550577456   47.746561700000001
  21.659039564387733   47.972842399999998
  22.932783577231394   48.465404800000002
  24.255511819859098   38.481188600000003


# temperature  674.000000000000000
#   -0.053235918255543    4.244784216509934 -126.476401367250347 1669.307223463066748 -8188.917257355925358
  17.035421195840680   46.162294699999997
  18.122470597054591   46.948413400000000
  19.254807305049955   47.459598600000000
  20.433355550577456   47.752679600000000
  21.659039564387733   47.978324200000003
  22.932783577231394   48.469480699999998
  24.255511819859098   38.484231399999999


# temperature  675.000000000000000
#   -0.053229197343590    4.244201885169727 -126.457557032658471 1669.036512575084771 -8187.451018257814212
  17.035421195840680   46.172678200000000
  18.122470597054591   46.956711200000001
  19.254807305049955   47.466503699999997
  20.433355550577456   47.758771600000003
  21.659039564387733   47.983782699999999
  22.932783577231394   48.473539199999998
  24.255511819859098   38.487261199999999


# temperature  676.000000000000000
#   -0.053222503678097    4.243621910746858 -126.438788815781081 1668.766892649075999 -8185.990674379124357
  17.035421195840680   46.183019199999997
  18.122470597054591   46.964974599999998
  19.254807305049955   47.473379799999996
  20.433355550577456   47.764837999999997
  21.659039564387733   47.989218000000001
  22.932783577231394   48.477580500000002
  24.255511819859098   38.490278099999998


# temperature  677.000000000000000
#   -0.053215833684156    4.243043990403416 -126.420087143028212 1668.498229859605772 -8184.535527875746993
  17.035421195840680   46.193317999999998
  18.122470597054591   46.973203499999997
  19.254807305049955   47.480226999999999
  20.433355550577456   47.770878699999997
  21.659039564387733   47.994630399999998
  22.932783577231394   48.481604599999997
  24.255511819859098   38.493282200000003


# temperature  678.000000000000000
#   -0.053209189013121    4.242468264964574 -126.401456490035400 1668.230586973355685 -8183.085905963208461
  17.035421195840680   46.203574900000000
  18.122470597054591   46.981398400000003
  19.254807305049955   47.487045500000001
  20.433355550577456   47.776893999999999
  21.659039564387733   48.000019999999999
  22.932783577231394   48.485611599999999
  24.255511819859098   38.496273600000002


# temperature  679.000000000000000
#   -0.053202569935995    4.241894755482377 -126.382897472457259 1667.963972055727027 -8181.641848658053277
  17.035421195840680   46.213789900000002
  18.122470597054591   46.989559200000002
  19.254807305049955   47.493835500000003
  20.433355550577456   47.782884000000003
  21.659039564387733   48.005386799999997
  22.932783577231394   48.489601700000001
  24.255511819859098   38.499252300000002


# temperature  680.000000000000000
#   -0.053195978011159    4.241323588365254 -126.364413902247165 1667.698435703877522 -8180.203604921542137
  17.035421195840680   46.223963400000002
  18.122470597054591   46.997686299999998
  19.254807305049955   47.500597100000000
  20.433355550577456   47.788848799999997
  21.659039564387733   48.010731000000000
  22.932783577231394   48.493575000000000
  24.255511819859098   38.502218399999997


# temperature  681.000000000000000
#   -0.053189408541100    4.240754380016309 -126.345994105329140 1667.433820984160548 -8178.770388297624777
  17.035421195840680   46.234095500000002
  18.122470597054591   47.005779799999999
  19.254807305049955   47.507330400000001
  20.433355550577456   47.794788699999998
  21.659039564387733   48.016052700000003
  22.932783577231394   48.497531400000000
  24.255511819859098   38.505172000000002


# temperature  682.000000000000000
#   -0.053182864570781    4.240187373071771 -126.327645273480158 1667.170221836882092 -8177.342654730373397
  17.035421195840680   46.244186599999999
  18.122470597054591   47.013839800000000
  19.254807305049955   47.514035700000001
  20.433355550577456   47.800703599999999
  21.659039564387733   48.021352100000001
  22.932783577231394   48.501471199999997
  24.255511819859098   38.508113100000003


# temperature  683.000000000000000
#   -0.053176345752107    4.239622543878112 -126.309366844241623 1666.907632972260899 -8175.920389680662993
  17.035421195840680   46.254236700000000
  18.122470597054591   47.021866600000003
  19.254807305049955   47.520713000000001
  20.433355550577456   47.806593800000002
  21.659039564387733   48.026629300000003
  22.932783577231394   48.505394400000000
  24.255511819859098   38.511041800000001


# temperature  684.000000000000000
#   -0.053169852538483    4.239059932813306 -126.291160145981962 1666.646073506258062 -8174.503694451133924
  17.035421195840680   46.264246100000001
  18.122470597054591   47.029860399999997
  19.254807305049955   47.527362599999996
  20.433355550577456   47.812459400000002
  21.659039564387733   48.031884300000002
  22.932783577231394   48.509301100000002
  24.255511819859098   38.513958199999998


# temperature  685.000000000000000
#   -0.053163382963108    4.238499369631218 -126.273019686551834 1666.385465197731492 -8173.092153691176463
  17.035421195840680   46.274215099999999
  18.122470597054591   47.037821299999997
  19.254807305049955   47.533984500000003
  20.433355550577456   47.818300499999999
  21.659039564387733   48.037117400000000
  22.932783577231394   48.513191399999997
  24.255511819859098   38.516862400000001


# temperature  686.000000000000000
#   -0.053156938380676    4.237940971083427 -126.254949223281244 1666.125861495249865 -8171.686050537598021
  17.035421195840680   46.284143800000002
  18.122470597054591   47.045749499999999
  19.254807305049955   47.540579000000001
  20.433355550577456   47.824117200000003
  21.659039564387733   48.042328599999998
  22.932783577231394   48.517065299999999
  24.255511819859098   38.519754300000002


# temperature  687.000000000000000
#   -0.053150517009858    4.237384585237018 -126.236943914801387 1665.867194134312058 -8170.285025667039008
  17.035421195840680   46.294032500000000
  18.122470597054591   47.053645099999997
  19.254807305049955   47.547146099999999
  20.433355550577456   47.829909800000003
  21.659039564387733   48.047517999999997
  22.932783577231394   48.520923099999997
  24.255511819859098   38.522634199999999


# temperature  688.000000000000000
#   -0.053144120603502    4.236830358655785 -126.219008349545973 1665.609526792970655 -8168.889409115492526
  17.035421195840680   46.303881300000000
  18.122470597054591   47.061508400000001
  19.254807305049955   47.553686100000000
  20.433355550577456   47.835678299999998
  21.659039564387733   48.052685900000000
  22.932783577231394   48.524764699999999
  24.255511819859098   38.525501900000002


# temperature  689.000000000000000
#   -0.053137749013504    4.236278280072844 -126.201142188983567 1665.352854678907306 -8167.499173977323153
  17.035421195840680   46.313690500000000
  18.122470597054591   47.069339499999998
  19.254807305049955   47.560199099999998
  20.433355550577456   47.841422799999997
  21.659039564387733   48.057832200000000
  22.932783577231394   48.528590299999998
  24.255511819859098   38.528357700000001


# temperature  690.000000000000000
#   -0.053131400649886    4.235728217055551 -126.183341324471400 1665.097121502325308 -8166.114032656822928
  17.035421195840680   46.323460300000001
  18.122470597054591   47.077138599999998
  19.254807305049955   47.566685200000002
  20.433355550577456   47.847143500000001
  21.659039564387733   48.062957099999998
  22.932783577231394   48.532399900000001
  24.255511819859098   38.531201600000003


# temperature  691.000000000000000
#   -0.053125077549075    4.235180332636538 -126.165610620289328 1664.842391361799173 -8164.734299744120108
  17.035421195840680   46.333190899999998
  18.122470597054591   47.084905900000003
  19.254807305049955   47.573144499999998
  20.433355550577456   47.852840499999999
  21.659039564387733   48.068060799999998
  22.932783577231394   48.536193699999998
  24.255511819859098   38.534033600000001


# temperature  692.000000000000000
#   -0.053118776492167    4.234634369829552 -126.147942440696099 1664.588564164824675 -8163.359486580429802
  17.035421195840680   46.342882400000001
  18.122470597054591   47.092641499999999
  19.254807305049955   47.579577299999997
  20.433355550577456   47.858514000000000
  21.659039564387733   48.073143299999998
  22.932783577231394   48.539971600000001
  24.255511819859098   38.536853800000003


# temperature  693.000000000000000
#   -0.053112499089228    4.234090451262624 -126.130340229578906 1664.335682072549162 -8161.989782203218056
  17.035421195840680   46.352535199999998
  18.122470597054591   47.100345599999997
  19.254807305049955   47.585983599999999
  20.433355550577456   47.864164100000004
  21.659039564387733   48.078204800000002
  22.932783577231394   48.543733899999999
  24.255511819859098   38.539662300000003


# temperature  694.000000000000000
#   -0.053106246393259    4.233548668439107 -126.112806945119587 1664.083787229736345 -8160.625409673079048
  17.035421195840680   46.362149400000000
  18.122470597054591   47.108018399999999
  19.254807305049955   47.592363599999999
  20.433355550577456   47.869790799999997
  21.659039564387733   48.083245400000003
  22.932783577231394   48.547480600000000
  24.255511819859098   38.542459200000003


# temperature  695.000000000000000
#   -0.053100017585813    4.233008955921477 -126.095340650368769 1663.832854468593723 -8159.266247673189355
  17.035421195840680   46.371725099999999
  18.122470597054591   47.115660099999999
  19.254807305049955   47.598717399999998
  20.433355550577456   47.875394399999998
  21.659039564387733   48.088265100000001
  22.932783577231394   48.551211700000003
  24.255511819859098   38.545244400000001


# temperature  696.000000000000000
#   -0.053093810067146    4.232471094476574 -126.077934442880746 1663.582787643107849 -8157.911796181880163
  17.035421195840680   46.381262700000001
  18.122470597054591   47.123270699999999
  19.254807305049955   47.605045300000000
  20.433355550577456   47.880974999999999
  21.659039564387733   48.093264099999999
  22.932783577231394   48.554927399999997
  24.255511819859098   38.548018100000000


# temperature  697.000000000000000
#   -0.053087628078488    4.231935431928310 -126.060598962898922 1663.333730645954574 -8156.562780946075691
  17.035421195840680   46.390762199999998
  18.122470597054591   47.130850500000001
  19.254807305049955   47.611347199999997
  20.433355550577456   47.886532600000002
  21.659039564387733   48.098242599999999
  22.932783577231394   48.558627799999996
  24.255511819859098   38.550780300000000


# temperature  698.000000000000000
#   -0.053081466113305    4.231401519093672 -126.043320536523751 1663.085499319573728 -8155.218275720340898
  17.035421195840680   46.400224000000001
  18.122470597054591   47.138399600000000
  19.254807305049955   47.617623399999999
  20.433355550577456   47.892067400000002
  21.659039564387733   48.103200600000001
  22.932783577231394   48.562312800000001
  24.255511819859098   38.553531200000002


# temperature  699.000000000000000
#   -0.053075328985523    4.230869750097011 -126.026111218807074 1662.838256925926999 -8153.879106344787033
  17.035421195840680   46.409648099999998
  18.122470597054591   47.145918199999997
  19.254807305049955   47.623874100000002
  20.433355550577456   47.897579600000000
  21.659039564387733   48.108138199999999
  22.932783577231394   48.565982699999999
  24.255511819859098   38.556270599999998


# temperature  700.000000000000000
#   -0.053069215618292    4.230340032002646 -126.008967993202830 1662.591959873136375 -8152.545036441766570
  17.035421195840680   46.419034900000000
  18.122470597054591   47.153406500000003
  19.254807305049955   47.630099199999997
  20.433355550577456   47.903069100000003
  21.659039564387733   48.113055600000003
  22.932783577231394   48.569637499999999
  24.255511819859098   38.558998799999998


# temperature  701.000000000000000
#   -0.053063124295231    4.229812228914830 -125.991886875851478 1662.346556948268699 -8151.215822448353720
  17.035421195840680   46.428384399999999
  18.122470597054591   47.160864599999996
  19.254807305049955   47.636299000000001
  20.433355550577456   47.908536300000002
  21.659039564387733   48.117952799999998
  22.932783577231394   48.573277300000001
  24.255511819859098   38.561715800000002


# temperature  702.000000000000000
#   -0.053057054984964    4.229286336538805 -125.974867678535020 1662.102044745985268 -8149.891442083045149
  17.035421195840680   46.437696899999999
  18.122470597054591   47.168292700000002
  19.254807305049955   47.642473699999996
  20.433355550577456   47.913981200000002
  21.659039564387733   48.122830000000000
  22.932783577231394   48.576902099999998
  24.255511819859098   38.564421600000003


# temperature  703.000000000000000
#   -0.053051010005342    4.228762540747314 -125.957915946324150 1661.858496207372127 -8148.572252311047123
  17.035421195840680   46.446972500000001
  18.122470597054591   47.175690899999999
  19.254807305049955   47.648623200000003
  20.433355550577456   47.919403799999998
  21.659039564387733   48.127687299999998
  22.932783577231394   48.580512100000000
  24.255511819859098   38.567116300000002


# temperature  704.000000000000000
#   -0.053044985127708    4.228240501284247 -125.941021479493799 1661.615776277595387 -8147.257586135267047
  17.035421195840680   46.456211500000002
  18.122470597054591   47.183059399999998
  19.254807305049955   47.654747899999997
  20.433355550577456   47.924804399999999
  21.659039564387733   48.132524699999998
  22.932783577231394   48.584107199999998
  24.255511819859098   38.569800000000001


# temperature  705.000000000000000
#   -0.053038985212173    4.227720608949767 -125.924195987933331 1661.374039917268192 -8145.948207605579228
  17.035421195840680   46.465414099999997
  18.122470597054591   47.190398399999999
  19.254807305049955   47.660847799999999
  20.433355550577456   47.930183000000000
  21.659039564387733   48.137342400000001
  22.932783577231394   48.587687699999996
  24.255511819859098   38.572472599999998


# temperature  706.000000000000000
#   -0.053033007151708    4.227202612616563 -125.907431908149888 1661.133186542281919 -8144.643618336421241
  17.035421195840680   46.474580300000000
  18.122470597054591   47.197707999999999
  19.254807305049955   47.666922999999997
  20.433355550577456   47.935539800000001
  21.659039564387733   48.142140599999998
  22.932783577231394   48.591253600000002
  24.255511819859098   38.575134400000003


# temperature  707.000000000000000
#   -0.053027049605366    4.226686398323396 -125.890725620190892 1660.893165180504411 -8143.343549675982104
  17.035421195840680   46.483710500000001
  18.122470597054591   47.204988299999997
  19.254807305049955   47.672973599999999
  20.433355550577456   47.940874899999997
  21.659039564387733   48.146919199999999
  22.932783577231394   48.594804900000000
  24.255511819859098   38.577785300000002


# temperature  708.000000000000000
#   -0.053021113471538    4.226172043518201 -125.874079617734154 1660.654011345644903 -8142.048190064335358
  17.035421195840680   46.492804800000002
  18.122470597054591   47.212239500000003
  19.254807305049955   47.678999900000001
  20.433355550577456   47.946188399999997
  21.659039564387733   48.151678400000002
  22.932783577231394   48.598341699999999
  24.255511819859098   38.580425400000003


# temperature  709.000000000000000
#   -0.053015202218898    4.225659828955698 -125.857502365443054 1660.415837688808551 -8140.758097719543002
  17.035421195840680   46.501863399999998
  18.122470597054591   47.219461799999998
  19.254807305049955   47.685001900000003
  20.433355550577456   47.951480300000000
  21.659039564387733   48.156418299999999
  22.932783577231394   48.601864200000001
  24.255511819859098   38.583054699999998


# temperature  710.000000000000000
#   -0.053009310788798    4.225149341448509 -125.840981290011101 1660.178475269086675 -8139.472426727774291
  17.035421195840680   46.510886399999997
  18.122470597054591   47.226655299999997
  19.254807305049955   47.690979800000001
  20.433355550577456   47.956750900000003
  21.659039564387733   48.161139100000000
  22.932783577231394   48.605372299999999
  24.255511819859098   38.585673300000003


# temperature  711.000000000000000
#   -0.053003442029772    4.224640813441130 -125.824523444284523 1659.942018368984236 -8138.191645414103732
  17.035421195840680   46.519874100000003
  18.122470597054591   47.233820199999997
  19.254807305049955   47.696933600000001
  20.433355550577456   47.962000300000000
  21.659039564387733   48.165840699999997
  22.932783577231394   48.608866300000003
  24.255511819859098   38.588281400000000


# temperature  712.000000000000000
#   -0.052997593329799    4.224134028591179 -125.808122159097366 1659.706376259837725 -8136.915293841306266
  17.035421195840680   46.528826700000003
  18.122470597054591   47.240956599999997
  19.254807305049955   47.702863600000001
  20.433355550577456   47.967228499999997
  21.659039564387733   48.170523400000000
  22.932783577231394   48.612346000000002
  24.255511819859098   38.590878799999999


# temperature  713.000000000000000
#   -0.052991767714001    4.223629235979189 -125.791785078763496 1659.471652602934455 -8135.643896127495282
  17.035421195840680   46.537744199999999
  18.122470597054591   47.248064599999999
  19.254807305049955   47.708769799999999
  20.433355550577456   47.972435599999997
  21.659039564387733   48.175187200000003
  22.932783577231394   48.615811700000002
  24.255511819859098   38.593465700000003


# temperature  714.000000000000000
#   -0.052985963067942    4.223126264612408 -125.775507049185592 1659.237778727219847 -8134.377110597736646
  17.035421195840680   46.546626900000000
  18.122470597054591   47.255144500000000
  19.254807305049955   47.714652399999999
  20.433355550577456   47.977621900000003
  21.659039564387733   48.179832200000000
  22.932783577231394   48.619263400000001
  24.255511819859098   38.596042199999999


# temperature  715.000000000000000
#   -0.052980179378359    4.222625106824436 -125.759287625120493 1659.004745627911007 -8133.114876080436261
  17.035421195840680   46.555475000000001
  18.122470597054591   47.262196299999999
  19.254807305049955   47.720511399999999
  20.433355550577456   47.982787299999998
  21.659039564387733   48.184458499999998
  22.932783577231394   48.622701100000000
  24.255511819859098   38.598608200000001


# temperature  716.000000000000000
#   -0.052974418281372    4.222125902206971 -125.743131244689025 1658.772615596089281 -8131.857517887480753
  17.035421195840680   46.564288699999999
  18.122470597054591   47.269220300000001
  19.254807305049955   47.726347099999998
  20.433355550577456   47.987932000000001
  21.659039564387733   48.189066199999999
  22.932783577231394   48.626125000000002
  24.255511819859098   38.601163900000003


# temperature  717.000000000000000
#   -0.052968677952686    4.221628497521703 -125.727033116308903 1658.541322546204356 -8130.604696820163554
  17.035421195840680   46.573067999999999
  18.122470597054591   47.276216499999997
  19.254807305049955   47.732159500000002
  20.433355550577456   47.993056099999997
  21.659039564387733   48.193655499999998
  22.932783577231394   48.629535099999998
  24.255511819859098   38.603709299999998


# temperature  718.000000000000000
#   -0.052962956292570    4.221132719441614 -125.710987891633025 1658.310793329109401 -8129.356038444485421
  17.035421195840680   46.581813300000000
  18.122470597054591   47.283185000000003
  19.254807305049955   47.737948799999998
  20.433355550577456   47.998159800000003
  21.659039564387733   48.198226300000002
  22.932783577231394   48.632931499999998
  24.255511819859098   38.606244500000003


# temperature  719.000000000000000
#   -0.052957257841561    4.220638942150243 -125.695007076714049 1658.081184382183665 -8128.112336064422379
  17.035421195840680   46.590524600000002
  18.122470597054591   47.290126100000002
  19.254807305049955   47.743715000000002
  20.433355550577456   48.003242999999998
  21.659039564387733   48.202778799999997
  22.932783577231394   48.636314200000001
  24.255511819859098   38.608769400000000


# temperature  720.000000000000000
#   -0.052951579210460    4.220146886382990 -125.679082087033095 1657.852379037819901 -8126.872998003716930
  17.035421195840680   46.599202200000001
  18.122470597054591   47.297039900000001
  19.254807305049955   47.749458400000002
  20.433355550577456   48.008305999999997
  21.659039564387733   48.207313200000002
  22.932783577231394   48.639683400000003
  24.255511819859098   38.611284300000001


# temperature  721.000000000000000
#   -0.052945921914125    4.219656675538071 -125.663216676699705 1657.624427832245146 -8125.638278167448334
  17.035421195840680   46.607846100000003
  18.122470597054591   47.303926500000003
  19.254807305049955   47.755178899999997
  20.433355550577456   48.013348899999997
  21.659039564387733   48.211829399999999
  22.932783577231394   48.643039100000003
  24.255511819859098   38.613788999999997


# temperature  722.000000000000000
#   -0.052940285051313    4.219168234909740 -125.647408522441623 1657.397298612982013 -8124.408009227479852
  17.035421195840680   46.616456700000001
  18.122470597054591   47.310786100000001
  19.254807305049955   47.760876799999998
  20.433355550577456   48.018371600000002
  21.659039564387733   48.216327700000001
  22.932783577231394   48.646381300000002
  24.255511819859098   38.616283699999997


# temperature  723.000000000000000
#   -0.052934669143271    4.218681607687722 -125.631658965090764 1657.171009883702482 -8123.182286928638860
  17.035421195840680   46.625033999999999
  18.122470597054591   47.317618699999997
  19.254807305049955   47.766552200000000
  20.433355550577456   48.023374400000002
  21.659039564387733   48.220807999999998
  22.932783577231394   48.649710300000002
  24.255511819859098   38.618768500000002


# temperature  724.000000000000000
#   -0.052929072834853    4.218196682282038 -125.615964580886057 1656.945515210127951 -8121.960876053137326
  17.035421195840680   46.633578200000002
  18.122470597054591   47.324424600000000
  19.254807305049955   47.772205100000001
  20.433355550577456   48.028357399999997
  21.659039564387733   48.225270500000001
  22.932783577231394   48.653025900000003
  24.255511819859098   38.621243300000003


# temperature  725.000000000000000
#   -0.052923497999889    4.217713614522092 -125.600330198295381 1656.720880663883918 -8120.744113397316141
  17.035421195840680   46.642089400000003
  18.122470597054591   47.331203899999998
  19.254807305049955   47.777835699999997
  20.433355550577456   48.033320600000003
  21.659039564387733   48.229715300000002
  22.932783577231394   48.656328299999998
  24.255511819859098   38.623708299999997


# temperature  726.000000000000000
#   -0.052917942766232    4.217232243837979 -125.584750687650981 1656.497033871690292 -8119.531618174862160
  17.035421195840680   46.650568000000000
  18.122470597054591   47.337956699999999
  19.254807305049955   47.783444199999998
  20.433355550577456   48.038264200000000
  21.659039564387733   48.234142499999997
  22.932783577231394   48.659617599999997
  24.255511819859098   38.626163400000003


# temperature  727.000000000000000
#   -0.052912407980822    4.216752644566862 -125.569228468652099 1656.274009481612893 -8118.323574677328907
  17.035421195840680   46.659013899999998
  18.122470597054591   47.344683099999997
  19.254807305049955   47.789030500000003
  20.433355550577456   48.043188200000003
  21.659039564387733   48.238552100000000
  22.932783577231394   48.662893799999999
  24.255511819859098   38.628608800000002


# temperature  728.000000000000000
#   -0.052906892763151    4.216274742780340 -125.553761232640255 1656.051775682149582 -8117.119819346794429
  17.035421195840680   46.667427400000001
  18.122470597054591   47.351383300000002
  19.254807305049955   47.794594900000000
  20.433355550577456   48.048092799999999
  21.659039564387733   48.242944299999998
  22.932783577231394   48.666156999999998
  24.255511819859098   38.631044500000002


# temperature  729.000000000000000
#   -0.052901396088011    4.215798452245664 -125.538346269646837 1655.830294748085635 -8115.920155788481679
  17.035421195840680   46.675808699999997
  18.122470597054591   47.358057400000000
  19.254807305049955   47.800137399999997
  20.433355550577456   48.052978099999997
  21.659039564387733   48.247319099999999
  22.932783577231394   48.669407200000002
  24.255511819859098   38.633470500000001


# temperature  730.000000000000000
#   -0.052895922276560    4.215324129266562 -125.522994546826467 1655.609716024151112 -8114.725342984954295
  17.035421195840680   46.684157800000001
  18.122470597054591   47.364705600000001
  19.254807305049955   47.805658200000003
  20.433355550577456   48.057844099999997
  21.659039564387733   48.251676699999997
  22.932783577231394   48.672644599999998
  24.255511819859098   38.635886800000002


# temperature  731.000000000000000
#   -0.052890466310220    4.214851363035312 -125.507693505800574 1655.389869571556801 -8113.534521903363384
  17.035421195840680   46.692475000000002
  18.122470597054591   47.371327899999997
  19.254807305049955   47.811157399999999
  20.433355550577456   48.062691000000001
  21.659039564387733   48.256017000000000
  22.932783577231394   48.675869200000001
  24.255511819859098   38.638293699999998


# temperature  732.000000000000000
#   -0.052885031851680    4.214380447472547 -125.492451940953515 1655.170871653855329 -8112.348265343256571
  17.035421195840680   46.700760500000001
  18.122470597054591   47.377924600000000
  19.254807305049955   47.816634999999998
  20.433355550577456   48.067518800000002
  21.659039564387733   48.260340300000003
  22.932783577231394   48.679081099999998
  24.255511819859098   38.640690999999997


# temperature  733.000000000000000
#   -0.052879615037048    4.213911072604788 -125.477260597489249 1654.952600389462305 -8111.165975787418574
  17.035421195840680   46.709014300000000
  18.122470597054591   47.384495700000002
  19.254807305049955   47.822091299999997
  20.433355550577456   48.072327700000002
  21.659039564387733   48.264646599999999
  22.932783577231394   48.682280200000001
  24.255511819859098   38.643078799999998


# temperature  734.000000000000000
#   -0.052874218545309    4.213443453895308 -125.462125919709820 1654.735140726741065 -8109.988069558931784
  17.035421195840680   46.717236600000000
  18.122470597054591   47.391041399999999
  19.254807305049955   47.827526200000001
  20.433355550577456   48.077117800000003
  21.659039564387733   48.268935999999997
  22.932783577231394   48.685466800000000
  24.255511819859098   38.645457299999997


# temperature  735.000000000000000
#   -0.052868843449497    4.212977679995374 -125.447050645861040 1654.518530090520699 -8108.814737278725261
  17.035421195840680   46.725427600000003
  18.122470597054591   47.397561799999998
  19.254807305049955   47.832940000000001
  20.433355550577456   48.081889099999998
  21.659039564387733   48.273208500000003
  22.932783577231394   48.688640900000003
  24.255511819859098   38.647826299999998


# temperature  736.000000000000000
#   -0.052863484845845    4.212513346549759 -125.432022330786424 1654.302599049451374 -8107.645117987477533
  17.035421195840680   46.733587499999999
  18.122470597054591   47.404057000000002
  19.254807305049955   47.838332700000002
  20.433355550577456   48.086641700000001
  21.659039564387733   48.277464400000000
  22.932783577231394   48.691802400000000
  24.255511819859098   38.650186099999999


# temperature  737.000000000000000
#   -0.052858145257941    4.212050660152549 -125.417047288695017 1654.087432982559676 -8106.479642478792812
  17.035421195840680   46.741716400000001
  18.122470597054591   47.410527100000003
  19.254807305049955   47.843704400000000
  20.433355550577456   48.091375900000003
  21.659039564387733   48.281703499999999
  22.932783577231394   48.694951600000003
  24.255511819859098   38.652536599999998


# temperature  738.000000000000000
#   -0.052852826985567    4.211589811716036 -125.402131427373519 1653.873112610529688 -8105.318721314173672
  17.035421195840680   46.749814499999999
  18.122470597054591   47.416972399999999
  19.254807305049955   47.849055300000003
  20.433355550577456   48.096091500000000
  21.659039564387733   48.285926099999998
  22.932783577231394   48.698088400000003
  24.255511819859098   38.654877800000001


# temperature  739.000000000000000
#   -0.052847526769234    4.211130529686128 -125.387266313878058 1653.659522296170962 -8104.161763866291949
  17.035421195840680   46.757881800000000
  18.122470597054591   47.423392800000002
  19.254807305049955   47.854385399999998
  20.433355550577456   48.100788799999997
  21.659039564387733   48.290132300000003
  22.932783577231394   48.701213000000003
  24.255511819859098   38.657209899999998


# temperature  740.000000000000000
#   -0.052842244587201    4.210672816742284 -125.372452159534802 1653.446666472936840 -8103.008799103182355
  17.035421195840680   46.765918599999999
  18.122470597054591   47.429788600000002
  19.254807305049955   47.859694800000000
  20.433355550577456   48.105467900000001
  21.659039564387733   48.294322000000001
  22.932783577231394   48.704325300000001
  24.255511819859098   38.659532900000002


# temperature  741.000000000000000
#   -0.052836982710943    4.210216858489281 -125.357694621977913 1653.234621382235900 -8101.860210145847304
  17.035421195840680   46.773924999999998
  18.122470597054591   47.436159900000000
  19.254807305049955   47.864983700000003
  20.433355550577456   48.110128699999997
  21.659039564387733   48.298495400000000
  22.932783577231394   48.707425399999998
  24.255511819859098   38.661846799999999


# temperature  742.000000000000000
#   -0.052831738923097    4.209762466098565 -125.342987714540826 1653.023303285956899 -8100.715560875029951
  17.035421195840680   46.781901200000000
  18.122470597054591   47.442506700000003
  19.254807305049955   47.870252200000003
  20.433355550577456   48.114771500000003
  21.659039564387733   48.302652600000002
  22.932783577231394   48.710513499999998
  24.255511819859098   38.664151599999997


# temperature  743.000000000000000
#   -0.052826515014902    4.209309793254288 -125.328336341791484 1652.812781166018340 -8099.575211898186353
  17.035421195840680   46.789847299999998
  18.122470597054591   47.448829300000000
  19.254807305049955   47.875500400000000
  20.433355550577456   48.119396299999998
  21.659039564387733   48.306793700000000
  22.932783577231394   48.713589599999999
  24.255511819859098   38.666447499999997


# temperature  744.000000000000000
#   -0.052821309207458    4.208858688580062 -125.313735701391522 1652.602987697181788 -8098.438811217228249
  17.035421195840680   46.797763500000002
  18.122470597054591   47.455127699999998
  19.254807305049955   47.880728300000001
  20.433355550577456   48.124003199999997
  21.659039564387733   48.310918700000002
  22.932783577231394   48.716653700000002
  24.255511819859098   38.668734399999998


# temperature  745.000000000000000
#   -0.052816121402940    4.208409148697147 -125.299185831926280 1652.393925314138869 -8097.306380639600320
  17.035421195840680   46.805649799999998
  18.122470597054591   47.461402000000000
  19.254807305049955   47.885936000000001
  20.433355550577456   48.128592200000000
  21.659039564387733   48.315027700000002
  22.932783577231394   48.719705800000000
  24.255511819859098   38.671012500000003


# temperature  746.000000000000000
#   -0.052810952472896    4.207961239275918 -125.284688567246832 1652.185616462321377 -8096.178021221688141
  17.035421195840680   46.813506599999997
  18.122470597054591   47.467652399999999
  19.254807305049955   47.891123800000003
  20.433355550577456   48.133163600000003
  21.659039564387733   48.319120800000000
  22.932783577231394   48.722746200000003
  24.255511819859098   38.673281699999997


# temperature  747.000000000000000
#   -0.052805800822774    4.207514833698606 -125.270240164628106 1651.978012334710684 -8095.053496063714192
  17.035421195840680   46.821333799999998
  18.122470597054591   47.473878999999997
  19.254807305049955   47.896291599999998
  20.433355550577456   48.137717400000000
  21.659039564387733   48.323198099999999
  22.932783577231394   48.725774700000002
  24.255511819859098   38.675542100000001


# temperature  748.000000000000000
#   -0.052800668109001    4.207070063481796 -125.255844505908712 1651.771163381061569 -8093.933048472412338
  17.035421195840680   46.829131699999998
  18.122470597054591   47.480081900000002
  19.254807305049955   47.901439600000003
  20.433355550577456   48.142253599999997
  21.659039564387733   48.327259699999999
  22.932783577231394   48.728791500000000
  24.255511819859098   38.677793700000002


# temperature  749.000000000000000
#   -0.052795555307248    4.206627012267073 -125.241504264169734 1651.565107340486975 -8092.816876944777505
  17.035421195840680   46.836900300000003
  18.122470597054591   47.486261200000001
  19.254807305049955   47.906567899999999
  20.433355550577456   48.146772300000002
  21.659039564387733   48.331305600000000
  22.932783577231394   48.731796699999997
  24.255511819859098   38.680036600000001


# temperature  750.000000000000000
#   -0.052790460114668    4.206185490155038 -125.227213593563604 1651.359764566302147 -8091.704575978599678
  17.035421195840680   46.844639899999997
  18.122470597054591   47.492417099999997
  19.254807305049955   47.911676600000000
  20.433355550577456   48.151273699999997
  21.659039564387733   48.335335899999997
  22.932783577231394   48.734790300000000
  24.255511819859098   38.682270899999999


# temperature  751.000000000000000
#   -0.052785380598262    4.205745331750848 -125.212967229189402 1651.155061161967524 -8090.595759630116845
  17.035421195840680   46.852350600000001
  18.122470597054591   47.498549599999997
  19.254807305049955   47.916765699999999
  20.433355550577456   48.155757899999998
  21.659039564387733   48.339350799999998
  22.932783577231394   48.737772300000003
  24.255511819859098   38.684496500000002


# temperature  752.000000000000000
#   -0.052780321021671    4.205306897619356 -125.198776530008942 1650.951155090256862 -8089.491245911075566
  17.035421195840680   46.860032400000001
  18.122470597054591   47.504658900000003
  19.254807305049955   47.921835399999999
  20.433355550577456   48.160224800000002
  21.659039564387733   48.343350200000003
  22.932783577231394   48.740742800000000
  24.255511819859098   38.686713599999997


# temperature  753.000000000000000
#   -0.052775278049587    4.204869903542789 -125.184632474001049 1650.747919899583167 -8088.390374294148387
  17.035421195840680   46.867685700000003
  18.122470597054591   47.510745100000001
  19.254807305049955   47.926885800000001
  20.433355550577456   48.164674699999999
  21.659039564387733   48.347334300000000
  22.932783577231394   48.743701899999998
  24.255511819859098   38.688922099999999


# temperature  754.000000000000000
#   -0.052770255383544    4.204434657551541 -125.170544618442193 1650.545486625793728 -8087.293814643478072
  17.035421195840680   46.875310399999996
  18.122470597054591   47.516808300000001
  19.254807305049955   47.931916899999997
  20.433355550577456   48.169107500000003
  21.659039564387733   48.351303100000003
  22.932783577231394   48.746649699999999
  24.255511819859098   38.691122100000001


# temperature  755.000000000000000
#   -0.052765249081913    4.204000836488865 -125.156503082368403 1650.343721693375301 -8086.200892991215369
  17.035421195840680   46.882906800000001
  18.122470597054591   47.522848699999997
  19.254807305049955   47.936928899999998
  20.433355550577456   48.173523400000001
  21.659039564387733   48.355256799999999
  22.932783577231394   48.749586100000002
  24.255511819859098   38.693313699999997


# temperature  756.000000000000000
#   -0.052760259743265    4.203568491406037 -125.142509491705226 1650.142648011550591 -8085.111729745291086
  17.035421195840680   46.890474900000001
  18.122470597054591   47.528866299999997
  19.254807305049955   47.941921899999997
  20.433355550577456   48.177922500000001
  21.659039564387733   48.359195300000003
  22.932783577231394   48.752511200000001
  24.255511819859098   38.695496900000002


# temperature  757.000000000000000
#   -0.052755288144497    4.203137678297266 -125.128565317824055 1649.942282157922818 -8084.026391498023258
  17.035421195840680   46.898014900000000
  18.122470597054591   47.534861200000002
  19.254807305049955   47.946895900000001
  20.433355550577456   48.182304899999998
  21.659039564387733   48.363118800000002
  22.932783577231394   48.755425199999998
  24.255511819859098   38.697671700000001


# temperature  758.000000000000000
#   -0.052750334517545    4.202708419079548 -125.114671310323018 1649.742635169108325 -8082.944937333089001
  17.035421195840680   46.905526999999999
  18.122470597054591   47.540833599999999
  19.254807305049955   47.951850999999998
  20.433355550577456   48.186670499999998
  21.659039564387733   48.367027399999998
  22.932783577231394   48.758327999999999
  24.255511819859098   38.699838200000002


# temperature  759.000000000000000
#   -0.052745398012763    4.202280644082215 -125.100825346818382 1649.543678579165544 -8081.867225299138227
  17.035421195840680   46.913011300000001
  18.122470597054591   47.546783499999997
  19.254807305049955   47.956787400000003
  20.433355550577456   48.191019599999997
  21.659039564387733   48.370921000000003
  22.932783577231394   48.761219799999999
  24.255511819859098   38.701996399999999


# temperature  760.000000000000000
#   -0.052740478880950    4.201854377147770 -125.087028260117364 1649.345425066242115 -8080.793326305364644
  17.035421195840680   46.920467899999998
  18.122470597054591   47.552711199999997
  19.254807305049955   47.961705199999997
  20.433355550577456   48.195352200000002
  21.659039564387733   48.374799899999999
  22.932783577231394   48.764100499999998
  24.255511819859098   38.704146399999999


# temperature  761.000000000000000
#   -0.052735576334097    4.201429548244210 -125.073277728657459 1649.147840625918889 -8079.723054766624045
  17.035421195840680   46.927897000000002
  18.122470597054591   47.558616600000001
  19.254807305049955   47.966604400000001
  20.433355550577456   48.199668299999999
  21.659039564387733   48.378664000000001
  22.932783577231394   48.766970200000003
  24.255511819859098   38.706288200000003


# temperature  762.000000000000000
#   -0.052730692520225    4.201006331486199 -125.059579025315131 1648.950995986581120 -8078.656765211887432
  17.035421195840680   46.935298600000003
  18.122470597054591   47.564499900000001
  19.254807305049955   47.971485000000001
  20.433355550577456   48.203968099999997
  21.659039564387733   48.382513500000002
  22.932783577231394   48.769829100000003
  24.255511819859098   38.708421800000004


# temperature  763.000000000000000
#   -0.052725824674352    4.200584510302515 -125.045925844661639 1648.754810231479041 -8077.594071060034366
  17.035421195840680   46.942672899999998
  18.122470597054591   47.570361300000002
  19.254807305049955   47.976347400000002
  20.433355550577456   48.208251699999998
  21.659039564387733   48.386348400000003
  22.932783577231394   48.772677000000002
  24.255511819859098   38.710547300000002


# temperature  764.000000000000000
#   -0.052720974360397    4.200164200162072 -125.032321301104062 1648.559319520445342 -8076.535123432207001
  17.035421195840680   46.950020100000003
  18.122470597054591   47.576200700000001
  19.254807305049955   47.981191400000000
  20.433355550577456   48.212519000000000
  21.659039564387733   48.390168799999998
  22.932783577231394   48.775514200000003
  24.255511819859098   38.712664799999999


# temperature  765.000000000000000
#   -0.052716140741804    4.199745338999095 -125.018763714722155 1648.364504285185831 -8075.479840001953562
  17.035421195840680   46.957340299999998
  18.122470597054591   47.582018400000003
  19.254807305049955   47.986017199999999
  20.433355550577456   48.216770300000000
  21.659039564387733   48.393974700000001
  22.932783577231394   48.778340600000000
  24.255511819859098   38.714774200000001


# temperature  766.000000000000000
#   -0.052711324513094    4.199327982391895 -125.005254741455857 1648.170386300853352 -8074.428327325351347
  17.035421195840680   46.964633599999999
  18.122470597054591   47.587814500000000
  19.254807305049955   47.990824900000000
  20.433355550577456   48.221005599999998
  21.659039564387733   48.397766300000001
  22.932783577231394   48.781156299999999
  24.255511819859098   38.716875600000002


# temperature  767.000000000000000
#   -0.052706523831113    4.198911975176597 -124.991789506511623 1647.976897840338779 -8073.380234378093519
  17.035421195840680   46.971900099999999
  18.122470597054591   47.593588900000000
  19.254807305049955   47.995614500000002
  20.433355550577456   48.225224900000001
  21.659039564387733   48.401543599999997
  22.932783577231394   48.783961300000001
  24.255511819859098   38.718969000000001


# temperature  768.000000000000000
#   -0.052701740708568    4.198497489498293 -124.978373493226741 1647.784115964887178 -8072.335963986455681
  17.035421195840680   46.979140000000001
  18.122470597054591   47.599341899999999
  19.254807305049955   48.000386300000002
  20.433355550577456   48.229428400000003
  21.659039564387733   48.405306600000003
  22.932783577231394   48.786755800000002
  24.255511819859098   38.721054600000002


# temperature  769.000000000000000
#   -0.052696974833637    4.198084496628134 -124.965005730783957 1647.592026365998208 -8071.295438337353517
  17.035421195840680   46.986353299999998
  18.122470597054591   47.605073599999997
  19.254807305049955   48.005140200000000
  20.433355550577456   48.233616099999999
  21.659039564387733   48.409055500000001
  22.932783577231394   48.789539699999999
  24.255511819859098   38.723132300000003


# temperature  770.000000000000000
#   -0.052692224631053    4.197672861799149 -124.951681916289061 1647.400568275758133 -8070.258337075841155
  17.035421195840680   46.993540299999999
  18.122470597054591   47.610784000000002
  19.254807305049955   48.009876300000002
  20.433355550577456   48.237788100000003
  21.659039564387733   48.412790299999998
  22.932783577231394   48.792313100000001
  24.255511819859098   38.725202099999997


# temperature  771.000000000000000
#   -0.052687491925622    4.197262738286720 -124.938406843268893 1647.209807839513815 -8069.224999875663343
  17.035421195840680   47.000701100000001
  18.122470597054591   47.616473300000003
  19.254807305049955   48.014594700000004
  20.433355550577456   48.241944400000001
  21.659039564387733   48.416511100000001
  22.932783577231394   48.795076100000003
  24.255511819859098   38.727264200000000


# temperature  772.000000000000000
#   -0.052682773648699    4.196853874000017 -124.925172809563321 1647.019641335014512 -8068.194907162343952
  17.035421195840680   47.007835700000001
  18.122470597054591   47.622141499999998
  19.254807305049955   48.019295600000000
  20.433355550577456   48.246085299999997
  21.659039564387733   48.420217999999998
  22.932783577231394   48.797828699999997
  24.255511819859098   38.729318499999998


# temperature  773.000000000000000
#   -0.052678074886728    4.196446687397095 -124.911992636693952 1646.830242122744266 -8067.168931515623626
  17.035421195840680   47.014944300000003
  18.122470597054591   47.627788799999998
  19.254807305049955   48.023978999999997
  20.433355550577456   48.250210600000003
  21.659039564387733   48.423910900000003
  22.932783577231394   48.800570999999998
  24.255511819859098   38.731364999999997


# temperature  774.000000000000000
#   -0.052673390361736    4.196040740458098 -124.898852767632832 1646.641424760371820 -8066.146126981316229
  17.035421195840680   47.022027100000003
  18.122470597054591   47.633415300000003
  19.254807305049955   48.028644900000003
  20.433355550577456   48.254320600000000
  21.659039564387733   48.427590100000003
  22.932783577231394   48.803303000000000
  24.255511819859098   38.733403899999999


# temperature  775.000000000000000
#   -0.052668722166875    4.195636213844824 -124.885759014566617 1646.453271820907275 -8065.126930495958732
  17.035421195840680   47.029083999999997
  18.122470597054591   47.639021000000000
  19.254807305049955   48.033293600000000
  20.433355550577456   48.258415200000002
  21.659039564387733   48.431255499999999
  22.932783577231394   48.806024700000002
  24.255511819859098   38.735435199999998


# temperature  776.000000000000000
#   -0.052664070022924    4.195233071393130 -124.872709846933816 1646.265756631041313 -8064.111176144441743
  17.035421195840680   47.036115400000000
  18.122470597054591   47.644606099999997
  19.254807305049955   48.037924900000000
  20.433355550577456   48.262494599999997
  21.659039564387733   48.434907299999999
  22.932783577231394   48.808736300000000
  24.255511819859098   38.737458900000000


# temperature  777.000000000000000
#   -0.052659433108999    4.194831255729452 -124.859703839266544 1646.078864672611189 -8063.098815909476798
  17.035421195840680   47.043121200000002
  18.122470597054591   47.650170600000003
  19.254807305049955   48.042539200000000
  20.433355550577456   48.266558900000000
  21.659039564387733   48.438545400000002
  22.932783577231394   48.811437699999999
  24.255511819859098   38.739474899999998


# temperature  778.000000000000000
#   -0.052654813110573    4.194430896823824 -124.846744683456578 1645.892641632806544 -8062.090056941151488
  17.035421195840680   47.050101699999999
  18.122470597054591   47.655714699999997
  19.254807305049955   48.047136299999998
  20.433355550577456   48.270608000000003
  21.659039564387733   48.442170099999998
  22.932783577231394   48.814129100000002
  24.255511819859098   38.741483500000001


# temperature  779.000000000000000
#   -0.052650208070656    4.194031843617199 -124.833828070016153 1645.707033699283102 -8061.084651198028951
  17.035421195840680   47.057056899999999
  18.122470597054591   47.661238500000003
  19.254807305049955   48.051716499999998
  20.433355550577456   48.274642200000002
  21.659039564387733   48.445781199999999
  22.932783577231394   48.816810400000001
  24.255511819859098   38.743484600000002


# temperature  780.000000000000000
#   -0.052645620942454    4.193634327995238 -124.820960763523914 1645.522127763380240 -8060.083013354061222
  17.035421195840680   47.063986900000003
  18.122470597054591   47.666741999999999
  19.254807305049955   48.056279699999997
  20.433355550577456   48.278661300000003
  21.659039564387733   48.449379000000000
  22.932783577231394   48.819481799999998
  24.255511819859098   38.745478200000001


# temperature  781.000000000000000
#   -0.052641047386419    4.193238002249102 -124.808132390204008 1645.337787201304991 -8059.084472782840749
  17.035421195840680   47.070891899999999
  18.122470597054591   47.672225400000002
  19.254807305049955   48.060826200000001
  20.433355550577456   48.282665700000003
  21.659039564387733   48.452963400000002
  22.932783577231394   48.822143199999999
  24.255511819859098   38.747464399999998


# temperature  782.000000000000000
#   -0.052636492337555    4.192843264483833 -124.795354906003979 1645.154170439891232 -8058.089811071678923
  17.035421195840680   47.077772000000003
  18.122470597054591   47.677688799999999
  19.254807305049955   48.065355799999999
  20.433355550577456   48.286655199999998
  21.659039564387733   48.456534499999997
  22.932783577231394   48.824794799999999
  24.255511819859098   38.749443200000002


# temperature  783.000000000000000
#   -0.052631952042868    4.192449812178891 -124.782619230185588 1644.971157166609373 -8057.098434333157456
  17.035421195840680   47.084627300000001
  18.122470597054591   47.683132200000003
  19.254807305049955   48.069868900000003
  20.433355550577456   48.290629899999999
  21.659039564387733   48.460092400000001
  22.932783577231394   48.827436499999997
  24.255511819859098   38.751414699999998


# temperature  784.000000000000000
#   -0.052627424695444    4.192057486957840 -124.769920203725974 1644.788673349378314 -8056.109947550547986
  17.035421195840680   47.091458000000003
  18.122470597054591   47.688555700000002
  19.254807305049955   48.074365299999997
  20.433355550577456   48.294590100000001
  21.659039564387733   48.463637200000001
  22.932783577231394   48.830068400000002
  24.255511819859098   38.753378800000000


# temperature  785.000000000000000
#   -0.052622915852532    4.191666756052147 -124.757272469395559 1644.606921695127767 -8055.125396474562876
  17.035421195840680   47.098264000000000
  18.122470597054591   47.693959499999998
  19.254807305049955   48.078845200000004
  20.433355550577456   48.298535600000001
  21.659039564387733   48.467168899999997
  22.932783577231394   48.832690599999999
  24.255511819859098   38.755335700000003


# temperature  786.000000000000000
#   -0.052618421179949    4.191277260751894 -124.744664953090904 1644.425751035581015 -8054.144010991853065
  17.035421195840680   47.105045599999997
  18.122470597054591   47.699343700000000
  19.254807305049955   48.083308700000003
  20.433355550577456   48.302466600000002
  21.659039564387733   48.470687599999998
  22.932783577231394   48.835303000000003
  24.255511819859098   38.757285400000001


# temperature  787.000000000000000
#   -0.052613942102182    4.190889110656577 -124.732100787049134 1644.245200783832843 -8053.165975325244290
  17.035421195840680   47.111802900000001
  18.122470597054591   47.704708199999999
  19.254807305049955   48.087755899999998
  20.433355550577456   48.306383199999999
  21.659039564387733   48.474193300000003
  22.932783577231394   48.837905900000003
  24.255511819859098   38.759227799999998


# temperature  788.000000000000000
#   -0.052609476768619    4.190502161022281 -124.719575756934006 1644.065216770589586 -8052.191029840056217
  17.035421195840680   47.118535999999999
  18.122470597054591   47.710053299999998
  19.254807305049955   48.092186800000000
  20.433355550577456   48.310285499999999
  21.659039564387733   48.477686100000000
  22.932783577231394   48.840499100000002
  24.255511819859098   38.761163099999997


# temperature  789.000000000000000
#   -0.052605027845439    4.190116626635430 -124.707096308566818 1643.885884407924095 -8051.219596181294946
  17.035421195840680   47.125245000000000
  18.122470597054591   47.715378999999999
  19.254807305049955   48.096601499999998
  20.433355550577456   48.314173400000001
  21.659039564387733   48.481166100000003
  22.932783577231394   48.843082799999998
  24.255511819859098   38.763091299999999


# temperature  790.000000000000000
#   -0.052600595035762    4.189732481693016 -124.694661615171910 1643.707192090438866 -8050.251613917355826
  17.035421195840680   47.131929999999997
  18.122470597054591   47.720685400000001
  19.254807305049955   48.101000100000000
  20.433355550577456   48.318047000000000
  21.659039564387733   48.484633400000000
  22.932783577231394   48.845657000000003
  24.255511819859098   38.765012300000002


# temperature  791.000000000000000
#   -0.052596177704232    4.189349680182069 -124.682270457239454 1643.529125867855100 -8049.287025239395916
  17.035421195840680   47.138591099999999
  18.122470597054591   47.725972700000000
  19.254807305049955   48.105382700000000
  20.433355550577456   48.321906599999998
  21.659039564387733   48.488087899999996
  22.932783577231394   48.848221799999997
  24.255511819859098   38.766926300000002


# temperature  792.000000000000000
#   -0.052591774119100    4.188968074428555 -124.669918135972878 1643.351619641842944 -8048.325483427571271
  17.035421195840680   47.145228400000001
  18.122470597054591   47.731240800000002
  19.254807305049955   48.109749299999997
  20.433355550577456   48.325752000000001
  21.659039564387733   48.491529800000002
  22.932783577231394   48.850777100000002
  24.255511819859098   38.768833299999997


# temperature  793.000000000000000
#   -0.052587385807780    4.188587791867835 -124.657608616180823 1643.174727892585224 -8047.367267149159488
  17.035421195840680   47.151842100000003
  18.122470597054591   47.736489900000002
  19.254807305049955   48.114100100000002
  20.433355550577456   48.329583300000003
  21.659039564387733   48.494959100000003
  22.932783577231394   48.853323000000003
  24.255511819859098   38.770733300000003


# temperature  794.000000000000000
#   -0.052583011121086    4.188208688833996 -124.645337247098851 1642.998384325246889 -8046.412025255037406
  17.035421195840680   47.158432300000001
  18.122470597054591   47.741720000000001
  19.254807305049955   48.118434999999998
  20.433355550577456   48.333400800000000
  21.659039564387733   48.498375899999999
  22.932783577231394   48.855859700000003
  24.255511819859098   38.772626299999999


# temperature  795.000000000000000
#   -0.052578652542120    4.187830980923931 -124.633110992242194 1642.822688059190114 -8045.460282155127970
  17.035421195840680   47.164999000000002
  18.122470597054591   47.746931400000001
  19.254807305049955   48.122754200000003
  20.433355550577456   48.337204300000003
  21.659039564387733   48.501780300000000
  22.932783577231394   48.858387000000000
  24.255511819859098   38.774512399999999


# temperature  796.000000000000000
#   -0.052574310201765    4.187454671070602 -124.620929700042126 1642.647633763388285 -8044.511994333450275
  17.035421195840680   47.171542400000000
  18.122470597054591   47.752124000000002
  19.254807305049955   48.127057800000003
  20.433355550577456   48.340994000000002
  21.659039564387733   48.505172199999997
  22.932783577231394   48.860905199999998
  24.255511819859098   38.776391500000003


# temperature  797.000000000000000
#   -0.052569979965402    4.187079423025308 -124.608783163696614 1642.473084369394428 -8043.566474590415964
  17.035421195840680   47.178062599999997
  18.122470597054591   47.757297899999998
  19.254807305049955   48.131345799999998
  20.433355550577456   48.344769900000003
  21.659039564387733   48.508551799999999
  22.932783577231394   48.863414100000000
  24.255511819859098   38.778263899999999


# temperature  798.000000000000000
#   -0.052565665131365    4.186705505747774 -124.596679573735571 1642.299150255892755 -8042.624278133249391
  17.035421195840680   47.184559700000001
  18.122470597054591   47.762453299999997
  19.254807305049955   48.135618299999997
  20.433355550577456   48.348532200000001
  21.659039564387733   48.511919100000000
  22.932783577231394   48.865913900000002
  24.255511819859098   38.780129400000000


# temperature  799.000000000000000
#   -0.052561365304717    4.186332884796139 -124.584617803677190 1642.125815070975932 -8041.685316197143038
  17.035421195840680   47.191033800000000
  18.122470597054591   47.767590200000001
  19.254807305049955   48.139875300000000
  20.433355550577456   48.352280800000003
  21.659039564387733   48.515274200000000
  22.932783577231394   48.868404599999998
  24.255511819859098   38.781988100000000


# temperature  800.000000000000000
#   -0.052557081590374    4.185961653153414 -124.572600781926624 1641.953119704568280 -8040.749802159346473
  17.035421195840680   47.197484899999999
  18.122470597054591   47.772708700000003
  19.254807305049955   48.144117000000001
  20.433355550577456   48.356015800000002
  21.659039564387733   48.518617200000001
  22.932783577231394   48.870886300000002
  24.255511819859098   38.783839999999998


# temperature  801.000000000000000
#   -0.052552808182498    4.185591335277011 -124.560613968776821 1641.780867454431018 -8039.816742317492754
  17.035421195840680   47.203913300000004
  18.122470597054591   47.777808800000003
  19.254807305049955   48.148343500000003
  20.433355550577456   48.359737400000000
  21.659039564387733   48.521948000000002
  22.932783577231394   48.873358899999999
  24.255511819859098   38.785685299999997


# temperature  802.000000000000000
#   -0.052548552052753    4.185222497564761 -124.548674522747760 1641.609288027187858 -8038.887283189701520
  17.035421195840680   47.210319100000000
  18.122470597054591   47.782890799999997
  19.254807305049955   48.152554700000003
  20.433355550577456   48.363445499999997
  21.659039564387733   48.525266799999997
  22.932783577231394   48.875822599999999
  24.255511819859098   38.787523800000002


# temperature  803.000000000000000
#   -0.052544309053394    4.184854806646457 -124.536772469219500 1641.438249759441760 -8037.960777858195797
  17.035421195840680   47.216702200000000
  18.122470597054591   47.787954599999999
  19.254807305049955   48.156750799999998
  20.433355550577456   48.367140300000003
  21.659039564387733   48.528573500000000
  22.932783577231394   48.878277300000001
  24.255511819859098   38.789355600000000


# temperature  804.000000000000000
#   -0.052540081391184    4.184488437349761 -124.524912946606193 1641.267819022202048 -8037.037543924009697
  17.035421195840680   47.223062900000002
  18.122470597054591   47.793000399999997
  19.254807305049955   48.160931800000000
  20.433355550577456   48.370821700000000
  21.659039564387733   48.531868400000000
  22.932783577231394   48.880723199999998
  24.255511819859098   38.791180900000001


# temperature  805.000000000000000
#   -0.052535867019058    4.184123223124515 -124.513090917020378 1641.097928652483688 -8036.117248285529968
  17.035421195840680   47.229401199999998
  18.122470597054591   47.798028199999997
  19.254807305049955   48.165097799999998
  20.433355550577456   48.374489900000000
  21.659039564387733   48.535151399999997
  22.932783577231394   48.883160199999999
  24.255511819859098   38.792999500000001


# temperature  806.000000000000000
#   -0.052531668662364    4.183759388322525 -124.501313262714930 1640.928671887251539 -8035.200361535039519
  17.035421195840680   47.235717200000003
  18.122470597054591   47.803038100000002
  19.254807305049955   48.169248899999999
  20.433355550577456   48.378144900000002
  21.659039564387733   48.538422500000003
  22.932783577231394   48.885588499999997
  24.255511819859098   38.794811500000002


# temperature  807.000000000000000
#   -0.052527482266193    4.183396603445407 -124.489569995326136 1640.759914822793235 -8034.286213555583345
  17.035421195840680   47.242011099999999
  18.122470597054591   47.808030299999999
  19.254807305049955   48.173385199999998
  20.433355550577456   48.381786800000000
  21.659039564387733   48.541681900000000
  22.932783577231394   48.888007899999998
  24.255511819859098   38.796617099999999


# temperature  808.000000000000000
#   -0.052523311400163    4.183035153281774 -124.477869584688094 1640.591768781742530 -8033.375350105029611
  17.035421195840680   47.248282900000000
  18.122470597054591   47.813004700000000
  19.254807305049955   48.177506700000002
  20.433355550577456   48.385415600000002
  21.659039564387733   48.544929600000003
  22.932783577231394   48.890418699999998
  24.255511819859098   38.798416099999997


# temperature  809.000000000000000
#   -0.052519154737607    4.182674931610805 -124.466208859976263 1640.424191916289828 -8032.467564953052715
  17.035421195840680   47.254532699999999
  18.122470597054591   47.817961500000003
  19.254807305049955   48.181613400000003
  20.433355550577456   48.389031400000000
  21.659039564387733   48.548165699999998
  22.932783577231394   48.892820800000003
  24.255511819859098   38.800208599999998


# temperature  810.000000000000000
#   -0.052515009926363    4.182315747671296 -124.454582046924173 1640.257106880907941 -8031.562471052376168
  17.035421195840680   47.260760699999999
  18.122470597054591   47.822900699999998
  19.254807305049955   48.185705499999997
  20.433355550577456   48.392634299999997
  21.659039564387733   48.551390099999999
  22.932783577231394   48.895214199999998
  24.255511819859098   38.801994700000002


# temperature  811.000000000000000
#   -0.052510878357862    4.181957711508669 -124.442992390757269 1640.090555985095534 -8030.660274134733299
  17.035421195840680   47.266967000000001
  18.122470597054591   47.827822400000002
  19.254807305049955   48.189783100000000
  20.433355550577456   48.396224400000001
  21.659039564387733   48.554603000000000
  22.932783577231394   48.897599100000001
  24.255511819859098   38.803774400000002


# temperature  812.000000000000000
#   -0.052506762298271    4.181601012775990 -124.431445804609453 1639.924620605909240 -8029.761391188899324
  17.035421195840680   47.273151599999998
  18.122470597054591   47.832726800000003
  19.254807305049955   48.193846100000002
  20.433355550577456   48.399801600000004
  21.659039564387733   48.557804400000002
  22.932783577231394   48.899975400000002
  24.255511819859098   38.805547699999998


# temperature  813.000000000000000
#   -0.052502659938238    4.181245501160802 -124.419937640940205 1639.759237360904990 -8028.865500397717369
  17.035421195840680   47.279314599999999
  18.122470597054591   47.837613900000001
  19.254807305049955   48.197894699999999
  20.433355550577456   48.403366100000000
  21.659039564387733   48.560994399999998
  22.932783577231394   48.902343199999997
  24.255511819859098   38.807314599999998


# temperature  814.000000000000000
#   -0.052498572537054    4.180891278441365 -124.408470954365214 1639.594446589839436 -8027.972799518255670
  17.035421195840680   47.285456099999998
  18.122470597054591   47.842483700000003
  19.254807305049955   48.201928899999999
  20.433355550577456   48.406917800000002
  21.659039564387733   48.564172999999997
  22.932783577231394   48.904702600000000
  24.255511819859098   38.809075200000002


# temperature  815.000000000000000
#   -0.052494496057649    4.180538016970909 -124.397035835848669 1639.430115911041639 -8027.082629009468292
  17.035421195840680   47.291576300000003
  18.122470597054591   47.847336400000003
  19.254807305049955   48.205948900000003
  20.433355550577456   48.410457000000001
  21.659039564387733   48.567340299999998
  22.932783577231394   48.907053500000004
  24.255511819859098   38.810829599999998


# temperature  816.000000000000000
#   -0.052490435530197    4.180186124567708 -124.385644605762323 1639.266409678976970 -8026.195805697823744
  17.035421195840680   47.297675300000002
  18.122470597054591   47.852172099999997
  19.254807305049955   48.209954600000003
  20.433355550577456   48.413983500000001
  21.659039564387733   48.570496300000002
  22.932783577231394   48.909396000000001
  24.255511819859098   38.812577599999997


# temperature  817.000000000000000
#   -0.052486387408693    4.179835312615388 -124.374288514346119 1639.103210836942935 -8025.311746601901177
  17.035421195840680   47.303753000000000
  18.122470597054591   47.856990699999997
  19.254807305049955   48.213946100000001
  20.433355550577456   48.417497599999997
  21.659039564387733   48.573641000000002
  22.932783577231394   48.911730200000001
  24.255511819859098   38.814319400000002


# temperature  818.000000000000000
#   -0.052482353094527    4.179485694578291 -124.362970975708208 1638.940564591904149 -8024.430673643093542
  17.035421195840680   47.309809700000002
  18.122470597054591   47.861792500000000
  19.254807305049955   48.217923499999998
  20.433355550577456   48.420999199999997
  21.659039564387733   48.576774700000001
  22.932783577231394   48.914056100000003
  24.255511819859098   38.816055100000000


# temperature  819.000000000000000
#   -0.052478332021907    4.179137224182512 -124.351690587289681 1638.778452259745563 -8023.552494470725833
  17.035421195840680   47.315845400000001
  18.122470597054591   47.866577399999997
  19.254807305049955   48.221886900000001
  20.433355550577456   48.424488400000001
  21.659039564387733   48.579897199999998
  22.932783577231394   48.916373700000001
  24.255511819859098   38.817784500000002


# temperature  820.000000000000000
#   -0.052474323085914    4.178789808445035 -124.340444420685543 1638.616832950542857 -8022.676995507515130
  17.035421195840680   47.321860299999997
  18.122470597054591   47.871345499999997
  19.254807305049955   48.225836299999997
  20.433355550577456   48.427965299999997
  21.659039564387733   48.583008599999999
  22.932783577231394   48.918683100000003
  24.255511819859098   38.819507799999997


# temperature  821.000000000000000
#   -0.052470328806117    4.178443661479666 -124.329239263653719 1638.455801765991509 -8021.804673423881468
  17.035421195840680   47.327854299999998
  18.122470597054591   47.876097000000001
  19.254807305049955   48.229771800000002
  20.433355550577456   48.431429799999997
  21.659039564387733   48.586109000000000
  22.932783577231394   48.920984199999999
  24.255511819859098   38.821224999999998


# temperature  822.000000000000000
#   -0.052466347643710    4.178098647036328 -124.318070637542135 1638.295293920504719 -8020.935180025394402
  17.035421195840680   47.333827700000001
  18.122470597054591   47.880831899999997
  19.254807305049955   48.233693500000001
  20.433355550577456   48.434882199999997
  21.659039564387733   48.589198500000002
  22.932783577231394   48.923277300000002
  24.255511819859098   38.822936100000000


# temperature  823.000000000000000
#   -0.052462378713608    4.177754697001439 -124.306936599608349 1638.135285085330679 -8020.068402549936764
  17.035421195840680   47.339780400000002
  18.122470597054591   47.885550199999997
  19.254807305049955   48.237601400000003
  20.433355550577456   48.438322399999997
  21.659039564387733   48.592277099999997
  22.932783577231394   48.925562200000002
  24.255511819859098   38.824641100000001


# temperature  824.000000000000000
#   -0.052458422422853    4.177411842864461 -124.295838040270965 1637.975786087841470 -8019.204388130970983
  17.035421195840680   47.345712700000000
  18.122470597054591   47.890252099999998
  19.254807305049955   48.241495499999999
  20.433355550577456   48.441750499999998
  21.659039564387733   48.595344799999999
  22.932783577231394   48.927838999999999
  24.255511819859098   38.826340100000003


# temperature  825.000000000000000
#   -0.052454481562018    4.177070319791230 -124.284782362942153 1637.816900095125675 -8018.343673455387034
  17.035421195840680   47.351624500000000
  18.122470597054591   47.894937700000000
  19.254807305049955   48.245376100000001
  20.433355550577456   48.445166499999999
  21.659039564387733   48.598401699999997
  22.932783577231394   48.930107800000002
  24.255511819859098   38.828033099999999


# temperature  826.000000000000000
#   -0.052450551987755    4.176729776383929 -124.273758443970380 1637.658471371057431 -8017.485445050105227
  17.035421195840680   47.357516099999998
  18.122470597054591   47.899606900000002
  19.254807305049955   48.249243000000000
  20.433355550577456   48.448570500000002
  21.659039564387733   48.601447800000003
  22.932783577231394   48.932368599999997
  24.255511819859098   38.829720100000003


# temperature  827.000000000000000
#   -0.052446634503526    4.176390285637428 -124.262768750902381 1637.500536682930715 -8016.629906456678327
  17.035421195840680   47.363387400000001
  18.122470597054591   47.904259900000000
  19.254807305049955   48.253096399999997
  20.433355550577456   48.451962600000002
  21.659039564387733   48.604483299999998
  22.932783577231394   48.934621399999997
  24.255511819859098   38.831401200000002


# temperature  828.000000000000000
#   -0.052442731800599    4.176052072275322 -124.251820275090722 1637.343192044525040 -8015.777548626213502
  17.035421195840680   47.369238500000002
  18.122470597054591   47.908896800000001
  19.254807305049955   48.256936400000001
  20.433355550577456   48.455342799999997
  21.659039564387733   48.607508000000003
  22.932783577231394   48.936866299999998
  24.255511819859098   38.833076400000003


# temperature  829.000000000000000
#   -0.052438840954849    4.175714884298348 -124.240904932569933 1637.186323057325581 -8014.927768961579204
  17.035421195840680   47.375069600000003
  18.122470597054591   47.913517599999999
  19.254807305049955   48.260762900000003
  20.433355550577456   48.458711200000003
  21.659039564387733   48.610522199999998
  22.932783577231394   48.939103299999999
  24.255511819859098   38.834745599999998


# temperature  830.000000000000000
#   -0.052434963109116    4.175378823440699 -124.230026071625488 1637.029978035473050 -8014.080825442566493
  17.035421195840680   47.380880800000000
  18.122470597054591   47.918122400000001
  19.254807305049955   48.264576099999999
  20.433355550577456   48.462067699999999
  21.659039564387733   48.613525799999998
  22.932783577231394   48.941332400000000
  24.255511819859098   38.836409000000003


# temperature  831.000000000000000
#   -0.052431097195182    4.175043800496366 -124.219180926385519 1636.874119252564014 -8013.236526992967811
  17.035421195840680   47.386672099999998
  18.122470597054591   47.922711300000003
  19.254807305049955   48.268376000000004
  20.433355550577456   48.465412600000001
  21.659039564387733   48.616518900000003
  22.932783577231394   48.943553700000002
  24.255511819859098   38.838066599999998


# temperature  832.000000000000000
#   -0.052427245091966    4.174709965516893 -124.208373961342801 1636.718805357221754 -8012.395160588202998
  17.035421195840680   47.392443600000000
  18.122470597054591   47.927284299999997
  19.254807305049955   48.272162700000003
  20.433355550577456   48.468745800000001
  21.659039564387733   48.619501600000000
  22.932783577231394   48.945767300000000
  24.255511819859098   38.839718300000001


# temperature  833.000000000000000
#   -0.052423404506982    4.174377137343525 -124.197599840606443 1636.563966888604227 -8011.556388803308437
  17.035421195840680   47.398195399999999
  18.122470597054591   47.931841499999997
  19.254807305049955   48.275936299999998
  20.433355550577456   48.472067400000000
  21.659039564387733   48.622473800000002
  22.932783577231394   48.947973099999999
  24.255511819859098   38.841364300000002


# temperature  834.000000000000000
#   -0.052419578344138    4.174045550531064 -124.186865630164789 1636.409697933226198 -8010.720678755457811
  17.035421195840680   47.403927600000003
  18.122470597054591   47.936383100000000
  19.254807305049955   48.279696800000004
  20.433355550577456   48.475377399999999
  21.659039564387733   48.625435699999997
  22.932783577231394   48.950171200000000
  24.255511819859098   38.843004499999999


# temperature  835.000000000000000
#   -0.052415763198780    4.173714922852064 -124.176162599515379 1636.255879060613324 -8009.887420911921254
  17.035421195840680   47.409640300000000
  18.122470597054591   47.940908999999998
  19.254807305049955   48.283444199999998
  20.433355550577456   48.478675899999999
  21.659039564387733   48.628387300000000
  22.932783577231394   48.952361600000003
  24.255511819859098   38.844639000000001


# temperature  836.000000000000000
#   -0.052411960443715    4.173385367686538 -124.165494248965388 1636.102558119923287 -8009.056859419575630
  17.035421195840680   47.415333599999997
  18.122470597054591   47.945419299999998
  19.254807305049955   48.287178699999998
  20.433355550577456   48.481963000000000
  21.659039564387733   48.631328600000003
  22.932783577231394   48.954544400000003
  24.255511819859098   38.846267699999999


# temperature  837.000000000000000
#   -0.052408169521191    4.173056841659957 -124.154859307749732 1635.949718445002418 -8008.228911566943680
  17.035421195840680   47.421007600000003
  18.122470597054591   47.949914100000001
  19.254807305049955   48.290900200000003
  20.433355550577456   48.485238600000002
  21.659039564387733   48.634259600000000
  22.932783577231394   48.956719499999998
  24.255511819859098   38.847890800000002


# temperature  838.000000000000000
#   -0.052404391965146    4.172729471825484 -124.144261721658239 1635.797414500903187 -8007.403859137472864
  17.035421195840680   47.426662200000003
  18.122470597054591   47.954393500000002
  19.254807305049955   48.294608900000000
  20.433355550577456   48.488502900000000
  21.659039564387733   48.637180499999999
  22.932783577231394   48.958887099999998
  24.255511819859098   38.849508299999997


# temperature  839.000000000000000
#   -0.052400625854174    4.172403089798902 -124.133695987785501 1635.645566806795159 -8006.581274081178890
  17.035421195840680   47.432297800000001
  18.122470597054591   47.958857500000001
  19.254807305049955   48.298304700000003
  20.433355550577456   48.491755900000001
  21.659039564387733   48.640091300000002
  22.932783577231394   48.961047200000003
  24.255511819859098   38.851120100000003


# temperature  840.000000000000000
#   -0.052396873359455    4.172077887732957 -124.123168437960814 1635.494267402140395 -8005.761654107514914
  17.035421195840680   47.437914200000002
  18.122470597054591   47.963306299999999
  19.254807305049955   48.301987900000000
  20.433355550577456   48.494997699999999
  21.659039564387733   48.642992000000000
  22.932783577231394   48.963199799999998
  24.255511819859098   38.852726300000000


# temperature  841.000000000000000
#   -0.052393131989491    4.171753651561271 -124.112672196288074 1635.343418483328833 -8004.944479745907302
  17.035421195840680   47.443511700000002
  18.122470597054591   47.967739799999997
  19.254807305049955   48.305658299999997
  20.433355550577456   48.498228200000000
  21.659039564387733   48.645882600000000
  22.932783577231394   48.965344899999998
  24.255511819859098   38.854326999999998


# temperature  842.000000000000000
#   -0.052389402472846    4.171430446973664 -124.102209484250423 1635.193053351360959 -8004.129937100160532
  17.035421195840680   47.449090200000001
  18.122470597054591   47.972158200000003
  19.254807305049955   48.309316199999998
  20.433355550577456   48.501447599999999
  21.659039564387733   48.648763299999999
  22.932783577231394   48.967482500000003
  24.255511819859098   38.855922100000001


# temperature  843.000000000000000
#   -0.052385685441204    4.171108317623077 -124.091781369969553 1635.043182610393615 -8003.318059250938859
  17.035421195840680   47.454649900000000
  18.122470597054591   47.976561500000003
  19.254807305049955   48.312961399999999
  20.433355550577456   48.504655999999997
  21.659039564387733   48.651634000000001
  22.932783577231394   48.969612800000000
  24.255511819859098   38.857511600000002


# temperature  844.000000000000000
#   -0.052381981093155    4.170787287564762 -124.081388822557329 1634.893822420932793 -8002.508942368645876
  17.035421195840680   47.460190900000001
  18.122470597054591   47.980949799999998
  19.254807305049955   48.316594199999997
  20.433355550577456   48.507853200000000
  21.659039564387733   48.654494800000002
  22.932783577231394   48.971735700000004
  24.255511819859098   38.859095699999997


# temperature  845.000000000000000
#   -0.052378288190413    4.170467250574501 -124.071028465656738 1634.744925662682817 -8001.702342800287624
  17.035421195840680   47.465713100000002
  18.122470597054591   47.985323100000002
  19.254807305049955   48.320214499999999
  20.433355550577456   48.511039500000003
  21.659039564387733   48.657345800000002
  22.932783577231394   48.973851300000000
  24.255511819859098   38.860674299999999


# temperature  846.000000000000000
#   -0.052374606553500    4.170148191090651 -124.060699772518419 1634.596484137987318 -8000.898211558726871
  17.035421195840680   47.471216900000002
  18.122470597054591   47.989681500000003
  19.254807305049955   48.323822399999997
  20.433355550577456   48.514214799999998
  21.659039564387733   48.660186899999999
  22.932783577231394   48.975959600000003
  24.255511819859098   38.862247500000002


# temperature  847.000000000000000
#   -0.052370937463699    4.169830217002761 -124.050406154542060 1634.448545828229499 -8000.096801661303289
  17.035421195840680   47.476702099999997
  18.122470597054591   47.994025200000003
  19.254807305049955   48.327417900000000
  20.433355550577456   48.517379300000002
  21.659039564387733   48.663018299999997
  22.932783577231394   48.978060599999999
  24.255511819859098   38.863815199999998


# temperature  848.000000000000000
#   -0.052367280368054    4.169513280850921 -124.040146083517726 1634.301088871799720 -7999.297995953645113
  17.035421195840680   47.482168899999998
  18.122470597054591   47.998354100000000
  19.254807305049955   48.331001200000003
  20.433355550577456   48.520532899999999
  21.659039564387733   48.665840000000003
  22.932783577231394   48.980154400000004
  24.255511819859098   38.865377500000001


# temperature  849.000000000000000
#   -0.052363634350059    4.169197308558870 -124.029917322793779 1634.154083354450904 -7998.501644785977987
  17.035421195840680   47.487617399999998
  18.122470597054591   48.002668300000003
  19.254807305049955   48.334572299999998
  20.433355550577456   48.523675699999998
  21.659039564387733   48.668652000000002
  22.932783577231394   48.982241000000002
  24.255511819859098   38.866934499999999


# temperature  850.000000000000000
#   -0.052360000752125    4.168882407617844 -124.019723082649747 1634.007571659332825 -7997.707956867010580
  17.035421195840680   47.493047599999997
  18.122470597054591   48.006967899999999
  19.254807305049955   48.338131099999998
  20.433355550577456   48.526807699999999
  21.659039564387733   48.671454400000002
  22.932783577231394   48.984320400000001
  24.255511819859098   38.868486099999998


# temperature  851.000000000000000
#   -0.052356377666562    4.168568424299703 -124.009558752189562 1633.861492778946285 -7996.916631612225501
  17.035421195840680   47.498459599999997
  18.122470597054591   48.011252900000002
  19.254807305049955   48.341677900000001
  20.433355550577456   48.529929099999997
  21.659039564387733   48.674247200000003
  22.932783577231394   48.986392700000003
  24.255511819859098   38.870032399999999


# temperature  852.000000000000000
#   -0.052352767439011    4.168255549747707 -123.999430124694044 1633.715924073881524 -7996.128052852363908
  17.035421195840680   47.503853599999999
  18.122470597054591   48.015523500000000
  19.254807305049955   48.345212600000004
  20.433355550577456   48.533039799999997
  21.659039564387733   48.677030400000000
  22.932783577231394   48.988457900000000
  24.255511819859098   38.871573400000003


# temperature  853.000000000000000
#   -0.052349169254420    4.167943713956456 -123.989334970623702 1633.570834361173183 -7995.342059052246441
  17.035421195840680   47.509229499999996
  18.122470597054591   48.019779600000000
  19.254807305049955   48.348735200000000
  20.433355550577456   48.536139900000002
  21.659039564387733   48.679804099999998
  22.932783577231394   48.990516100000001
  24.255511819859098   38.873109100000001


# temperature  854.000000000000000
#   -0.052345581217947    4.167632765542410 -123.979268783249211 1633.426164349695000 -7994.558359011209177
  17.035421195840680   47.514587499999998
  18.122470597054591   48.024021400000002
  19.254807305049955   48.352245900000000
  20.433355550577456   48.539229499999998
  21.659039564387733   48.682568400000001
  22.932783577231394   48.992567200000003
  24.255511819859098   38.874639600000002


# temperature  855.000000000000000
#   -0.052342006184187    4.167322938198750 -123.969238700146008 1633.282010427204568 -7993.777438301743132
  17.035421195840680   47.519927600000003
  18.122470597054591   48.028248900000001
  19.254807305049955   48.355744799999997
  20.433355550577456   48.542308499999997
  21.659039564387733   48.685323300000000
  22.932783577231394   48.994611300000003
  24.255511819859098   38.876164799999998


# temperature  856.000000000000000
#   -0.052338440668043    4.167013941181374 -123.959235661963064 1633.138247651475240 -7992.998653480974099
  17.035421195840680   47.525250000000000
  18.122470597054591   48.032462099999996
  19.254807305049955   48.359231700000002
  20.433355550577456   48.545377100000003
  21.659039564387733   48.688068700000002
  22.932783577231394   48.996648399999998
  24.255511819859098   38.877684799999997


# temperature  857.000000000000000
#   -0.052334886861514    4.166705958604775 -123.949265446185208 1632.994956280345377 -7992.222420727716781
  17.035421195840680   47.530554700000003
  18.122470597054591   48.036661199999998
  19.254807305049955   48.362706899999999
  20.433355550577456   48.548435300000001
  21.659039564387733   48.690804900000003
  22.932783577231394   48.998678599999998
  24.255511819859098   38.879199700000001


# temperature  858.000000000000000
#   -0.052331345616120    4.166399058991377 -123.939330106598263 1632.852163479168894 -7991.448873837954125
  17.035421195840680   47.535841699999999
  18.122470597054591   48.040846199999997
  19.254807305049955   48.366170300000000
  20.433355550577456   48.551483099999999
  21.659039564387733   48.693531800000002
  22.932783577231394   49.000701900000003
  24.255511819859098   38.880709400000001


# temperature  859.000000000000000
#   -0.052327814678031    4.166093054995680 -123.929423832291604 1632.709789527480098 -7990.677604531840188
  17.035421195840680   47.541111200000003
  18.122470597054591   48.045017100000003
  19.254807305049955   48.369622000000000
  20.433355550577456   48.554520599999996
  21.659039564387733   48.696249399999999
  22.932783577231394   49.002718299999998
  24.255511819859098   38.882213900000004


# temperature  860.000000000000000
#   -0.052324295193497    4.165788047314609 -123.919549908778222 1632.567881618113233 -7989.908864558358800
  17.035421195840680   47.546363200000002
  18.122470597054591   48.049174100000002
  19.254807305049955   48.373062099999999
  20.433355550577456   48.557547800000002
  21.659039564387733   48.698957800000002
  22.932783577231394   49.004727799999998
  24.255511819859098   38.883713399999998


# temperature  861.000000000000000
#   -0.052320788429283    4.165484130837197 -123.909710960038922 1632.426471426938861 -7989.142794272835090
  17.035421195840680   47.551597899999997
  18.122470597054591   48.053317200000002
  19.254807305049955   48.376490599999997
  20.433355550577456   48.560564800000002
  21.659039564387733   48.701656999999997
  22.932783577231394   49.006730599999997
  24.255511819859098   38.885207700000002


# temperature  862.000000000000000
#   -0.052317289451171    4.165180902272181 -123.899894695715673 1632.285393465407424 -7988.378563096859580
  17.035421195840680   47.556815200000003
  18.122470597054591   48.057446300000002
  19.254807305049955   48.379907500000002
  20.433355550577456   48.563571600000003
  21.659039564387733   48.704347200000001
  22.932783577231394   49.008726500000002
  24.255511819859098   38.886696999999998


# temperature  863.000000000000000
#   -0.052313805222053    4.164878940055758 -123.890119037429130 1632.144893105941492 -7987.617423266377955
  17.035421195840680   47.562015199999998
  18.122470597054591   48.061561699999999
  19.254807305049955   48.383313000000001
  20.433355550577456   48.566568199999999
  21.659039564387733   48.707028200000003
  22.932783577231394   49.010715699999999
  24.255511819859098   38.888181199999998


# temperature  864.000000000000000
#   -0.052310330652136    4.164577819814746 -123.880370781614701 1632.004788700703784 -7986.858442514129820
  17.035421195840680   47.567198099999999
  18.122470597054591   48.065663399999998
  19.254807305049955   48.386707000000001
  20.433355550577456   48.569554799999999
  21.659039564387733   48.709700200000000
  22.932783577231394   49.012698200000003
  24.255511819859098   38.889660499999998


# temperature  865.000000000000000
#   -0.052306866154007    4.164277574250200 -123.870650901474889 1631.865093122507005 -7986.101684545903481
  17.035421195840680   47.572364000000000
  18.122470597054591   48.069751400000001
  19.254807305049955   48.390089699999997
  20.433355550577456   48.572531400000003
  21.659039564387733   48.712363199999999
  22.932783577231394   49.014673999999999
  24.255511819859098   38.891134700000002


# temperature  866.000000000000000
#   -0.052303414735187    4.163978455851334 -123.860967300292472 1631.725915691870341 -7985.347713244987062
  17.035421195840680   47.577512700000000
  18.122470597054591   48.073825800000002
  19.254807305049955   48.393461000000002
  20.433355550577456   48.575497900000002
  21.659039564387733   48.715017199999998
  22.932783577231394   49.016643100000003
  24.255511819859098   38.892603899999997


# temperature  867.000000000000000
#   -0.052299972283235    4.163680119145955 -123.851309146380686 1631.587106198366200 -7984.595751150892283
  17.035421195840680   47.582644600000002
  18.122470597054591   48.077886599999999
  19.254807305049955   48.396821000000003
  20.433355550577456   48.578454499999999
  21.659039564387733   48.717662300000001
  22.932783577231394   49.018605600000001
  24.255511819859098   38.894068200000000


# temperature  868.000000000000000
#   -0.052296540073648    4.163382674172304 -123.841679980573105 1631.448714985591323 -7983.846064992665561
  17.035421195840680   47.587759599999998
  18.122470597054591   48.081933900000003
  19.254807305049955   48.400169800000000
  20.433355550577456   48.581401100000001
  21.659039564387733   48.720298600000000
  22.932783577231394   49.020561399999998
  24.255511819859098   38.895527600000001


# temperature  869.000000000000000
#   -0.052293120630522    4.163086327561437 -123.832086119020033 1631.310827492326553 -7983.099086238773452
  17.035421195840680   47.592857700000003
  18.122470597054591   48.085967799999999
  19.254807305049955   48.403507400000002
  20.433355550577456   48.584337900000001
  21.659039564387733   48.722926000000001
  22.932783577231394   49.022510699999998
  24.255511819859098   38.896982000000001


# temperature  870.000000000000000
#   -0.052289711191302    4.162790851147530 -123.822520514992448 1631.173347258308922 -7982.354321020904536
  17.035421195840680   47.597939199999999
  18.122470597054591   48.089988300000002
  19.254807305049955   48.406833900000002
  20.433355550577456   48.587264900000001
  21.659039564387733   48.725544499999998
  22.932783577231394   49.024453500000000
  24.255511819859098   38.898431600000002


# temperature  871.000000000000000
#   -0.052286312058702    4.162496270252812 -123.812983971523309 1631.036285706879880 -7981.611830665081470
  17.035421195840680   47.603003999999999
  18.122470597054591   48.093995499999998
  19.254807305049955   48.410149300000000
  20.433355550577456   48.590182100000000
  21.659039564387733   48.728154300000000
  22.932783577231394   49.026389700000003
  24.255511819859098   38.899876300000003


# temperature  872.000000000000000
#   -0.052282925958069    4.162202809229146 -123.803483370867312 1630.899736075031342 -7980.872085763749055
  17.035421195840680   47.608052200000003
  18.122470597054591   48.097989499999997
  19.254807305049955   48.413453699999998
  20.433355550577456   48.593089499999998
  21.659039564387733   48.730755400000000
  22.932783577231394   49.028319500000002
  24.255511819859098   38.901316199999997


# temperature  873.000000000000000
#   -0.052279548101302    4.161910068951558 -123.794006308607592 1630.763528018724401 -7980.134214225842697
  17.035421195840680   47.613083899999999
  18.122470597054591   48.101970199999997
  19.254807305049955   48.416747000000001
  20.433355550577456   48.595987299999997
  21.659039564387733   48.733347799999997
  22.932783577231394   49.030242800000003
  24.255511819859098   38.902751199999997


# temperature  874.000000000000000
#   -0.052276181211601    4.161618280143274 -123.784560071946231 1630.627763196976503 -7979.398744364927552
  17.035421195840680   47.618099100000002
  18.122470597054591   48.105937800000000
  19.254807305049955   48.420029399999997
  20.433355550577456   48.598875399999997
  21.659039564387733   48.735931600000001
  22.932783577231394   49.032159600000000
  24.255511819859098   38.904181399999999


# temperature  875.000000000000000
#   -0.052272825476629    4.161327456413928 -123.775145012403229 1630.492445344500993 -7978.665689092969842
  17.035421195840680   47.623097999999999
  18.122470597054591   48.109892299999998
  19.254807305049955   48.423301000000002
  20.433355550577456   48.601753899999999
  21.659039564387733   48.738506700000002
  22.932783577231394   49.034070100000001
  24.255511819859098   38.905606900000002


# temperature  876.000000000000000
#   -0.052269479306925    4.161037465367848 -123.765757023277160 1630.357518231255881 -7977.934761589100162
  17.035421195840680   47.628080599999997
  18.122470597054591   48.113833800000002
  19.254807305049955   48.426561700000001
  20.433355550577456   48.604622800000001
  21.659039564387733   48.741073299999996
  22.932783577231394   49.035974099999997
  24.255511819859098   38.907027599999999


# temperature  877.000000000000000
#   -0.052266145241806    4.160748511338856 -123.756402228411844 1630.223062877708117 -7977.206361137631575
  17.035421195840680   47.633046999999998
  18.122470597054591   48.117762300000003
  19.254807305049955   48.429811500000000
  20.433355550577456   48.607482200000000
  21.659039564387733   48.743631299999997
  22.932783577231394   49.037871899999999
  24.255511819859098   38.908443499999997


# temperature  878.000000000000000
#   -0.052262820282480    4.160460356986875 -123.747073641375096 1630.088988631033999 -7976.480050128884614
  17.035421195840680   47.637997200000001
  18.122470597054591   48.121677900000002
  19.254807305049955   48.433050700000003
  20.433355550577456   48.610332100000001
  21.659039564387733   48.746180899999999
  22.932783577231394   49.039763299999997
  24.255511819859098   38.909854799999998


# temperature  879.000000000000000
#   -0.052259505739428    4.160173103803585 -123.737774176598961 1629.955332229177202 -7975.755999909311868
  17.035421195840680   47.642931300000001
  18.122470597054591   48.125580599999999
  19.254807305049955   48.436279100000000
  20.433355550577456   48.613172599999999
  21.659039564387733   48.748721900000000
  22.932783577231394   49.041648400000000
  24.255511819859098   38.911261300000000


# temperature  880.000000000000000
#   -0.052256203125853    4.159886878064886 -123.728507765262293 1629.822147796253375 -7975.034488492316996
  17.035421195840680   47.647849299999997
  18.122470597054591   48.129470499999996
  19.254807305049955   48.439496900000002
  20.433355550577456   48.616003599999999
  21.659039564387733   48.751254600000003
  22.932783577231394   49.043527300000001
  24.255511819859098   38.912663199999997


# temperature  881.000000000000000
#   -0.052252909335681    4.159601422136504 -123.719266432258138 1629.689326099424534 -7974.314957074494487
  17.035421195840680   47.652751500000001
  18.122470597054591   48.133347700000002
  19.254807305049955   48.442704100000000
  20.433355550577456   48.618825299999997
  21.659039564387733   48.753778900000000
  22.932783577231394   49.045399900000000
  24.255511819859098   38.914060399999997


# temperature  882.000000000000000
#   -0.052249625110263    4.159316798854399 -123.710052167729089 1629.556895082065466 -7973.597552549911597
  17.035421195840680   47.657637700000002
  18.122470597054591   48.137212099999999
  19.254807305049955   48.445900700000003
  20.433355550577456   48.621637700000001
  21.659039564387733   48.756294799999999
  22.932783577231394   49.047266299999997
  24.255511819859098   38.915452999999999


# temperature  883.000000000000000
#   -0.052246353112901    4.159033227610082 -123.700871712035806 1629.424946231285730 -7972.882737457247458
  17.035421195840680   47.662508099999997
  18.122470597054591   48.141064000000000
  19.254807305049955   48.449086800000003
  20.433355550577456   48.624440800000002
  21.659039564387733   48.758802400000000
  22.932783577231394   49.049126500000000
  24.255511819859098   38.916840899999997


# temperature  884.000000000000000
#   -0.052243089482128    4.158750386835455 -123.691715069081070 1629.293342121980004 -7972.169806992117628
  17.035421195840680   47.667362799999999
  18.122470597054591   48.144903200000002
  19.254807305049955   48.452262400000002
  20.433355550577456   48.627234700000002
  21.659039564387733   48.761301699999997
  22.932783577231394   49.050980600000003
  24.255511819859098   38.918224299999999


# temperature  885.000000000000000
#   -0.052239836835335    4.158468494022987 -123.682588988035491 1629.162175421123720 -7971.459235917364822
  17.035421195840680   47.672201800000003
  18.122470597054591   48.148729899999999
  19.254807305049955   48.455427600000000
  20.433355550577456   48.630019400000002
  21.659039564387733   48.763792799999997
  22.932783577231394   49.052828599999998
  24.255511819859098   38.919603100000003


# temperature  886.000000000000000
#   -0.052236593295800    4.158187394417655 -123.673488705149325 1629.031381238216227 -7970.750694142609973
  17.035421195840680   47.677025200000003
  18.122470597054591   48.152544100000000
  19.254807305049955   48.458582399999997
  20.433355550577456   48.632794900000000
  21.659039564387733   48.766275700000001
  22.932783577231394   49.054670399999999
  24.255511819859098   38.920977299999997


# temperature  887.000000000000000
#   -0.052233361870528    4.157907340471530 -123.664422121758307 1628.901068833943100 -7970.044744775881554
  17.035421195840680   47.681832999999997
  18.122470597054591   48.156345999999999
  19.254807305049955   48.461726900000002
  20.433355550577456   48.635561299999999
  21.659039564387733   48.768750400000002
  22.932783577231394   49.056506200000001
  24.255511819859098   38.922347100000003


# temperature  888.000000000000000
#   -0.052230140927980    4.157628186778030 -123.655384433823741 1628.771168434446054 -7969.341011809355223
  17.035421195840680   47.686625300000003
  18.122470597054591   48.160135400000001
  19.254807305049955   48.464860999999999
  20.433355550577456   48.638318599999998
  21.659039564387733   48.771216899999999
  22.932783577231394   49.058335999999997
  24.255511819859098   38.923712199999997


# temperature  889.000000000000000
#   -0.052226927231417    4.157349674499326 -123.646367926277208 1628.641578425190573 -7968.638995908442666
  17.035421195840680   47.691402300000000
  18.122470597054591   48.163912500000002
  19.254807305049955   48.467984999999999
  20.433355550577456   48.641066899999998
  21.659039564387733   48.773675400000002
  22.932783577231394   49.060159700000000
  24.255511819859098   38.925072900000004


# temperature  890.000000000000000
#   -0.052223724846403    4.157072140182140 -123.637382990914475 1628.512440668263025 -7967.939419589638419
  17.035421195840680   47.696163800000001
  18.122470597054591   48.167677400000002
  19.254807305049955   48.471098699999999
  20.433355550577456   48.643806200000000
  21.659039564387733   48.776125800000003
  22.932783577231394   49.061977400000004
  24.255511819859098   38.926429200000001


# temperature  891.000000000000000
#   -0.052220531366697    4.156795377722063 -123.628423053063898 1628.383662570259958 -7967.241796937480103
  17.035421195840680   47.700910100000002
  18.122470597054591   48.171430000000001
  19.254807305049955   48.474202300000002
  20.433355550577456   48.646536500000003
  21.659039564387733   48.778568200000002
  22.932783577231394   49.063789100000001
  24.255511819859098   38.927780900000002


# temperature  892.000000000000000
#   -0.052217349877098    4.156519645801938 -123.619496195410449 1628.255355677091757 -7966.546701692123861
  17.035421195840680   47.705641100000001
  18.122470597054591   48.175170500000000
  19.254807305049955   48.477295699999999
  20.433355550577456   48.649257900000002
  21.659039564387733   48.781002600000001
  22.932783577231394   49.065595000000002
  24.255511819859098   38.929128300000002


# temperature  893.000000000000000
#   -0.052214175981595    4.156244582480896 -123.610591310426472 1628.127369357881435 -7965.853371939376302
  17.035421195840680   47.710357000000002
  18.122470597054591   48.178898900000000
  19.254807305049955   48.480379100000000
  20.433355550577456   48.651970400000003
  21.659039564387733   48.783429099999999
  22.932783577231394   49.067394800000002
  24.255511819859098   38.930471199999999


# temperature  894.000000000000000
#   -0.052211014676967    4.155970596047602 -123.601720832307876 1627.999870910848813 -7965.162646886342372
  17.035421195840680   47.715057799999997
  18.122470597054591   48.182615200000001
  19.254807305049955   48.483452499999999
  20.433355550577456   48.654674000000000
  21.659039564387733   48.785847599999997
  22.932783577231394   49.069188900000000
  24.255511819859098   38.931809700000002


# temperature  895.000000000000000
#   -0.052207860256455    4.155697219672210 -123.592870524934611 1627.872668499744805 -7964.473562513365323
  17.035421195840680   47.719743600000001
  18.122470597054591   48.186319500000003
  19.254807305049955   48.486515900000001
  20.433355550577456   48.657368900000002
  21.659039564387733   48.788258200000001
  22.932783577231394   49.070976999999999
  24.255511819859098   38.933143800000003


# temperature  896.000000000000000
#   -0.052204716723563    4.155424781410359 -123.584050408386190 1627.745897342849275 -7963.786799095438255
  17.035421195840680   47.724414400000001
  18.122470597054591   48.190011900000002
  19.254807305049955   48.489569299999999
  20.433355550577456   48.660055000000000
  21.659039564387733   48.790661000000000
  22.932783577231394   49.072759300000001
  24.255511819859098   38.934473599999997


# temperature  897.000000000000000
#   -0.052201583399218    4.155153228646542 -123.575258972705242 1627.619538427861471 -7963.102268032786924
  17.035421195840680   47.729070200000002
  18.122470597054591   48.193692400000003
  19.254807305049955   48.492612800000003
  20.433355550577456   48.662732400000003
  21.659039564387733   48.793055899999999
  22.932783577231394   49.074535800000000
  24.255511819859098   38.935799099999997


# temperature  898.000000000000000
#   -0.052198459686532    4.154882505588887 -123.566494290763060 1627.493562543856342 -7962.419805127306063
  17.035421195840680   47.733711300000003
  18.122470597054591   48.197361000000001
  19.254807305049955   48.495646499999999
  20.433355550577456   48.665401000000003
  21.659039564387733   48.795442999999999
  22.932783577231394   49.076306500000001
  24.255511819859098   38.937120200000003


# temperature  899.000000000000000
#   -0.052195345018544    4.154612570741040 -123.557755263144770 1627.367957368163843 -7961.739362293267732
  17.035421195840680   47.738337500000000
  18.122470597054591   48.201017800000002
  19.254807305049955   48.498670400000002
  20.433355550577456   48.668061000000002
  21.659039564387733   48.797822400000001
  22.932783577231394   49.078071399999999
  24.255511819859098   38.938437000000000


# temperature  900.000000000000000
#   -0.052192238875645    4.154343374504847 -123.549040142127055 1627.242695915294462 -7961.060785289671003
  17.035421195840680   47.742949099999997
  18.122470597054591   48.204662800000001
  19.254807305049955   48.501684500000003
  20.433355550577456   48.670712399999999
  21.659039564387733   48.800194099999999
  22.932783577231394   49.079830600000001
  24.255511819859098   38.939749499999998


# temperature  901.000000000000000
#   -0.052189143854685    4.154075137187859 -123.540355894873926 1627.117875512388082 -7960.384580744099367
  17.035421195840680   47.747546000000000
  18.122470597054591   48.208296199999999
  19.254807305049955   48.504688799999997
  20.433355550577456   48.673355200000003
  21.659039564387733   48.802558099999999
  22.932783577231394   49.081584100000001
  24.255511819859098   38.941057800000003


# temperature  902.000000000000000
#   -0.052186057785174    4.153807678887119 -123.531696974613780 1626.993420769729710 -7959.710367481599860
  17.035421195840680   47.752128200000001
  18.122470597054591   48.211917900000003
  19.254807305049955   48.507683499999999
  20.433355550577456   48.675989500000000
  21.659039564387733   48.804914500000002
  22.932783577231394   49.083331899999997
  24.255511819859098   38.942361800000000


# temperature  903.000000000000000
#   -0.052182981055807    4.153541029203511 -123.523064190496015 1626.869340932893465 -7959.038181484886991
  17.035421195840680   47.756695999999998
  18.122470597054591   48.215527999999999
  19.254807305049955   48.510668500000001
  20.433355550577456   48.678615200000003
  21.659039564387733   48.807263200000001
  22.932783577231394   49.085073999999999
  24.255511819859098   38.943661599999999


# temperature  904.000000000000000
#   -0.052179913639025    4.153275188126614 -123.514457632601037 1626.745638763560009 -7958.368046128985952
  17.035421195840680   47.761249200000002
  18.122470597054591   48.219126500000002
  19.254807305049955   48.513643899999998
  20.433355550577456   48.681232500000000
  21.659039564387733   48.809604299999997
  22.932783577231394   49.086810499999999
  24.255511819859098   38.944957199999997


# temperature  905.000000000000000
#   -0.052176855453921    4.153010148770626 -123.505877075827328 1626.622310870342062 -7957.699941434850189
  17.035421195840680   47.765788100000002
  18.122470597054591   48.222713599999999
  19.254807305049955   48.516609799999998
  20.433355550577456   48.683841399999999
  21.659039564387733   48.811937800000003
  22.932783577231394   49.088541300000003
  24.255511819859098   38.946248500000003


# temperature  906.000000000000000
#   -0.052173805998049    4.152745864672732 -123.497320927040988 1626.499333317042556 -7957.033734689202902
  17.035421195840680   47.770312599999997
  18.122470597054591   48.226289100000002
  19.254807305049955   48.519566099999999
  20.433355550577456   48.686441799999997
  21.659039564387733   48.814263900000000
  22.932783577231394   49.090266600000000
  24.255511819859098   38.947535799999997


# temperature  907.000000000000000
#   -0.052170767224455    4.152482501906380 -123.488794461027311 1626.376780174170108 -7956.369813383950714
  17.035421195840680   47.774822800000003
  18.122470597054591   48.229853300000002
  19.254807305049955   48.522512900000002
  20.433355550577456   48.689033899999998
  21.659039564387733   48.816582400000001
  22.932783577231394   49.091986300000002
  24.255511819859098   38.948818799999998


# temperature  908.000000000000000
#   -0.052167736642608    4.152219853431789 -123.480291250596494 1626.254563166399066 -7955.707725017107805
  17.035421195840680   47.779318799999999
  18.122470597054591   48.233406100000003
  19.254807305049955   48.525450300000003
  20.433355550577456   48.691617600000001
  21.659039564387733   48.818893500000001
  22.932783577231394   49.093700400000003
  24.255511819859098   38.950097700000001


# temperature  909.000000000000000
#   -0.052164715909635    4.151958054394746 -123.471815412129331 1626.132737804288126 -7955.047749204723914
  17.035421195840680   47.783800599999999
  18.122470597054591   48.236947600000001
  19.254807305049955   48.528378300000000
  20.433355550577456   48.694193100000000
  21.659039564387733   48.821197200000000
  22.932783577231394   49.095409099999998
  24.255511819859098   38.951372499999998


# temperature  910.000000000000000
#   -0.052161705162032    4.151697122222293 -123.463367667154486 1626.011316318332319 -7954.389959557448492
  17.035421195840680   47.788268199999997
  18.122470597054591   48.240477900000002
  19.254807305049955   48.531296900000001
  20.433355550577456   48.696760300000001
  21.659039564387733   48.823493399999997
  22.932783577231394   49.097112199999998
  24.255511819859098   38.952643199999997


# temperature  911.000000000000000
#   -0.052158702704000    4.151436907720257 -123.454943139174603 1625.890228532751962 -7953.733980840989716
  17.035421195840680   47.792721800000002
  18.122470597054591   48.243996899999999
  19.254807305049955   48.534206200000000
  20.433355550577456   48.699319299999999
  21.659039564387733   48.825782300000000
  22.932783577231394   49.098809899999999
  24.255511819859098   38.953909799999998


# temperature  912.000000000000000
#   -0.052155708974003    4.151177448340844 -123.446543012519143 1625.769490860440328 -7953.079897076650013
  17.035421195840680   47.797161500000001
  18.122470597054591   48.247504700000000
  19.254807305049955   48.537106199999997
  20.433355550577456   48.701870000000000
  21.659039564387733   48.828063899999997
  22.932783577231394   49.100502100000000
  24.255511819859098   38.955172300000001


# temperature  913.000000000000000
#   -0.052152724346674    4.150918786601039 -123.438168969952670 1625.649131494635867 -7952.427879034423313
  17.035421195840680   47.801587099999999
  18.122470597054591   48.251001500000001
  19.254807305049955   48.539997000000000
  20.433355550577456   48.704412699999999
  21.659039564387733   48.830338099999999
  22.932783577231394   49.102188800000000
  24.255511819859098   38.956430800000000


# temperature  914.000000000000000
#   -0.052149748955876    4.150660915544110 -123.429820226239272 1625.529131800722098 -7951.777791192232144
  17.035421195840680   47.805998899999999
  18.122470597054591   48.254487099999999
  19.254807305049955   48.542878500000000
  20.433355550577456   48.706947200000002
  21.659039564387733   48.832605100000002
  22.932783577231394   49.103870200000003
  24.255511819859098   38.957685200000000


# temperature  915.000000000000000
#   -0.052146782858116    4.150403851069894 -123.421497620818315 1625.409507965889588 -7951.129739543857795
  17.035421195840680   47.810396900000001
  18.122470597054591   48.257961700000003
  19.254807305049955   48.545750900000002
  20.433355550577456   48.709473600000003
  21.659039564387733   48.834864799999998
  22.932783577231394   49.105546199999999
  24.255511819859098   38.958935599999997


# temperature  916.000000000000000
#   -0.052143825457718    4.150147541052676 -123.413199463044435 1625.290235899767822 -7950.483596775301521
  17.035421195840680   47.814781099999998
  18.122470597054591   48.261425400000000
  19.254807305049955   48.548614100000002
  20.433355550577456   48.711992000000002
  21.659039564387733   48.837117399999997
  22.932783577231394   49.107216800000003
  24.255511819859098   38.960182000000003


# temperature  917.000000000000000
#   -0.052140878153074    4.149892105315897 -123.404929570875566 1625.171369219049893 -7949.839642926550368
  17.035421195840680   47.819151499999997
  18.122470597054591   48.264878099999997
  19.254807305049955   48.551468300000003
  20.433355550577456   48.714502299999999
  21.659039564387733   48.839362700000002
  22.932783577231394   49.108882100000002
  24.255511819859098   38.961424500000000


# temperature  918.000000000000000
#   -0.052137939059988    4.149637379289426 -123.396682605884507 1625.052831666232805 -7949.197473023821658
  17.035421195840680   47.823508300000000
  18.122470597054591   48.268319900000002
  19.254807305049955   48.554313399999998
  20.433355550577456   48.717004699999997
  21.659039564387733   48.841600900000003
  22.932783577231394   49.110542100000004
  24.255511819859098   38.962662899999998


# temperature  919.000000000000000
#   -0.052135007793886    4.149383337272086 -123.388457951547693 1624.934617075273309 -7948.557066279644459
  17.035421195840680   47.827851500000001
  18.122470597054591   48.271750800000000
  19.254807305049955   48.557149500000001
  20.433355550577456   48.719499100000000
  21.659039564387733   48.843831999999999
  22.932783577231394   49.112196800000000
  24.255511819859098   38.963897500000002


# temperature  920.000000000000000
#   -0.052132086643861    4.149130164990734 -123.380261236353078 1624.816800922284983 -7947.918800337804896
  17.035421195840680   47.832181200000001
  18.122470597054591   48.275171000000000
  19.254807305049955   48.559976599999999
  20.433355550577456   48.721985599999996
  21.659039564387733   48.846055999999997
  22.932783577231394   49.113846199999998
  24.255511819859098   38.965128000000000


# temperature  921.000000000000000
#   -0.052129171872603    4.148877555996515 -123.372083083501579 1624.699256355960188 -7947.282035195080425
  17.035421195840680   47.836497399999999
  18.122470597054591   48.278580300000002
  19.254807305049955   48.562794799999999
  20.433355550577456   48.724464300000001
  21.659039564387733   48.848272899999998
  22.932783577231394   49.115490399999999
  24.255511819859098   38.966354699999997


# temperature  922.000000000000000
#   -0.052126268175257    4.148625898528376 -123.363935463549097 1624.582146444726504 -7946.647598776015911
  17.035421195840680   47.840800100000003
  18.122470597054591   48.281979000000000
  19.254807305049955   48.565604000000000
  20.433355550577456   48.726934999999997
  21.659039564387733   48.850482800000002
  22.932783577231394   49.117129300000002
  24.255511819859098   38.967577499999997


# temperature  923.000000000000000
#   -0.052123372482431    4.148374935198429 -123.355810334103978 1624.465360225397035 -7946.014920590744623
  17.035421195840680   47.845089500000000
  18.122470597054591   48.285367000000001
  19.254807305049955   48.568404399999999
  20.433355550577456   48.729398000000003
  21.659039564387733   48.852685700000002
  22.932783577231394   49.118763100000002
  24.255511819859098   38.968796400000002


# temperature  924.000000000000000
#   -0.052120486224228    4.148124790100281 -123.347711700501677 1624.348954672596619 -7945.384301988733569
  17.035421195840680   47.849365499999998
  18.122470597054591   48.288744399999999
  19.254807305049955   48.571196000000000
  20.433355550577456   48.731853100000002
  21.659039564387733   48.854881599999999
  22.932783577231394   49.120391599999998
  24.255511819859098   38.970011399999997


# temperature  925.000000000000000
#   -0.052117607544420    4.147875303995914 -123.339634475307776 1624.232858055500628 -7944.755366308677367
  17.035421195840680   47.853628299999997
  18.122470597054591   48.292111200000001
  19.254807305049955   48.573978799999999
  20.433355550577456   48.734300599999997
  21.659039564387733   48.857070499999999
  22.932783577231394   49.122014999999998
  24.255511819859098   38.971222500000003


# temperature  926.000000000000000
#   -0.052114738694451    4.147626665342054 -123.331584536088030 1624.117151335391554 -7944.128529210877787
  17.035421195840680   47.857877799999997
  18.122470597054591   48.295467500000001
  19.254807305049955   48.576752800000001
  20.433355550577456   48.736740300000001
  21.659039564387733   48.859252599999998
  22.932783577231394   49.123633300000002
  24.255511819859098   38.972429900000002


# temperature  927.000000000000000
#   -0.052111877500204    4.147378693543600 -123.323556290372750 1624.001757956574011 -7943.503399598303986
  17.035421195840680   47.862114200000001
  18.122470597054591   48.298813299999999
  19.254807305049955   48.579518100000001
  20.433355550577456   48.739172300000000
  21.659039564387733   48.861427800000001
  22.932783577231394   49.125246400000002
  24.255511819859098   38.973633399999997


# temperature  928.000000000000000
#   -0.052109026026583    4.147131557002274 -123.315554855375851 1623.886746604057862 -7942.880321148370058
  17.035421195840680   47.866337500000000
  18.122470597054591   48.302148600000002
  19.254807305049955   48.582274699999999
  20.433355550577456   48.741596600000001
  21.659039564387733   48.863596100000002
  22.932783577231394   49.126854500000000
  24.255511819859098   38.974833099999998


# temperature  929.000000000000000
#   -0.052106181736653    4.146885050272995 -123.307574040597231 1623.772035016541622 -7942.258886996215551
  17.035421195840680   47.870547700000003
  18.122470597054591   48.305473499999998
  19.254807305049955   48.585022700000003
  20.433355550577456   48.744013400000000
  21.659039564387733   48.865757600000002
  22.932783577231394   49.128457500000003
  24.255511819859098   38.976028999999997


# temperature  930.000000000000000
#   -0.052103346158107    4.146639295567959 -123.299617474494895 1623.657670552752506 -7941.639326343230096
  17.035421195840680   47.874744900000003
  18.122470597054591   48.308788000000000
  19.254807305049955   48.587761999999998
  20.433355550577456   48.746422500000001
  21.659039564387733   48.867912300000000
  22.932783577231394   49.130055400000003
  24.255511819859098   38.977221100000001


# temperature  931.000000000000000
#   -0.052100519855947    4.146394344347266 -123.291686894036843 1623.543678958506234 -7941.021780431166917
  17.035421195840680   47.878929200000002
  18.122470597054591   48.312092300000003
  19.254807305049955   48.590492800000000
  20.433355550577456   48.748824100000000
  21.659039564387733   48.870060199999998
  22.932783577231394   49.131648300000002
  24.255511819859098   38.978409499999998


# temperature  932.000000000000000
#   -0.052097701036551    4.146150044038039 -123.283777461312184 1623.429992492727706 -7940.405896033150384
  17.035421195840680   47.883100599999999
  18.122470597054591   48.315386199999999
  19.254807305049955   48.593215100000002
  20.433355550577456   48.751218100000003
  21.659039564387733   48.872201400000002
  22.932783577231394   49.133236199999999
  24.255511819859098   38.979594200000001


# temperature  933.000000000000000
#   -0.052094890897355    4.145906495050572 -123.275892321648627 1623.316654746412951 -7939.791898487467734
  17.035421195840680   47.887259100000001
  18.122470597054591   48.318669900000003
  19.254807305049955   48.595928800000003
  20.433355550577456   48.753604699999997
  21.659039564387733   48.874335799999997
  22.932783577231394   49.134819100000001
  24.255511819859098   38.980775100000002


# temperature  934.000000000000000
#   -0.052092089941808    4.145663740390819 -123.268032842238540 1623.203684881312483 -7939.179887569037419
  17.035421195840680   47.891404799999997
  18.122470597054591   48.321943500000003
  19.254807305049955   48.598634099999998
  20.433355550577456   48.755983800000003
  21.659039564387733   48.876463600000001
  22.932783577231394   49.136397000000002
  24.255511819859098   38.981952300000003


# temperature  935.000000000000000
#   -0.052089296231079    4.145421615144754 -123.260193781925054 1623.091009182958715 -7938.569476439677601
  17.035421195840680   47.895537800000000
  18.122470597054591   48.325206799999997
  19.254807305049955   48.601330900000001
  20.433355550577456   48.758355399999999
  21.659039564387733   48.878584699999998
  22.932783577231394   49.137970000000003
  24.255511819859098   38.983125899999997


# temperature  936.000000000000000
#   -0.052086510697143    4.145180199882284 -123.252377753167295 1622.978665222421569 -7937.960866793600871
  17.035421195840680   47.899658100000003
  18.122470597054591   48.328460100000001
  19.254807305049955   48.604019299999997
  20.433355550577456   48.760719700000003
  21.659039564387733   48.880699200000002
  22.932783577231394   49.139538000000002
  24.255511819859098   38.984295699999997


# temperature  937.000000000000000
#   -0.052083733951405    4.144939544468690 -123.244586256239828 1622.866672731435756 -7937.354154335117528
  17.035421195840680   47.903765800000002
  18.122470597054591   48.331703300000001
  19.254807305049955   48.606699399999997
  20.433355550577456   48.763076499999997
  21.659039564387733   48.882807100000001
  22.932783577231394   49.141101100000000
  24.255511819859098   38.985461899999997


# temperature  938.000000000000000
#   -0.052080965604207    4.144699612276475 -123.236818033286781 1622.755012936142521 -7936.749236012920846
  17.035421195840680   47.907860900000003
  18.122470597054591   48.334936399999997
  19.254807305049955   48.609371099999997
  20.433355550577456   48.765425999999998
  21.659039564387733   48.884908400000000
  22.932783577231394   49.142659399999999
  24.255511819859098   38.986624399999997


# temperature  939.000000000000000
#   -0.052078205335464    4.144460386652137 -123.229072878533188 1622.643687253597136 -7936.146140306555935
  17.035421195840680   47.911943399999998
  18.122470597054591   48.338159599999997
  19.254807305049955   48.612034600000001
  20.433355550577456   48.767768300000000
  21.659039564387733   48.887003100000001
  22.932783577231394   49.144212799999998
  24.255511819859098   38.987783299999997


# temperature  940.000000000000000
#   -0.052075452453121    4.144221802090600 -123.221348500427396 1622.532660545257386 -7935.544667878785731
  17.035421195840680   47.916013499999998
  18.122470597054591   48.341372800000002
  19.254807305049955   48.614689800000001
  20.433355550577456   48.770103200000001
  21.659039564387733   48.889091299999997
  22.932783577231394   49.145761299999997
  24.255511819859098   38.988938599999997


# temperature  941.000000000000000
#   -0.052072707559160    4.143983908605914 -123.213646462123904 1622.421954599060655 -7934.944932906852046
  17.035421195840680   47.920071100000001
  18.122470597054591   48.344576099999998
  19.254807305049955   48.617336700000003
  20.433355550577456   48.772430900000003
  21.659039564387733   48.891173100000003
  22.932783577231394   49.147305000000003
  24.255511819859098   38.990090299999999


# temperature  942.000000000000000
#   -0.052069973832331    4.143746970927813 -123.205974974242892 1622.311681767914934 -7934.347507485551432
  17.035421195840680   47.924116400000003
  18.122470597054591   48.347769599999999
  19.254807305049955   48.619975500000002
  20.433355550577456   48.774751299999998
  21.659039564387733   48.893248300000003
  22.932783577231394   49.148843999999997
  24.255511819859098   38.991238400000000


# temperature  943.000000000000000
#   -0.052067244784905    4.143510451849277 -123.198317462025628 1622.201616255800673 -7933.751245801274308
  17.035421195840680   47.928149300000001
  18.122470597054591   48.350953199999999
  19.254807305049955   48.622606099999999
  20.433355550577456   48.777064600000003
  21.659039564387733   48.895317200000001
  22.932783577231394   49.150378099999998
  24.255511819859098   38.992382900000003


# temperature  944.000000000000000
#   -0.052064523673430    4.143274622330822 -123.190682317441699 1622.091872700854083 -7933.156730580972180
  17.035421195840680   47.932169899999998
  18.122470597054591   48.354126999999998
  19.254807305049955   48.625228499999999
  20.433355550577456   48.779370700000001
  21.659039564387733   48.897379600000001
  22.932783577231394   49.151907399999999
  24.255511819859098   38.993523900000000


# temperature  945.000000000000000
#   -0.052061812565236    4.143039651330732 -123.183074696736796 1621.982520727365682 -7932.564312627490835
  17.035421195840680   47.936178300000002
  18.122470597054591   48.357291099999998
  19.254807305049955   48.627842899999997
  20.433355550577456   48.781669600000001
  21.659039564387733   48.899435599999997
  22.932783577231394   49.153432000000002
  24.255511819859098   38.994661299999997


# temperature  946.000000000000000
#   -0.052059108812260    4.142805320690939 -123.175487897063874 1621.873469323812287 -7931.973531205707332
  17.035421195840680   47.940174499999998
  18.122470597054591   48.360445499999997
  19.254807305049955   48.630449200000001
  20.433355550577456   48.783961499999997
  21.659039564387733   48.901485200000003
  22.932783577231394   49.154951900000000
  24.255511819859098   38.995795200000003


# temperature  947.000000000000000
#   -0.052056414086892    4.142571764927855 -123.167925948186749 1621.764771762574583 -7931.384648453590671
  17.035421195840680   47.944158600000002
  18.122470597054591   48.363590199999997
  19.254807305049955   48.633047500000004
  20.433355550577456   48.786246200000001
  21.659039564387733   48.903528500000000
  22.932783577231394   49.156467100000000
  24.255511819859098   38.996925500000003


# temperature  948.000000000000000
#   -0.052053726038182    4.142338796946589 -123.160383312327014 1621.656355818744942 -7930.797314208350144
  17.035421195840680   47.948130499999998
  18.122470597054591   48.366725299999999
  19.254807305049955   48.635637799999998
  20.433355550577456   48.788524000000002
  21.659039564387733   48.905565500000002
  22.932783577231394   49.157977600000002
  24.255511819859098   38.998052399999999


# temperature  949.000000000000000
#   -0.052051045501491    4.142106478677424 -123.152861662741572 1621.548240833963291 -7930.211607900019771
  17.035421195840680   47.952090499999997
  18.122470597054591   48.369850800000002
  19.254807305049955   48.638220099999998
  20.433355550577456   48.790794699999999
  21.659039564387733   48.907596200000000
  22.932783577231394   49.159483399999999
  24.255511819859098   38.999175800000003


# temperature  950.000000000000000
#   -0.052048372242735    4.141874794574820 -123.145360654782365 1621.440424193674289 -7929.627528066223931
  17.035421195840680   47.956038399999997
  18.122470597054591   48.372966699999999
  19.254807305049955   48.640794499999998
  20.433355550577456   48.793058400000000
  21.659039564387733   48.909620699999998
  22.932783577231394   49.160984499999998
  24.255511819859098   39.000295700000002


# temperature  951.000000000000000
#   -0.052045708922273    4.141643963436701 -123.137886987835230 1621.332996385930983 -7929.045529445318607
  17.035421195840680   47.959974400000000
  18.122470597054591   48.376073200000000
  19.254807305049955   48.643360999999999
  20.433355550577456   48.795315199999997
  21.659039564387733   48.911638900000000
  22.932783577231394   49.162481100000001
  24.255511819859098   39.001412199999997


# temperature  952.000000000000000
#   -0.052043051681579    4.141413664288508 -123.130430706776295 1621.225820984664324 -7928.464915133134127
  17.035421195840680   47.963898499999999
  18.122470597054591   48.379170100000003
  19.254807305049955   48.645919599999999
  20.433355550577456   48.797564999999999
  21.659039564387733   48.913650900000000
  22.932783577231394   49.163972999999999
  24.255511819859098   39.002525200000001


# temperature  953.000000000000000
#   -0.052040402363811    4.141184052294149 -123.122996686400029 1621.118965716995262 -7927.886036053995667
  17.035421195840680   47.967810700000001
  18.122470597054591   48.382257600000003
  19.254807305049955   48.648470400000001
  20.433355550577456   48.799807899999998
  21.659039564387733   48.915656800000001
  22.932783577231394   49.165460299999999
  24.255511819859098   39.003634800000000


# temperature  954.000000000000000
#   -0.052037763030243    4.140955295163188 -123.115589998221878 1621.012498101949859 -7927.309225963293102
  17.035421195840680   47.971711200000001
  18.122470597054591   48.385335800000000
  19.254807305049955   48.651013300000002
  20.433355550577456   48.802043900000001
  21.659039564387733   48.917656399999998
  22.932783577231394   49.166943099999997
  24.255511819859098   39.004741000000003


# temperature  955.000000000000000
#   -0.052035128359647    4.140726955262862 -123.108197241530789 1620.906237103695503 -7926.733574509608843
  17.035421195840680   47.975599899999999
  18.122470597054591   48.388404500000000
  19.254807305049955   48.653548600000001
  20.433355550577456   48.804273100000003
  21.659039564387733   48.919649999999997
  22.932783577231394   49.168421299999999
  24.255511819859098   39.005843800000001


# temperature  956.000000000000000
#   -0.052032503281444    4.140499439969927 -123.100830964133024 1620.800353406283875 -7926.159946714473335
  17.035421195840680   47.979476800000000
  18.122470597054591   48.391463999999999
  19.254807305049955   48.656075999999999
  20.433355550577456   48.806495499999997
  21.659039564387733   48.921637400000002
  22.932783577231394   49.169894900000003
  24.255511819859098   39.006943100000001


# temperature  957.000000000000000
#   -0.052029884075970    4.140272441094839 -123.093481635954177 1620.694716679369094 -7925.587677515913128
  17.035421195840680   47.983342100000002
  18.122470597054591   48.394514100000002
  19.254807305049955   48.658595800000001
  20.433355550577456   48.808711099999996
  21.659039564387733   48.923618699999999
  22.932783577231394   49.171363999999997
  24.255511819859098   39.008039099999998


# temperature  958.000000000000000
#   -0.052027274116970    4.140046234939296 -123.086157695527746 1620.589440827663566 -7925.017340233645882
  17.035421195840680   47.987195800000002
  18.122470597054591   48.397554999999997
  19.254807305049955   48.661107899999998
  20.433355550577456   48.810919900000002
  21.659039564387733   48.925593999999997
  22.932783577231394   49.172828699999997
  24.255511819859098   39.009131799999999


# temperature  959.000000000000000
#   -0.052024670740459    4.139820602013318 -123.078852397772579 1620.484434197177961 -7924.448470107534376
  17.035421195840680   47.991038000000003
  18.122470597054591   48.400586699999998
  19.254807305049955   48.663612299999997
  20.433355550577456   48.813121899999999
  21.659039564387733   48.927563300000003
  22.932783577231394   49.174288799999999
  24.255511819859098   39.010221100000003


# temperature  960.000000000000000
#   -0.052022076703395    4.139595776223674 -123.071573151453421 1620.379800611447081 -7923.881610152102439
  17.035421195840680   47.994868500000003
  18.122470597054591   48.403609299999999
  19.254807305049955   48.666109100000000
  20.433355550577456   48.815317299999997
  21.659039564387733   48.929526500000001
  22.932783577231394   49.175744500000000
  24.255511819859098   39.011307100000003


# temperature  961.000000000000000
#   -0.052019486667423    4.139371306318870 -123.064305726624326 1620.275341682652652 -7923.315728681577639
  17.035421195840680   47.998687699999998
  18.122470597054591   48.406622599999999
  19.254807305049955   48.668598400000000
  20.433355550577456   48.817506000000002
  21.659039564387733   48.931483800000002
  22.932783577231394   49.177195699999999
  24.255511819859098   39.012389700000000


# temperature  962.000000000000000
#   -0.052016907483137    4.139147762799722 -123.057067835704615 1620.171300394460332 -7922.752068426686492
  17.035421195840680   48.002495400000001
  18.122470597054591   48.409626899999999
  19.254807305049955   48.671080000000003
  20.433355550577456   48.819687999999999
  21.659039564387733   48.933435099999997
  22.932783577231394   49.178642600000003
  24.255511819859098   39.013469100000002


# temperature  963.000000000000000
#   -0.052014336344734    4.138924921418119 -123.049852818100661 1620.067589586987651 -7922.190205209535634
  17.035421195840680   48.006291599999997
  18.122470597054591   48.412622200000001
  19.254807305049955   48.673554199999998
  20.433355550577456   48.821863299999997
  21.659039564387733   48.935380400000000
  22.932783577231394   49.180084899999997
  24.255511819859098   39.014545099999999


# temperature  964.000000000000000
#   -0.052011770546895    4.138702542819098 -123.042652791294358 1619.964094820582886 -7921.629521285874944
  17.035421195840680   48.010076599999998
  18.122470597054591   48.415608300000002
  19.254807305049955   48.676020800000003
  20.433355550577456   48.824032099999997
  21.659039564387733   48.937319799999997
  22.932783577231394   49.181522999999999
  24.255511819859098   39.015617900000002


# temperature  965.000000000000000
#   -0.052009212402895    4.138480830841464 -123.035474446606656 1619.860913001905601 -7921.070538729370128
  17.035421195840680   48.013850200000000
  18.122470597054591   48.418585499999999
  19.254807305049955   48.678480000000000
  20.433355550577456   48.826194299999997
  21.659039564387733   48.939253399999998
  22.932783577231394   49.182956599999997
  24.255511819859098   39.016687400000002


# temperature  966.000000000000000
#   -0.052006662084945    4.138259796131971 -123.028317989573097 1619.758045102788401 -7920.513252395522613
  17.035421195840680   48.017612600000000
  18.122470597054591   48.421553799999998
  19.254807305049955   48.680931800000003
  20.433355550577456   48.828350000000000
  21.659039564387733   48.941181100000001
  22.932783577231394   49.184385900000002
  24.255511819859098   39.017753700000000


# temperature  967.000000000000000
#   -0.052004118617373    4.138039355048955 -123.021180747109923 1619.655453384083557 -7919.957463787170127
  17.035421195840680   48.021363800000003
  18.122470597054591   48.424513099999999
  19.254807305049955   48.683376099999997
  20.433355550577456   48.830499099999997
  21.659039564387733   48.943102900000000
  22.932783577231394   49.185810799999999
  24.255511819859098   39.018816700000002


# temperature  968.000000000000000
#   -0.052001582614716    4.137819561643618 -123.014064493071047 1619.553163577684018 -7919.403311943746303
  17.035421195840680   48.025103799999997
  18.122470597054591   48.427463500000002
  19.254807305049955   48.685813099999997
  20.433355550577456   48.832641700000003
  21.659039564387733   48.945018900000001
  22.932783577231394   49.187231400000002
  24.255511819859098   39.019876500000002


# temperature  969.000000000000000
#   -0.051999054345373    4.137600436349826 -123.006969801296364 1619.451182702528286 -7918.850828209358951
  17.035421195840680   48.028832700000002
  18.122470597054591   48.430405100000002
  19.254807305049955   48.688242799999998
  20.433355550577456   48.834777799999998
  21.659039564387733   48.946929200000000
  22.932783577231394   49.188647699999997
  24.255511819859098   39.020933100000001


# temperature  970.000000000000000
#   -0.051996532876873    4.137381902091479 -122.999894287208775 1619.349478021740197 -7918.299844302965539
  17.035421195840680   48.032550600000000
  18.122470597054591   48.433337899999998
  19.254807305049955   48.690665099999997
  20.433355550577456   48.836907500000002
  21.659039564387733   48.948833600000000
  22.932783577231394   49.190059699999999
  24.255511819859098   39.021986499999997


# temperature  971.000000000000000
#   -0.051994019947299    4.137164102568161 -122.992842397984305 1619.248110617458906 -7917.750674426015394
  17.035421195840680   48.036257300000003
  18.122470597054591   48.436261899999998
  19.254807305049955   48.693080100000003
  20.433355550577456   48.839030800000003
  21.659039564387733   48.950732299999999
  22.932783577231394   49.191467500000002
  24.255511819859098   39.023036699999999


# temperature  972.000000000000000
#   -0.051991512497212    4.136946783810944 -122.985806260115169 1619.146972423983016 -7917.202764378419488
  17.035421195840680   48.039953099999998
  18.122470597054591   48.439177100000002
  19.254807305049955   48.695487900000003
  20.433355550577456   48.841147700000000
  21.659039564387733   48.952625300000001
  22.932783577231394   49.192870999999997
  24.255511819859098   39.024083699999998


# temperature  973.000000000000000
#   -0.051989012508925    4.136730112076278 -122.978791066914880 1619.046135036605165 -7916.656481648591580
  17.035421195840680   48.043638000000001
  18.122470597054591   48.442083699999998
  19.254807305049955   48.697888399999997
  20.433355550577456   48.843258200000001
  21.659039564387733   48.954512600000001
  22.932783577231394   49.194270199999998
  24.255511819859098   39.025127599999998


# temperature  974.000000000000000
#   -0.051986520098831    4.136514094360813 -122.971796969535291 1618.945599889686264 -7916.111831732562678
  17.035421195840680   48.047311899999997
  18.122470597054591   48.444981499999997
  19.254807305049955   48.700281799999999
  20.433355550577456   48.845362399999999
  21.659039564387733   48.956394199999998
  22.932783577231394   49.195665300000002
  24.255511819859098   39.026168300000002


# temperature  975.000000000000000
#   -0.051984036285909    4.136298815587046 -122.964826590434370 1618.845402496030601 -7915.568992330863693
  17.035421195840680   48.050975000000001
  18.122470597054591   48.447870799999997
  19.254807305049955   48.702667900000002
  20.433355550577456   48.847460200000000
  21.659039564387733   48.958270100000000
  22.932783577231394   49.197056099999998
  24.255511819859098   39.027205799999997


# temperature  976.000000000000000
#   -0.051981556990062    4.136083941604157 -122.957869734849496 1618.745405578831878 -7915.027275233057480
  17.035421195840680   48.054627199999999
  18.122470597054591   48.450751400000001
  19.254807305049955   48.705046899999999
  20.433355550577456   48.849551800000000
  21.659039564387733   48.960140400000000
  22.932783577231394   49.198442700000001
  24.255511819859098   39.028240300000000


# temperature  977.000000000000000
#   -0.051979085586716    4.135869743973347 -122.950934540114503 1618.645716741153365 -7914.487210068985405
  17.035421195840680   48.058268699999999
  18.122470597054591   48.453623399999998
  19.254807305049955   48.707418799999999
  20.433355550577456   48.851637099999998
  21.659039564387733   48.962005099999999
  22.932783577231394   49.199825199999999
  24.255511819859098   39.029271600000001


# temperature  978.000000000000000
#   -0.051976622166458    4.135656238222640 -122.944021736568459 1618.546349393360970 -7913.948882573461560
  17.035421195840680   48.061899400000001
  18.122470597054591   48.456486900000002
  19.254807305049955   48.709783700000003
  20.433355550577456   48.853716100000000
  21.659039564387733   48.963864200000003
  22.932783577231394   49.201203499999998
  24.255511819859098   39.030299800000002


# temperature  979.000000000000000
#   -0.051974165815445    4.135443343941299 -122.937128684551155 1618.447265258899506 -7913.412086050228027
  17.035421195840680   48.065519399999999
  18.122470597054591   48.459341899999998
  19.254807305049955   48.712141400000000
  20.433355550577456   48.855788900000000
  21.659039564387733   48.965717699999999
  22.932783577231394   49.202577699999999
  24.255511819859098   39.031325000000002


# temperature  980.000000000000000
#   -0.051971715023630    4.135230937176442 -122.930251602329534 1618.348413500005336 -7912.876566239092426
  17.035421195840680   48.069128800000001
  18.122470597054591   48.462188400000002
  19.254807305049955   48.714492200000002
  20.433355550577456   48.857855600000001
  21.659039564387733   48.967565700000002
  22.932783577231394   49.203947800000002
  24.255511819859098   39.032347100000003


# temperature  981.000000000000000
#   -0.051969272878009    4.135019271907334 -122.923398273328303 1618.249899420661677 -7912.342853964979440
  17.035421195840680   48.072727499999999
  18.122470597054591   48.465026399999999
  19.254807305049955   48.716835900000000
  20.433355550577456   48.859915999999998
  21.659039564387733   48.969408100000003
  22.932783577231394   49.205313799999999
  24.255511819859098   39.033366100000002


# temperature  982.000000000000000
#   -0.051966836510964    4.134808112034523 -122.916561453020748 1618.151624809533814 -7911.810452624433310
  17.035421195840680   48.076315700000002
  18.122470597054591   48.467856099999999
  19.254807305049955   48.719172600000000
  20.433355550577456   48.861970300000003
  21.659039564387733   48.971245099999997
  22.932783577231394   49.206675599999997
  24.255511819859098   39.034382000000001


# temperature  983.000000000000000
#   -0.051964408299221    4.134597654688621 -122.909747229439205 1618.053672660148550 -7911.279783708090690
  17.035421195840680   48.079893400000003
  18.122470597054591   48.470677400000000
  19.254807305049955   48.721502399999999
  20.433355550577456   48.864018500000000
  21.659039564387733   48.973076499999998
  22.932783577231394   49.208033499999999
  24.255511819859098   39.035395000000001


# temperature  984.000000000000000
#   -0.051961984637433    4.134387601626301 -122.902946413610465 1617.955917983746076 -7910.750213840336983
  17.035421195840680   48.083460600000002
  18.122470597054591   48.473490300000002
  19.254807305049955   48.723825300000001
  20.433355550577456   48.866060599999997
  21.659039564387733   48.974902499999999
  22.932783577231394   49.209387200000002
  24.255511819859098   39.036404900000001


# temperature  985.000000000000000
#   -0.051959570569034    4.134178368332264 -122.896171771150293 1617.858534139589210 -7910.222620919376823
  17.035421195840680   48.087017299999999
  18.122470597054591   48.476295000000000
  19.254807305049955   48.726141300000002
  20.433355550577456   48.868096600000001
  21.659039564387733   48.976723100000001
  22.932783577231394   49.210736900000001
  24.255511819859098   39.037411700000000


# temperature  986.000000000000000
#   -0.051957162026031    4.133969617703349 -122.889412871235010 1617.761378326363456 -7909.696275303523180
  17.035421195840680   48.090563600000003
  18.122470597054591   48.479091300000000
  19.254807305049955   48.728450400000000
  20.433355550577456   48.870126499999998
  21.659039564387733   48.978538299999997
  22.932783577231394   49.212082600000002
  24.255511819859098   39.038415600000000


# temperature  987.000000000000000
#   -0.051954761480838    4.133761560150946 -122.882676398078928 1617.664544418830701 -7909.171668384881741
  17.035421195840680   48.094099499999999
  18.122470597054591   48.481879499999998
  19.254807305049955   48.730752699999996
  20.433355550577456   48.872150499999996
  21.659039564387733   48.980347999999999
  22.932783577231394   49.213424300000000
  24.255511819859098   39.039416500000002


# temperature  988.000000000000000
#   -0.051952367219823    4.133554044629469 -122.875957395863040 1617.567960719255780 -7908.648414453671649
  17.035421195840680   48.097625100000002
  18.122470597054591   48.484659399999998
  19.254807305049955   48.733048099999998
  20.433355550577456   48.874168400000002
  21.659039564387733   48.982152399999997
  22.932783577231394   49.214762000000000
  24.255511819859098   39.040414400000003


# temperature  989.000000000000000
#   -0.051949978261945    4.133346998498288 -122.869253891829715 1617.471604032950381 -7908.126414399614987
  17.035421195840680   48.101140399999998
  18.122470597054591   48.487431100000002
  19.254807305049955   48.735336799999999
  20.433355550577456   48.876180400000003
  21.659039564387733   48.983951400000002
  22.932783577231394   49.216095699999997
  24.255511819859098   39.041409399999999


# temperature  990.000000000000000
#   -0.051947598189671    4.133140708890675 -122.862574459981801 1617.375587398955304 -7907.606223364627112
  17.035421195840680   48.104645499999997
  18.122470597054591   48.490194700000004
  19.254807305049955   48.737618699999999
  20.433355550577456   48.878186399999997
  21.659039564387733   48.985745100000003
  22.932783577231394   49.217425499999997
  24.255511819859098   39.042401300000002


# temperature  991.000000000000000
#   -0.051945223025593    4.132934854231470 -122.855909399833976 1617.279781426312184 -7907.087197441911485
  17.035421195840680   48.108140400000003
  18.122470597054591   48.492950100000002
  19.254807305049955   48.739893899999998
  20.433355550577456   48.880186399999999
  21.659039564387733   48.987533499999998
  22.932783577231394   49.218751300000001
  24.255511819859098   39.043390400000000


# temperature  992.000000000000000
#   -0.051942855374036    4.132729647939042 -122.849265247916918 1617.184274778299368 -7906.569785857387615
  17.035421195840680   48.111625099999998
  18.122470597054591   48.495697499999999
  19.254807305049955   48.742162399999998
  20.433355550577456   48.882180599999998
  21.659039564387733   48.989316600000002
  22.932783577231394   49.220073200000002
  24.255511819859098   39.044376499999998


# temperature  993.000000000000000
#   -0.051940494195068    4.132525002584276 -122.842639258692998 1617.089029313913215 -7906.053790987751199
  17.035421195840680   48.115099600000001
  18.122470597054591   48.498436800000000
  19.254807305049955   48.744424199999997
  20.433355550577456   48.884168899999999
  21.659039564387733   48.991094500000003
  22.932783577231394   49.221391199999999
  24.255511819859098   39.045359699999999


# temperature  994.000000000000000
#   -0.051938139010135    4.132320881505970 -122.836030377893636 1616.994031471971084 -7905.539146629279458
  17.035421195840680   48.118564100000000
  18.122470597054591   48.501168100000001
  19.254807305049955   48.746679299999997
  20.433355550577456   48.886151300000002
  21.659039564387733   48.992866999999997
  22.932783577231394   49.222705200000000
  24.255511819859098   39.046340000000001


# temperature  995.000000000000000
#   -0.051935791859288    4.132117448428906 -122.829443515496791 1616.899346517028562 -7905.026177394126535
  17.035421195840680   48.122018500000003
  18.122470597054591   48.503891400000001
  19.254807305049955   48.748927799999997
  20.433355550577456   48.888127799999999
  21.659039564387733   48.994634400000002
  22.932783577231394   49.224015399999999
  24.255511819859098   39.047317399999997


# temperature  996.000000000000000
#   -0.051933449492207    4.131914440404132 -122.822870741851744 1616.804868771078418 -7904.514357935818225
  17.035421195840680   48.125462900000002
  18.122470597054591   48.506606699999999
  19.254807305049955   48.751169800000000
  20.433355550577456   48.890098600000002
  21.659039564387733   48.996396500000003
  22.932783577231394   49.225321700000002
  24.255511819859098   39.048291900000002


# temperature  997.000000000000000
#   -0.051931117032821    4.131712274480543 -122.816324706605073 1616.710767696443554 -7904.004534344224339
  17.035421195840680   48.128897299999998
  18.122470597054591   48.509314199999999
  19.254807305049955   48.753405100000002
  20.433355550577456   48.892063499999999
  21.659039564387733   48.998153500000001
  22.932783577231394   49.226624200000003
  24.255511819859098   39.049263500000002


# temperature  998.000000000000000
#   -0.051928790258252    4.131510604722685 -122.809794850778871 1616.616900982193101 -7903.495992022937571
  17.035421195840680   48.132321699999999
  18.122470597054591   48.512013699999997
  19.254807305049955   48.755633899999999
  20.433355550577456   48.894022700000001
  21.659039564387733   48.999905300000002
  22.932783577231394   49.227922900000003
  24.255511819859098   39.050232200000004


# temperature  999.000000000000000
#   -0.051926466940549    4.131309248536173 -122.803275574588341 1616.523192447925339 -7902.988343007510593
  17.035421195840680   48.135736299999998
  18.122470597054591   48.514705300000003
  19.254807305049955   48.757856099999998
  20.433355550577456   48.895976200000000
  21.659039564387733   49.001651899999999
  22.932783577231394   49.229217700000000
  24.255511819859098   39.051198200000002


# temperature 1000.000000000000000
#   -0.051924152020496    4.131108610497907 -122.796779255061324 1616.429809747183526 -7902.482435598525626
  17.035421195840680   48.139141000000002
  18.122470597054591   48.517389100000003
  19.254807305049955   48.760071900000000
  20.433355550577456   48.897923900000002
  21.659039564387733   49.003393500000001
  22.932783577231394   49.230508700000001
  24.255511819859098   39.052161200000000


# temperature 1001.000000000000000
#   -0.051921843079026    4.130908493773341 -122.790299897977889 1616.336671906056381 -7901.977860444475482
  17.035421195840680   48.142535899999999
  18.122470597054591   48.520065099999997
  19.254807305049955   48.762281100000003
  20.433355550577456   48.899865900000002
  21.659039564387733   49.005129900000000
  22.932783577231394   49.231795900000002
  24.255511819859098   39.053121500000003


# temperature 1002.000000000000000
#   -0.051919540751216    4.130708949598516 -122.783839059195628 1616.243799996234884 -7901.474724819883704
  17.035421195840680   48.145921000000001
  18.122470597054591   48.522733299999999
  19.254807305049955   48.764483900000002
  20.433355550577456   48.901802199999999
  21.659039564387733   49.006861200000003
  22.932783577231394   49.233079300000000
  24.255511819859098   39.054078900000000


# temperature 1003.000000000000000
#   -0.051917245997288    4.130510058652277 -122.777399265815362 1616.151228994010353 -7900.973209165544176
  17.035421195840680   48.149296300000003
  18.122470597054591   48.525393800000003
  19.254807305049955   48.766680299999997
  20.433355550577456   48.903732900000001
  21.659039564387733   49.008587400000003
  22.932783577231394   49.234358999999998
  24.255511819859098   39.055033500000000


# temperature 1004.000000000000000
#   -0.051914957258451    4.130311689204517 -122.770976364811233 1616.058901013873538 -7900.473012532725079
  17.035421195840680   48.152661899999998
  18.122470597054591   48.528046600000003
  19.254807305049955   48.768870300000003
  20.433355550577456   48.905657900000001
  21.659039564387733   49.010308700000003
  22.932783577231394   49.235634900000001
  24.255511819859098   39.055985300000003


# temperature 1005.000000000000000
#   -0.051912674043299    4.130113802249350 -122.764569197745161 1615.966800778228389 -7899.974059333648256
  17.035421195840680   48.156017900000002
  18.122470597054591   48.530691599999997
  19.254807305049955   48.771053999999999
  20.433355550577456   48.907577300000000
  21.659039564387733   49.012024799999999
  22.932783577231394   49.236907100000003
  24.255511819859098   39.056934300000002


# temperature 1006.000000000000000
#   -0.051910397788002    4.129916514508592 -122.758181304170279 1615.874975778064709 -7899.476587540354558
  17.035421195840680   48.159364199999999
  18.122470597054591   48.533329000000002
  19.254807305049955   48.773231199999998
  20.433355550577456   48.909491099999997
  21.659039564387733   49.013736000000002
  22.932783577231394   49.238175599999998
  24.255511819859098   39.057880599999997


# temperature 1007.000000000000000
#   -0.051908129281740    4.129719891236784 -122.751814702508284 1615.783453656398251 -7898.980738373201348
  17.035421195840680   48.162700899999997
  18.122470597054591   48.535958800000003
  19.254807305049955   48.775402100000001
  20.433355550577456   48.911399299999999
  21.659039564387733   49.015442200000003
  22.932783577231394   49.239440399999999
  24.255511819859098   39.058824000000001


# temperature 1008.000000000000000
#   -0.051905865997706    4.129523730469397 -122.745463373925205 1615.692155156584704 -7898.486122704000991
  17.035421195840680   48.166027999999997
  18.122470597054591   48.538581000000001
  19.254807305049955   48.777566800000002
  20.433355550577456   48.913302000000002
  21.659039564387733   49.017143400000002
  22.932783577231394   49.240701500000000
  24.255511819859098   39.059764800000004


# temperature 1009.000000000000000
#   -0.051903607910082    4.129328020502887 -122.739126662479080 1615.601067329890611 -7897.992654498987577
  17.035421195840680   48.169345600000000
  18.122470597054591   48.541195600000002
  19.254807305049955   48.779725100000000
  20.433355550577456   48.915199200000004
  21.659039564387733   49.018839700000001
  22.932783577231394   49.241958900000000
  24.255511819859098   39.060702800000001


# temperature 1010.000000000000000
#   -0.051901356497482    4.129132887947959 -122.732808606506325 1615.510247017482243 -7897.500631555532891
  17.035421195840680   48.172653699999998
  18.122470597054591   48.543802599999999
  19.254807305049955   48.781877199999997
  20.433355550577456   48.917090799999997
  21.659039564387733   49.020530999999998
  22.932783577231394   49.243212600000000
  24.255511819859098   39.061638000000002


# temperature 1011.000000000000000
#   -0.051899112516492    4.128938396873973 -122.726511233661910 1615.419722638303710 -7897.010202571176706
  17.035421195840680   48.175952299999999
  18.122470597054591   48.546402200000003
  19.254807305049955   48.784023099999999
  20.433355550577456   48.918976999999998
  21.659039564387733   49.022217400000002
  22.932783577231394   49.244462700000000
  24.255511819859098   39.062570500000000


# temperature 1012.000000000000000
#   -0.051896872655007    4.128744270617854 -122.720225906232173 1615.329374749145927 -7896.520750492306433
  17.035421195840680   48.179241599999997
  18.122470597054591   48.548994200000003
  19.254807305049955   48.786162800000000
  20.433355550577456   48.920857599999998
  21.659039564387733   49.023898899999999
  22.932783577231394   49.245709099999999
  24.255511819859098   39.063500400000002


# temperature 1013.000000000000000
#   -0.051894640529996    4.128550804793497 -122.713961660015002 1615.239325794512979 -7896.032895977335102
  17.035421195840680   48.182521399999999
  18.122470597054591   48.551578800000001
  19.254807305049955   48.788296199999998
  20.433355550577456   48.922732900000000
  21.659039564387733   49.025575600000003
  22.932783577231394   49.246952000000000
  24.255511819859098   39.064427500000001


# temperature 1014.000000000000000
#   -0.051892414462812    4.128357868664009 -122.707714698426415 1615.149526984588647 -7895.546404531048211
  17.035421195840680   48.185791899999998
  18.122470597054591   48.554155999999999
  19.254807305049955   48.790423599999997
  20.433355550577456   48.924602700000001
  21.659039564387733   49.027247400000000
  22.932783577231394   49.248191200000001
  24.255511819859098   39.065351900000003


# temperature 1015.000000000000000
#   -0.051890195246269    4.128165519555552 -122.701486535073329 1615.059995539460488 -7895.061346970939667
  17.035421195840680   48.189053000000001
  18.122470597054591   48.556725700000001
  19.254807305049955   48.792544700000001
  20.433355550577456   48.926467100000004
  21.659039564387733   49.028914299999997
  22.932783577231394   49.249426900000003
  24.255511819859098   39.066273600000002


# temperature 1016.000000000000000
#   -0.051887980794457    4.127973593512349 -122.695272374482727 1614.970669554654478 -7894.577425315471373
  17.035421195840680   48.192304900000003
  18.122470597054591   48.559288100000003
  19.254807305049955   48.794659799999998
  20.433355550577456   48.928326100000000
  21.659039564387733   49.030576400000001
  22.932783577231394   49.250658899999998
  24.255511819859098   39.067192700000000


# temperature 1017.000000000000000
#   -0.051885773288963    4.127782264240349 -122.689077378491632 1614.881616922011062 -7894.094973260102961
  17.035421195840680   48.195547500000004
  18.122470597054591   48.561843199999998
  19.254807305049955   48.796768800000002
  20.433355550577456   48.930179799999998
  21.659039564387733   49.032233800000000
  22.932783577231394   49.251887400000001
  24.255511819859098   39.068109100000001


# temperature 1018.000000000000000
#   -0.051883572220546    4.127591490882109 -122.682900309335821 1614.792820841916409 -7893.613904641208137
  17.035421195840680   48.198780900000003
  18.122470597054591   48.564390899999999
  19.254807305049955   48.798871699999999
  20.433355550577456   48.932028099999997
  21.659039564387733   49.033886299999999
  22.932783577231394   49.253112399999999
  24.255511819859098   39.069022900000000


# temperature 1019.000000000000000
#   -0.051881377481250    4.127401266578345 -122.676741033934604 1614.704280744403604 -7893.134223529501469
  17.035421195840680   48.202005100000001
  18.122470597054591   48.566931400000001
  19.254807305049955   48.800968599999997
  20.433355550577456   48.933871099999998
  21.659039564387733   49.035534100000000
  22.932783577231394   49.254333799999998
  24.255511819859098   39.069934000000003


# temperature 1020.000000000000000
#   -0.051879187999726    4.127211497937254 -122.670596512841044 1614.615952902970093 -7892.655695514007675
  17.035421195840680   48.205220199999999
  18.122470597054591   48.569464600000003
  19.254807305049955   48.803059400000002
  20.433355550577456   48.935708800000000
  21.659039564387733   49.037177200000002
  22.932783577231394   49.255551699999998
  24.255511819859098   39.070842499999998


# temperature 1021.000000000000000
#   -0.051877002905829    4.127022119771127 -122.664464947354901 1614.527815691977366 -7892.178225214156555
  17.035421195840680   48.208426199999998
  18.122470597054591   48.571990499999998
  19.254807305049955   48.805144300000002
  20.433355550577456   48.937541199999998
  21.659039564387733   49.038815499999998
  22.932783577231394   49.256765999999999
  24.255511819859098   39.071748399999997


# temperature 1022.000000000000000
#   -0.051874825010686    4.126833355810264 -122.658352972383881 1614.439956029473478 -7891.702237127356057
  17.035421195840680   48.211623099999997
  18.122470597054591   48.574509200000001
  19.254807305049955   48.807223100000002
  20.433355550577456   48.939368399999999
  21.659039564387733   49.040449099999996
  22.932783577231394   49.257976900000003
  24.255511819859098   39.072651600000000


# temperature 1023.000000000000000
#   -0.051872654417443    4.126645225619844 -122.652261528966477 1614.352391269785812 -7891.227841850657569
  17.035421195840680   48.214810900000003
  18.122470597054591   48.577020800000000
  19.254807305049955   48.809296099999997
  20.433355550577456   48.941190300000002
  21.659039564387733   49.042077999999997
  22.932783577231394   49.259184300000001
  24.255511819859098   39.073552300000003


# temperature 1024.000000000000000
#   -0.051870488072217    4.126457467822227 -122.646182275872732 1614.265003803843001 -7890.754421331855156
  17.035421195840680   48.217989799999998
  18.122470597054591   48.579525199999999
  19.254807305049955   48.811363100000001
  20.433355550577456   48.943007000000001
  21.659039564387733   49.043702199999998
  22.932783577231394   49.260388200000001
  24.255511819859098   39.074450400000003


# temperature 1025.000000000000000
#   -0.051868328719217    4.126270308694775 -122.640122178566358 1614.177888510164621 -7890.282458088780913
  17.035421195840680   48.221159700000001
  18.122470597054591   48.582022500000001
  19.254807305049955   48.813424099999999
  20.433355550577456   48.944818499999997
  21.659039564387733   49.045321800000004
  22.932783577231394   49.261588699999997
  24.255511819859098   39.075345900000002


# temperature 1026.000000000000000
#   -0.051866175488301    4.126083683049689 -122.634079438344116 1614.091023763072371 -7889.811856740689109
  17.035421195840680   48.224320599999999
  18.122470597054591   48.584512699999998
  19.254807305049955   48.815479300000000
  20.433355550577456   48.946624800000002
  21.659039564387733   49.046936700000003
  22.932783577231394   49.262785700000002
  24.255511819859098   39.076238799999999


# temperature 1027.000000000000000
#   -0.051864027814464    4.125897539426900 -122.628052318238773 1614.004383816762584 -7889.342475845903209
  17.035421195840680   48.227472599999999
  18.122470597054591   48.586995799999997
  19.254807305049955   48.817528699999997
  20.433355550577456   48.948425899999997
  21.659039564387733   49.048547100000000
  22.932783577231394   49.263979300000003
  24.255511819859098   39.077129200000002


# temperature 1028.000000000000000
#   -0.051861887098773    4.125711994846004 -122.622044463018241 1613.918018819501867 -7888.874572485549834
  17.035421195840680   48.230615700000001
  18.122470597054591   48.589471899999999
  19.254807305049955   48.819572200000003
  20.433355550577456   48.950221900000003
  21.659039564387733   49.050152799999999
  22.932783577231394   49.265169499999999
  24.255511819859098   39.078017000000003


# temperature 1029.000000000000000
#   -0.051859750646555    4.125526825620825 -122.616048944107249 1613.831833878884254 -7888.407661839632055
  17.035421195840680   48.233750000000001
  18.122470597054591   48.591940899999997
  19.254807305049955   48.821609899999999
  20.433355550577456   48.952012799999999
  21.659039564387733   49.051753900000001
  22.932783577231394   49.266356299999998
  24.255511819859098   39.078902300000003


# temperature 1030.000000000000000
#   -0.051857621059747    4.125342246280958 -122.610072364691632 1613.745918899006483 -7887.942200614594185
  17.035421195840680   48.236875499999996
  18.122470597054591   48.594403000000000
  19.254807305049955   48.823641799999997
  20.433355550577456   48.953798599999999
  21.659039564387733   49.053350500000001
  22.932783577231394   49.267539700000000
  24.255511819859098   39.079785000000001


# temperature 1031.000000000000000
#   -0.051855496980484    4.125158146372327 -122.604111368508740 1613.660228733853955 -7887.477962045269123
  17.035421195840680   48.239992200000003
  18.122470597054591   48.596858099999999
  19.254807305049955   48.825667899999999
  20.433355550577456   48.955579299999997
  21.659039564387733   49.054942500000003
  22.932783577231394   49.268719699999998
  24.255511819859098   39.080665199999999


# temperature 1032.000000000000000
#   -0.051853377433093    4.124974442253267 -122.598163282474829 1613.574725644278487 -7887.014747534532034
  17.035421195840680   48.243100200000001
  18.122470597054591   48.599306200000001
  19.254807305049955   48.827688199999997
  20.433355550577456   48.957354899999999
  21.659039564387733   49.056530000000002
  22.932783577231394   49.269896299999999
  24.255511819859098   39.081542900000002


# temperature 1033.000000000000000
#   -0.051851264275674    4.124791292013511 -122.592233125425096 1613.489480060494316 -7886.552925488196706
  17.035421195840680   48.246199500000003
  18.122470597054591   48.601747400000001
  19.254807305049955   48.829702900000001
  20.433355550577456   48.959125499999999
  21.659039564387733   49.058112899999998
  22.932783577231394   49.271069599999997
  24.255511819859098   39.082418099999998


# temperature 1034.000000000000000
#   -0.051849157870385    4.124608725317541 -122.586321800474252 1613.404504109294976 -7886.092556613839406
  17.035421195840680   48.249290000000002
  18.122470597054591   48.604181799999999
  19.254807305049955   48.831711800000001
  20.433355550577456   48.960890999999997
  21.659039564387733   49.059691399999998
  22.932783577231394   49.272239499999998
  24.255511819859098   39.083290900000001


# temperature 1035.000000000000000
#   -0.051847056755239    4.124426613739979 -122.580425112126591 1613.319737350949481 -7885.633316805565300
  17.035421195840680   48.252372000000001
  18.122470597054591   48.606609300000002
  19.254807305049955   48.833714999999998
  20.433355550577456   48.962651500000000
  21.659039564387733   49.061265400000003
  22.932783577231394   49.273406100000003
  24.255511819859098   39.084161100000003


# temperature 1036.000000000000000
#   -0.051844960582359    4.124244935356712 -122.574542606393848 1613.235176782962981 -7885.175207777156174
  17.035421195840680   48.255445299999998
  18.122470597054591   48.609029900000003
  19.254807305049955   48.835712600000001
  20.433355550577456   48.964407100000003
  21.659039564387733   49.062834899999999
  22.932783577231394   49.274569399999997
  24.255511819859098   39.085028800000003


# temperature 1037.000000000000000
#   -0.051842870562015    4.124063789391943 -122.568677302949780 1613.150862818800988 -7884.718430162968616
  17.035421195840680   48.258510000000001
  18.122470597054591   48.611443700000002
  19.254807305049955   48.837704500000001
  20.433355550577456   48.966157699999997
  21.659039564387733   49.064399899999998
  22.932783577231394   49.275729400000003
  24.255511819859098   39.085894099999997


# temperature 1038.000000000000000
#   -0.051840786601471    4.123883166689073 -122.562828876404524 1613.066790470147907 -7884.262955849430000
  17.035421195840680   48.261566199999997
  18.122470597054591   48.613850800000002
  19.254807305049955   48.839690800000000
  20.433355550577456   48.967903300000003
  21.659039564387733   49.065960599999997
  22.932783577231394   49.276886099999999
  24.255511819859098   39.086756999999999


# temperature 1039.000000000000000
#   -0.051838709505825    4.123703133834551 -122.556999387413669 1612.982988022484278 -7883.808930181964570
  17.035421195840680   48.264613799999999
  18.122470597054591   48.616251099999999
  19.254807305049955   48.841671499999997
  20.433355550577456   48.969644000000002
  21.659039564387733   49.067516800000000
  22.932783577231394   49.278039600000000
  24.255511819859098   39.087617399999999


# temperature 1040.000000000000000
#   -0.051836635145038    4.123523348764865 -122.551178263259274 1612.899310924614156 -7883.355615465174196
  17.035421195840680   48.267653000000003
  18.122470597054591   48.618644600000003
  19.254807305049955   48.843646600000000
  20.433355550577456   48.971379800000001
  21.659039564387733   49.069068600000001
  22.932783577231394   49.279189700000003
  24.255511819859098   39.088475299999999


# temperature 1041.000000000000000
#   -0.051834569757810    4.123344330215610 -122.545381590009470 1612.815979654886178 -7882.904138568759663
  17.035421195840680   48.270683699999999
  18.122470597054591   48.621031500000001
  19.254807305049955   48.845616200000002
  20.433355550577456   48.973110599999998
  21.659039564387733   49.070616000000001
  22.932783577231394   49.280336599999998
  24.255511819859098   39.089330799999999


# temperature 1042.000000000000000
#   -0.051832507722638    4.123165607167849 -122.539594652439220 1612.732791104505395 -7882.453454615776536
  17.035421195840680   48.273705999999997
  18.122470597054591   48.623411599999997
  19.254807305049955   48.847580200000003
  20.433355550577456   48.974836600000003
  21.659039564387733   49.072159100000000
  22.932783577231394   49.281480299999998
  24.255511819859098   39.090183900000000


# temperature 1043.000000000000000
#   -0.051830450626618    4.122987316659309 -122.533821853730203 1612.649807638301354 -7882.003891995625054
  17.035421195840680   48.276719900000003
  18.122470597054591   48.625785100000002
  19.254807305049955   48.849538600000002
  20.433355550577456   48.976557800000002
  21.659039564387733   49.073697799999998
  22.932783577231394   49.282620700000003
  24.255511819859098   39.091034600000000


# temperature 1044.000000000000000
#   -0.051828400506391    4.122809623451953 -122.528068166630007 1612.567095642097456 -7881.555781551091059
  17.035421195840680   48.279725399999997
  18.122470597054591   48.628151899999999
  19.254807305049955   48.851491600000003
  20.433355550577456   48.978274100000000
  21.659039564387733   49.075232200000002
  22.932783577231394   49.283757999999999
  24.255511819859098   39.091882900000002


# temperature 1045.000000000000000
#   -0.051826356680284    4.122632474312221 -122.522332039370184 1612.484635057184050 -7881.109026010355592
  17.035421195840680   48.282722600000000
  18.122470597054591   48.630512199999998
  19.254807305049955   48.853439100000003
  20.433355550577456   48.979985499999998
  21.659039564387733   49.076762299999999
  22.932783577231394   49.284891999999999
  24.255511819859098   39.092728800000003


# temperature 1046.000000000000000
#   -0.051824316187607    4.122455624008619 -122.516605902873010 1612.402322731296863 -7880.663101728283436
  17.035421195840680   48.285711499999998
  18.122470597054591   48.632865799999998
  19.254807305049955   48.855381199999997
  20.433355550577456   48.981692199999998
  21.659039564387733   49.078288000000001
  22.932783577231394   49.286022799999998
  24.255511819859098   39.093572299999998


# temperature 1047.000000000000000
#   -0.051822281328606    4.122279261822508 -122.510895561175730 1612.320237264720845 -7880.218405335035641
  17.035421195840680   48.288692099999999
  18.122470597054591   48.635212899999999
  19.254807305049955   48.857317799999997
  20.433355550577456   48.983394099999998
  21.659039564387733   49.079809500000003
  22.932783577231394   49.287150400000002
  24.255511819859098   39.094413500000002


# temperature 1048.000000000000000
#   -0.051820254263348    4.122103565868798 -122.505206495914877 1612.238453270076434 -7879.775315747097920
  17.035421195840680   48.291664400000002
  18.122470597054591   48.637553500000003
  19.254807305049955   48.859248999999998
  20.433355550577456   48.985091199999999
  21.659039564387733   49.081326699999998
  22.932783577231394   49.288274899999998
  24.255511819859098   39.095252299999999


# temperature 1049.000000000000000
#   -0.051818230895361    4.121928193675112 -122.499528023328736 1612.156823359558075 -7879.333074335231686
  17.035421195840680   48.294628600000003
  18.122470597054591   48.639887500000000
  19.254807305049955   48.861174800000001
  20.433355550577456   48.986783500000001
  21.659039564387733   49.082839700000001
  22.932783577231394   49.289396199999999
  24.255511819859098   39.096088700000003


# temperature 1050.000000000000000
#   -0.051816213932580    4.121753376594185 -122.493867517240730 1612.075451430422618 -7878.892226991370080
  17.035421195840680   48.297584499999999
  18.122470597054591   48.642215100000001
  19.254807305049955   48.863095199999997
  20.433355550577456   48.988471199999999
  21.659039564387733   49.084348400000003
  22.932783577231394   49.290514399999999
  24.255511819859098   39.096922800000002


# temperature 1051.000000000000000
#   -0.051814200682524    4.121578886236170 -122.488217749812193 1611.994236348298500 -7878.452245880094779
  17.035421195840680   48.300532300000000
  18.122470597054591   48.644536100000003
  19.254807305049955   48.865010300000002
  20.433355550577456   48.990154099999998
  21.659039564387733   49.085852899999999
  22.932783577231394   49.291629399999998
  24.255511819859098   39.097754500000001


# temperature 1052.000000000000000
#   -0.051812194578107    4.121405008468144 -122.482587596008017 1611.913299842790366 -7878.013753268433902
  17.035421195840680   48.303471999999999
  18.122470597054591   48.646850800000003
  19.254807305049955   48.866920000000000
  20.433355550577456   48.991832299999999
  21.659039564387733   49.087353200000003
  22.932783577231394   49.292741300000003
  24.255511819859098   39.098583900000001


# temperature 1053.000000000000000
#   -0.051810193146633    4.121231538101810 -122.476970707962309 1611.832555160557831 -7877.576307330011332
  17.035421195840680   48.306403600000003
  18.122470597054591   48.649158999999997
  19.254807305049955   48.868824400000001
  20.433355550577456   48.993505800000001
  21.659039564387733   49.088849300000000
  22.932783577231394   49.293850100000000
  24.255511819859098   39.099411000000003


# temperature 1054.000000000000000
#   -0.051808197632178    4.121058579212778 -122.471370332600841 1611.752047059720553 -7877.140138006296183
  17.035421195840680   48.309327099999997
  18.122470597054591   48.651460800000002
  19.254807305049955   48.870723499999997
  20.433355550577456   48.995174599999999
  21.659039564387733   49.090341199999997
  22.932783577231394   49.294955799999997
  24.255511819859098   39.100235800000000


# temperature 1055.000000000000000
#   -0.051806206854925    4.120886031512954 -122.465783295453747 1611.671731184042073 -7876.705014382127956
  17.035421195840680   48.312242599999998
  18.122470597054591   48.653756199999997
  19.254807305049955   48.872617300000002
  20.433355550577456   48.996838799999999
  21.659039564387733   49.091828900000003
  22.932783577231394   49.296058400000000
  24.255511819859098   39.101058199999997


# temperature 1056.000000000000000
#   -0.051804221618099    4.120713962737055 -122.460211725775494 1611.591637119606730 -7876.271089758354719
  17.035421195840680   48.315150099999997
  18.122470597054591   48.656045300000002
  19.254807305049955   48.874505900000003
  20.433355550577456   48.998498400000003
  21.659039564387733   49.093312599999997
  22.932783577231394   49.297158000000003
  24.255511819859098   39.101878399999997


# temperature 1057.000000000000000
#   -0.051802240971116    4.120542299180572 -122.454653496012781 1611.511737728963908 -7875.838234943947100
  17.035421195840680   48.318049600000002
  18.122470597054591   48.658328099999999
  19.254807305049955   48.876389199999998
  20.433355550577456   49.000153400000002
  21.659039564387733   49.094791999999998
  22.932783577231394   49.298254399999998
  24.255511819859098   39.102696299999998


# temperature 1058.000000000000000
#   -0.051800268104615    4.120371294190044 -122.449116097442044 1611.432130805449788 -7875.406925563117511
  17.035421195840680   48.320941200000000
  18.122470597054591   48.660604599999999
  19.254807305049955   48.878267299999997
  20.433355550577456   49.001803700000004
  21.659039564387733   49.096267400000002
  22.932783577231394   49.299347900000001
  24.255511819859098   39.103511900000001


# temperature 1059.000000000000000
#   -0.051798296775042    4.120200440067925 -122.443584146264087 1611.352610474951007 -7874.976134908009044
  17.035421195840680   48.323824799999997
  18.122470597054591   48.662874700000003
  19.254807305049955   48.880140200000000
  20.433355550577456   49.003449500000002
  21.659039564387733   49.097738700000001
  22.932783577231394   49.300438200000002
  24.255511819859098   39.104325199999998


# temperature 1060.000000000000000
#   -0.051796333930110    4.120030307064356 -122.438075081763969 1611.273412225550146 -7874.547047492201273
  17.035421195840680   48.326700600000002
  18.122470597054591   48.665138700000000
  19.254807305049955   48.882007899999998
  20.433355550577456   49.005090699999997
  21.659039564387733   49.099205900000001
  22.932783577231394   49.301525599999998
  24.255511819859098   39.105136299999998


# temperature 1061.000000000000000
#   -0.051794375159275    4.119860535634364 -122.432577993447268 1611.194390011650967 -7874.118935807520756
  17.035421195840680   48.329568399999999
  18.122470597054591   48.667396400000001
  19.254807305049955   48.883870500000000
  20.433355550577456   49.006727400000003
  21.659039564387733   49.100669000000003
  22.932783577231394   49.302609900000000
  24.255511819859098   39.105945100000000


# temperature 1062.000000000000000
#   -0.051792420131618    4.119691089863380 -122.427091488993511 1611.115520701986270 -7873.691659874607467
  17.035421195840680   48.332428499999999
  18.122470597054591   48.669647800000000
  19.254807305049955   48.885727899999999
  20.433355550577456   49.008359499999997
  21.659039564387733   49.102128100000002
  22.932783577231394   49.303691200000003
  24.255511819859098   39.106751699999997


# temperature 1063.000000000000000
#   -0.051790471258195    4.119522175301068 -122.421622115448514 1611.036896588388572 -7873.265705253675151
  17.035421195840680   48.335280699999998
  18.122470597054591   48.671893099999998
  19.254807305049955   48.887580100000001
  20.433355550577456   49.009987199999998
  21.659039564387733   49.103583100000002
  22.932783577231394   49.304769499999999
  24.255511819859098   39.107556000000002


# temperature 1064.000000000000000
#   -0.051788528190193    4.119353761133938 -122.416168845988423 1610.958502426335599 -7872.840987108397712
  17.035421195840680   48.338125200000000
  18.122470597054591   48.674132200000003
  19.254807305049955   48.889427300000001
  20.433355550577456   49.011610300000001
  21.659039564387733   49.105034099999997
  22.932783577231394   49.305844899999997
  24.255511819859098   39.108358199999998


# temperature 1065.000000000000000
#   -0.051786590600060    4.119185820893411 -122.410730900161766 1610.880328265891876 -7872.417459234990019
  17.035421195840680   48.340961900000003
  18.122470597054591   48.676365199999999
  19.254807305049955   48.891269399999999
  20.433355550577456   49.013228900000001
  21.659039564387733   49.106481100000003
  22.932783577231394   49.306917200000001
  24.255511819859098   39.109158000000001


# temperature 1066.000000000000000
#   -0.051784657901738    4.119018305897473 -122.405306757051974 1610.802352961643919 -7871.995011381581207
  17.035421195840680   48.343790900000002
  18.122470597054591   48.678592100000003
  19.254807305049955   48.893106400000001
  20.433355550577456   49.014843100000000
  21.659039564387733   49.107924099999998
  22.932783577231394   49.307986600000000
  24.255511819859098   39.109955700000000


# temperature 1067.000000000000000
#   -0.051782728079346    4.118851050298482 -122.399891334387817 1610.724507754884598 -7871.573296993518852
  17.035421195840680   48.346612200000003
  18.122470597054591   48.680812799999998
  19.254807305049955   48.894938400000001
  20.433355550577456   49.016452899999997
  21.659039564387733   49.109363100000003
  22.932783577231394   49.309052999999999
  24.255511819859098   39.110751200000003


# temperature 1068.000000000000000
#   -0.051780805577744    4.118684418529832 -122.394495771858459 1610.646943095634924 -7871.153073560951270
  17.035421195840680   48.349425799999999
  18.122470597054591   48.683027500000001
  19.254807305049955   48.896765299999998
  20.433355550577456   49.018058199999999
  21.659039564387733   49.110798199999998
  22.932783577231394   49.310116499999999
  24.255511819859098   39.111544500000001


# temperature 1069.000000000000000
#   -0.051778888365087    4.118518241744081 -122.389114839268345 1610.569587402574825 -7870.733975797987114
  17.035421195840680   48.352231799999998
  18.122470597054591   48.685236099999997
  19.254807305049955   48.898587200000001
  20.433355550577456   49.019659099999998
  21.659039564387733   49.112229300000003
  22.932783577231394   49.311177100000002
  24.255511819859098   39.112335500000000


# temperature 1070.000000000000000
#   -0.051776974936662    4.118352403554316 -122.383745183996524 1610.492398038067222 -7870.315801624145024
  17.035421195840680   48.355030200000002
  18.122470597054591   48.687438700000001
  19.254807305049955   48.900404100000003
  20.433355550577456   49.021255600000003
  21.659039564387733   49.113656400000004
  22.932783577231394   49.312234699999998
  24.255511819859098   39.113124499999998


# temperature 1071.000000000000000
#   -0.051775068565716    4.118187162983114 -122.378394451042865 1610.415474779104670 -7869.899037040519033
  17.035421195840680   48.357821000000001
  18.122470597054591   48.689635299999999
  19.254807305049955   48.902216000000003
  20.433355550577456   49.022847700000000
  21.659039564387733   49.115079700000003
  22.932783577231394   49.313289500000003
  24.255511819859098   39.113911199999997


# temperature 1072.000000000000000
#   -0.051773166484837    4.118022302902642 -122.373056295945233 1610.338735769632194 -7869.483288440487740
  17.035421195840680   48.360604199999997
  18.122470597054591   48.691825899999998
  19.254807305049955   48.904023000000002
  20.433355550577456   49.024435400000002
  21.659039564387733   49.116498999999997
  22.932783577231394   49.314341300000002
  24.255511819859098   39.114695800000000


# temperature 1073.000000000000000
#   -0.051771268023217    4.117857758622076 -122.367728443704792 1610.262146271805705 -7869.068360831703103
  17.035421195840680   48.363379899999998
  18.122470597054591   48.694010499999997
  19.254807305049955   48.905825000000000
  20.433355550577456   49.026018800000003
  21.659039564387733   49.117914499999998
  22.932783577231394   49.315390200000003
  24.255511819859098   39.115478199999998


# temperature 1074.000000000000000
#   -0.051769376471204    4.117693805953292 -122.362419513541937 1610.185825268397139 -7868.654866248097278
  17.035421195840680   48.366148099999997
  18.122470597054591   48.696189199999999
  19.254807305049955   48.907622099999998
  20.433355550577456   49.027597900000004
  21.659039564387733   49.119326000000001
  22.932783577231394   49.316436299999999
  24.255511819859098   39.116258400000000


# temperature 1075.000000000000000
#   -0.051767489289247    4.117530235302413 -122.357123043323242 1610.109684557766741 -7868.242355064900039
  17.035421195840680   48.368908900000001
  18.122470597054591   48.698362000000003
  19.254807305049955   48.909414300000002
  20.433355550577456   49.029172600000003
  21.659039564387733   49.120733700000002
  22.932783577231394   49.317479499999997
  24.255511819859098   39.117036599999999


# temperature 1076.000000000000000
#   -0.051765605742001    4.117366983414323 -122.351837021946665 1610.033696121667845 -7867.830682929433351
  17.035421195840680   48.371662200000003
  18.122470597054591   48.700528800000001
  19.254807305049955   48.911201599999998
  20.433355550577456   49.030743000000001
  21.659039564387733   49.122137600000002
  22.932783577231394   49.318519799999997
  24.255511819859098   39.117812600000001


# temperature 1077.000000000000000
#   -0.051763728916187    4.117204309491394 -122.346569569185718 1609.957972385512221 -7867.420430132340698
  17.035421195840680   48.374408000000003
  18.122470597054591   48.702689800000002
  19.254807305049955   48.912984100000003
  20.433355550577456   49.032309200000000
  21.659039564387733   49.123537599999999
  22.932783577231394   49.319557300000000
  24.255511819859098   39.118586399999998


# temperature 1078.000000000000000
#   -0.051761855845889    4.117041963535216 -122.341312802516782 1609.882403210264329 -7867.011021596330465
  17.035421195840680   48.377146500000002
  18.122470597054591   48.704844899999998
  19.254807305049955   48.914761599999999
  20.433355550577456   49.033870999999998
  21.659039564387733   49.124933800000001
  22.932783577231394   49.320591899999997
  24.255511819859098   39.119358200000001


# temperature 1079.000000000000000
#   -0.051759987197289    4.116880006299911 -122.336068802370718 1609.807020194472670 -7866.602636343630365
  17.035421195840680   48.379877499999999
  18.122470597054591   48.706994100000003
  19.254807305049955   48.916534400000003
  20.433355550577456   49.035428699999997
  21.659039564387733   49.126326100000000
  22.932783577231394   49.321623700000004
  24.255511819859098   39.120127799999999


# temperature 1080.000000000000000
#   -0.051758125600157    4.116718647102307 -122.330843745501809 1609.731903359092030 -7866.195658039699993
  17.035421195840680   48.382601299999997
  18.122470597054591   48.709137599999998
  19.254807305049955   48.918302300000001
  20.433355550577456   49.036982000000002
  21.659039564387733   49.127714699999999
  22.932783577231394   49.322652699999999
  24.255511819859098   39.120895300000001


# temperature 1081.000000000000000
#   -0.051756266452830    4.116557512157255 -122.325626326979958 1609.656901865006830 -7865.789337689318927
  17.035421195840680   48.385317700000002
  18.122470597054591   48.711275200000003
  19.254807305049955   48.920065399999999
  20.433355550577456   49.038531200000001
  21.659039564387733   49.129099500000002
  22.932783577231394   49.323678899999997
  24.255511819859098   39.121660800000001


# temperature 1082.000000000000000
#   -0.051754414782821    4.116397015617524 -122.320429270186352 1609.582188429002599 -7865.384549165504723
  17.035421195840680   48.388026799999999
  18.122470597054591   48.713407099999998
  19.254807305049955   48.921823799999999
  20.433355550577456   49.040076100000000
  21.659039564387733   49.130480499999997
  22.932783577231394   49.324702299999998
  24.255511819859098   39.122424100000003


# temperature 1083.000000000000000
#   -0.051752566287596    4.116236797844784 -122.315241352884158 1609.507608166683440 -7864.980494970546715
  17.035421195840680   48.390728699999997
  18.122470597054591   48.715533200000003
  19.254807305049955   48.923577299999998
  20.433355550577456   49.041616800000000
  21.659039564387733   49.131857799999999
  22.932783577231394   49.325722900000002
  24.255511819859098   39.123185399999997


# temperature 1084.000000000000000
#   -0.051750722686099    4.116077005836210 -122.310067275389045 1609.433227640085988 -7864.577527046166324
  17.035421195840680   48.393423300000002
  18.122470597054591   48.717653499999997
  19.254807305049955   48.925326200000001
  20.433355550577456   49.043153400000001
  21.659039564387733   49.133231299999998
  22.932783577231394   49.326740800000003
  24.255511819859098   39.123944600000002


# temperature 1085.000000000000000
#   -0.051748883093301    4.115917564525607 -122.304904650136137 1609.359013111700278 -7864.175466811459046
  17.035421195840680   48.396110700000001
  18.122470597054591   48.719768199999997
  19.254807305049955   48.927070200000003
  20.433355550577456   49.044685800000003
  21.659039564387733   49.134601199999999
  22.932783577231394   49.327755799999998
  24.255511819859098   39.124701799999997


# temperature 1086.000000000000000
#   -0.051747049134151    4.115758606419461 -122.299757509876216 1609.285018854528289 -7863.774586704179455
  17.035421195840680   48.398791000000003
  18.122470597054591   48.721877100000000
  19.254807305049955   48.928809600000001
  20.433355550577456   49.046213999999999
  21.659039564387733   49.135967200000003
  22.932783577231394   49.328768099999998
  24.255511819859098   39.125456800000002


# temperature 1087.000000000000000
#   -0.051745220807480    4.115600136295343 -122.294626157753640 1609.211251230023208 -7863.374930989361019
  17.035421195840680   48.401463999999997
  18.122470597054591   48.723980400000002
  19.254807305049955   48.930544300000001
  20.433355550577456   49.047738099999997
  21.659039564387733   49.137329600000001
  22.932783577231394   49.329777700000001
  24.255511819859098   39.126209899999999


# temperature 1088.000000000000000
#   -0.051743395750757    4.115441954651338 -122.289504309543162 1609.137622706786715 -7862.976044742321392
  17.035421195840680   48.404129900000001
  18.122470597054591   48.726078000000001
  19.254807305049955   48.932274300000003
  20.433355550577456   49.049258100000003
  21.659039564387733   49.138688299999998
  22.932783577231394   49.330784500000000
  24.255511819859098   39.126960900000000


# temperature 1089.000000000000000
#   -0.051741576109108    4.115284236676507 -122.284397302839693 1609.064205194332317 -7862.578289398036759
  17.035421195840680   48.406788700000000
  18.122470597054591   48.728169999999999
  19.254807305049955   48.933999600000000
  20.433355550577456   49.050773999999997
  21.659039564387733   49.140043400000003
  22.932783577231394   49.331788600000003
  24.255511819859098   39.127709799999998


# temperature 1090.000000000000000
#   -0.051739761071323    4.115126921488288 -122.279303437079363 1608.990977710667039 -7862.181568282386252
  17.035421195840680   48.409440500000002
  18.122470597054591   48.730256400000002
  19.254807305049955   48.935720300000000
  20.433355550577456   49.052285800000000
  21.659039564387733   49.141394699999999
  22.932783577231394   49.332790000000003
  24.255511819859098   39.128456800000002


# temperature 1091.000000000000000
#   -0.051737952047696    4.114970121057566 -122.274226040695311 1608.917984206795154 -7861.786099152396673
  17.035421195840680   48.412085099999999
  18.122470597054591   48.732337200000003
  19.254807305049955   48.937436300000002
  20.433355550577456   49.053793499999998
  21.659039564387733   49.142742400000003
  22.932783577231394   49.333788699999999
  24.255511819859098   39.129201700000003


# temperature 1092.000000000000000
#   -0.051736147365133    4.114813697238631 -122.269160849378267 1608.845166349488636 -7861.391583560533036
  17.035421195840680   48.414722699999999
  18.122470597054591   48.734412399999997
  19.254807305049955   48.939147699999999
  20.433355550577456   49.055297099999997
  21.659039564387733   49.144086500000000
  22.932783577231394   49.334784700000000
  24.255511819859098   39.129944600000002


# temperature 1093.000000000000000
#   -0.051734346458354    4.114657603794588 -122.264106462512004 1608.772505514402837 -7860.997929731031945
  17.035421195840680   48.417353300000002
  18.122470597054591   48.736482000000002
  19.254807305049955   48.940854600000002
  20.433355550577456   49.056796700000000
  21.659039564387733   49.145426999999998
  22.932783577231394   49.335777999999998
  24.255511819859098   39.130685399999997


# temperature 1094.000000000000000
#   -0.051732549936352    4.114501893564878 -122.259064571160934 1608.700025387910273 -7860.605260330588862
  17.035421195840680   48.419976900000002
  18.122470597054591   48.738546100000001
  19.254807305049955   48.942556799999998
  20.433355550577456   49.058292299999998
  21.659039564387733   49.146763800000002
  22.932783577231394   49.336768599999999
  24.255511819859098   39.131424299999999


# temperature 1095.000000000000000
#   -0.051730758039269    4.114346583343737 -122.254035604702636 1608.627730689820510 -7860.213593868987118
  17.035421195840680   48.422593599999999
  18.122470597054591   48.740604699999999
  19.254807305049955   48.944254500000000
  20.433355550577456   49.059783799999998
  21.659039564387733   49.148097100000001
  22.932783577231394   49.337756499999998
  24.255511819859098   39.132161199999999


# temperature 1096.000000000000000
#   -0.051728971443469    4.114191730413226 -122.249021370412208 1608.555646614587431 -7859.823061386333393
  17.035421195840680   48.425203300000000
  18.122470597054591   48.742657800000003
  19.254807305049955   48.945947599999997
  20.433355550577456   49.061271300000001
  21.659039564387733   49.149426800000001
  22.932783577231394   49.338741800000001
  24.255511819859098   39.132896199999998


# temperature 1097.000000000000000
#   -0.051727188796413    4.114037223801494 -122.244018486341943 1608.483727774375893 -7859.433436437080672
  17.035421195840680   48.427805999999997
  18.122470597054591   48.744705400000001
  19.254807305049955   48.947636199999998
  20.433355550577456   49.062754900000002
  21.659039564387733   49.150752900000001
  22.932783577231394   49.339724400000001
  24.255511819859098   39.133629100000000


# temperature 1098.000000000000000
#   -0.051725411512001    4.113883179342186 -122.239030471610278 1608.412021139980880 -7859.044951298758861
  17.035421195840680   48.430401900000000
  18.122470597054591   48.746747599999999
  19.254807305049955   48.949320299999997
  20.433355550577456   49.064234499999998
  21.659039564387733   49.152075400000001
  22.932783577231394   49.340704400000000
  24.255511819859098   39.134360100000002


# temperature 1099.000000000000000
#   -0.051723638444497    4.113729496375422 -122.234054042647941 1608.340479578356053 -7858.657354797387598
  17.035421195840680   48.432991000000001
  18.122470597054591   48.748784299999997
  19.254807305049955   48.950999799999998
  20.433355550577456   49.065710099999997
  21.659039564387733   49.153394400000003
  22.932783577231394   49.341681800000003
  24.255511819859098   39.135089100000002


# temperature 1100.000000000000000
#   -0.051721870190325    4.113576232323990 -122.229091230332386 1608.269134420817636 -7858.270825062381846
  17.035421195840680   48.435573200000000
  18.122470597054591   48.750815600000003
  19.254807305049955   48.952674899999998
  20.433355550577456   49.067181699999999
  21.659039564387733   49.154709900000000
  22.932783577231394   49.342656499999997
  24.255511819859098   39.135816100000000


# temperature 1101.000000000000000
#   -0.051720108104407    4.113423497048407 -122.224145349952423 1608.198029814331449 -7857.885581058563730
  17.035421195840680   48.438148499999997
  18.122470597054591   48.752841500000002
  19.254807305049955   48.954345500000002
  20.433355550577456   49.068649399999998
  21.659039564387733   49.156021799999998
  22.932783577231394   49.343628699999996
  24.255511819859098   39.136541200000003


# temperature 1102.000000000000000
#   -0.051718348072158    4.113270951447973 -122.219205974772905 1608.127023970557275 -7857.500903146938981
  17.035421195840680   48.440717100000001
  18.122470597054591   48.754862000000003
  19.254807305049955   48.956011699999998
  20.433355550577456   49.070113200000002
  21.659039564387733   49.157330199999997
  22.932783577231394   49.344598200000000
  24.255511819859098   39.137264399999999


# temperature 1103.000000000000000
#   -0.051716593312713    4.113118857769084 -122.214281078827199 1608.056224163205343 -7857.117330126937304
  17.035421195840680   48.443278900000003
  18.122470597054591   48.756877199999998
  19.254807305049955   48.957673399999997
  20.433355550577456   49.071573100000002
  21.659039564387733   49.158635199999999
  22.932783577231394   49.345565100000002
  24.255511819859098   39.137985600000000


# temperature 1104.000000000000000
#   -0.051714844137895    4.112967244740580 -122.209371632932047 1607.985644700770308 -7856.734939811645745
  17.035421195840680   48.445833899999997
  18.122470597054591   48.758887000000001
  19.254807305049955   48.959330700000002
  20.433355550577456   49.073029099999999
  21.659039564387733   49.159936600000002
  22.932783577231394   49.346529500000003
  24.255511819859098   39.138704900000000


# temperature 1105.000000000000000
#   -0.051713096813113    4.112815804777806 -122.204468192793385 1607.915157443726457 -7856.353083845427136
  17.035421195840680   48.448382199999998
  18.122470597054591   48.760891500000000
  19.254807305049955   48.960983599999999
  20.433355550577456   49.074481300000002
  21.659039564387733   49.161234600000000
  22.932783577231394   49.347491200000000
  24.255511819859098   39.139422300000000


# temperature 1106.000000000000000
#   -0.051711357581412    4.112665045541359 -122.199586140269759 1607.844968206443809 -7855.972788361352286
  17.035421195840680   48.450923899999999
  18.122470597054591   48.762890700000000
  19.254807305049955   48.962632100000000
  20.433355550577456   49.075929500000001
  21.659039564387733   49.162529100000000
  22.932783577231394   49.348450499999998
  24.255511819859098   39.140137699999997


# temperature 1107.000000000000000
#   -0.051709620308451    4.112514471527080 -122.194710566818060 1607.774878985498162 -7855.593073971227568
  17.035421195840680   48.453458800000000
  18.122470597054591   48.764884600000002
  19.254807305049955   48.964276200000000
  20.433355550577456   49.077373899999998
  21.659039564387733   49.163820200000004
  22.932783577231394   49.349407100000001
  24.255511819859098   39.140851300000001


# temperature 1108.000000000000000
#   -0.051707887347562    4.112364268718494 -122.189846943557058 1607.704960764916223 -7855.214283257022544
  17.035421195840680   48.455987100000002
  18.122470597054591   48.766873199999999
  19.254807305049955   48.965916000000000
  20.433355550577456   49.078814500000000
  21.659039564387733   49.165107900000002
  22.932783577231394   49.350361200000002
  24.255511819859098   39.141562899999997


# temperature 1109.000000000000000
#   -0.051706160993392    4.112214632137895 -122.185001436559190 1607.635299508252501 -7854.836862195156755
  17.035421195840680   48.458508700000003
  18.122470597054591   48.768856599999999
  19.254807305049955   48.967551399999998
  20.433355550577456   49.080251199999999
  21.659039564387733   49.166392100000003
  22.932783577231394   49.351312800000002
  24.255511819859098   39.142272699999999


# temperature 1110.000000000000000
#   -0.051704436003455    4.112065123876294 -122.180160414847194 1607.565707816151416 -7854.459850548448230
  17.035421195840680   48.461023800000000
  18.122470597054591   48.770834700000002
  19.254807305049955   48.969182500000002
  20.433355550577456   49.081684199999998
  21.659039564387733   49.167672899999999
  22.932783577231394   49.352261800000001
  24.255511819859098   39.142980500000000


# temperature 1111.000000000000000
#   -0.051702716644562    4.111916098200984 -122.175334836313837 1607.496335348807861 -7854.084009956874979
  17.035421195840680   48.463532299999997
  18.122470597054591   48.772807600000000
  19.254807305049955   48.970809199999998
  20.433355550577456   49.083113300000001
  21.659039564387733   49.168950299999999
  22.932783577231394   49.353208299999999
  24.255511819859098   39.143686500000001


# temperature 1112.000000000000000
#   -0.051701002762342    4.111767546316848 -122.170524574752477 1607.427182656445439 -7853.709356040884813
  17.035421195840680   48.466034100000002
  18.122470597054591   48.774775400000003
  19.254807305049955   48.972431700000001
  20.433355550577456   49.084538700000003
  21.659039564387733   49.170224400000002
  22.932783577231394   49.354152300000003
  24.255511819859098   39.144390600000001


# temperature 1113.000000000000000
#   -0.051699292460970    4.111619306283015 -122.165724444905877 1607.358176025736839 -7853.335496643511760
  17.035421195840680   48.468529500000002
  18.122470597054591   48.776737900000001
  19.254807305049955   48.974049899999997
  20.433355550577456   49.085960200000002
  21.659039564387733   49.171495000000000
  22.932783577231394   49.355093799999999
  24.255511819859098   39.145092900000002


# temperature 1114.000000000000000
#   -0.051697586440999    4.111471436789403 -122.160936311577331 1607.289342050898767 -7852.962574950102862
  17.035421195840680   48.471018299999997
  18.122470597054591   48.778695300000003
  19.254807305049955   48.975663800000000
  20.433355550577456   49.087378100000002
  21.659039564387733   49.172762300000002
  22.932783577231394   49.356032800000001
  24.255511819859098   39.145793200000000


# temperature 1115.000000000000000
#   -0.051695885261917    4.111323986221539 -122.156161704815034 1607.220701718464170 -7852.590696348046549
  17.035421195840680   48.473500700000002
  18.122470597054591   48.780647600000002
  19.254807305049955   48.977273500000003
  20.433355550577456   49.088792099999999
  21.659039564387733   49.174026300000001
  22.932783577231394   49.356969300000003
  24.255511819859098   39.146491800000000


# temperature 1116.000000000000000
#   -0.051694188284013    4.111176899406527 -122.151398874188700 1607.152230817380087 -7852.219737692366834
  17.035421195840680   48.475976500000002
  18.122470597054591   48.782594699999997
  19.254807305049955   48.978878899999998
  20.433355550577456   49.090202499999997
  21.659039564387733   49.175286900000003
  22.932783577231394   49.357903399999998
  24.255511819859098   39.147188499999999


# temperature 1117.000000000000000
#   -0.051692494556510    4.111030099047641 -122.146645459544530 1607.083897209148518 -7851.849534057500023
  17.035421195840680   48.478445999999998
  18.122470597054591   48.784536699999997
  19.254807305049955   48.980480100000001
  20.433355550577456   49.091609099999999
  21.659039564387733   49.176544100000001
  22.932783577231394   49.358834899999998
  24.255511819859098   39.147883299999997


# temperature 1118.000000000000000
#   -0.051690806101811    4.110883750610247 -122.141906524132523 1607.015769637316453 -7851.480435114166539
  17.035421195840680   48.480908900000003
  18.122470597054591   48.786473600000001
  19.254807305049955   48.982076999999997
  20.433355550577456   49.093012000000002
  21.659039564387733   49.177798099999997
  22.932783577231394   49.359763999999998
  24.255511819859098   39.148576300000002


# temperature 1119.000000000000000
#   -0.051689121703125    4.110737755252460 -122.137179067301332 1606.947807703596482 -7851.112237012031983
  17.035421195840680   48.483365499999998
  18.122470597054591   48.788405500000003
  19.254807305049955   48.983669800000001
  20.433355550577456   49.094411299999997
  21.659039564387733   49.179048799999997
  22.932783577231394   49.360690699999999
  24.255511819859098   39.149267500000001


# temperature 1120.000000000000000
#   -0.051687442431566    4.110592201105834 -122.132465790202332 1606.880047953236499 -7850.745124021169431
  17.035421195840680   48.485815700000003
  18.122470597054591   48.790332300000003
  19.254807305049955   48.985258399999999
  20.433355550577456   49.095806799999998
  21.659039564387733   49.180296100000000
  22.932783577231394   49.361614899999999
  24.255511819859098   39.149956799999998


# temperature 1121.000000000000000
#   -0.051685767438511    4.110447018573708 -122.127764574336155 1606.812462039823686 -7850.378955440007303
  17.035421195840680   48.488259499999998
  18.122470597054591   48.792254100000001
  19.254807305049955   48.986842899999999
  20.433355550577456   49.097198700000000
  21.659039564387733   49.181540200000001
  22.932783577231394   49.362536700000000
  24.255511819859098   39.150644300000003


# temperature 1122.000000000000000
#   -0.051684095430630    4.110302095766341 -122.123071799544846 1606.744998097768985 -7850.013453963833854
  17.035421195840680   48.490696999999997
  18.122470597054591   48.794170800000003
  19.254807305049955   48.988423099999999
  20.433355550577456   49.098586900000001
  21.659039564387733   49.182781100000000
  22.932783577231394   49.363456100000001
  24.255511819859098   39.151330100000003


# temperature 1123.000000000000000
#   -0.051682428327619    4.110157600895342 -122.118392960124510 1606.677735321426781 -7849.649044171013884
  17.035421195840680   48.493128200000001
  18.122470597054591   48.796082599999998
  19.254807305049955   48.989999300000001
  20.433355550577456   49.099971500000002
  21.659039564387733   49.184018600000002
  22.932783577231394   49.364373000000001
  24.255511819859098   39.152014000000001


# temperature 1124.000000000000000
#   -0.051680764888574    4.110013423587694 -122.113724408084892 1606.610620650163810 -7849.285439648614556
  17.035421195840680   48.495553100000002
  18.122470597054591   48.797989399999999
  19.254807305049955   48.991571299999997
  20.433355550577456   49.101352499999997
  21.659039564387733   49.185252900000002
  22.932783577231394   49.365287500000001
  24.255511819859098   39.152696100000000


# temperature 1125.000000000000000
#   -0.051679107477709    4.109869758604717 -122.109072126448396 1606.543735313681282 -7848.923051631110866
  17.035421195840680   48.497971700000001
  18.122470597054591   48.799891199999998
  19.254807305049955   48.993139200000002
  20.433355550577456   49.102729799999999
  21.659039564387733   49.186484000000000
  22.932783577231394   49.366199700000003
  24.255511819859098   39.153376399999999


# temperature 1126.000000000000000
#   -0.051677450907127    4.109726183417585 -122.104423286583966 1606.476907220250268 -7848.561019424306323
  17.035421195840680   48.500383999999997
  18.122470597054591   48.801788000000002
  19.254807305049955   48.994703000000001
  20.433355550577456   49.104103600000002
  21.659039564387733   49.187711899999996
  22.932783577231394   49.367109399999997
  24.255511819859098   39.154055000000000


# temperature 1127.000000000000000
#   -0.051675801892140    4.109583247990442 -122.099794681929822 1606.410362941759558 -7848.200482489549358
  17.035421195840680   48.502790099999999
  18.122470597054591   48.803679899999999
  19.254807305049955   48.996262799999997
  20.433355550577456   49.105473699999997
  21.659039564387733   49.188936499999997
  22.932783577231394   49.368016799999999
  24.255511819859098   39.154731699999999


# temperature 1128.000000000000000
#   -0.051674153970383    4.109440419830234 -122.095169946906324 1606.343880162423147 -7847.840314653419227
  17.035421195840680   48.505189999999999
  18.122470597054591   48.805566900000002
  19.254807305049955   48.997818400000000
  20.433355550577456   49.106840300000002
  21.659039564387733   49.190157999999997
  22.932783577231394   49.368921700000001
  24.255511819859098   39.155406700000000


# temperature 1129.000000000000000
#   -0.051672514074058    4.109298273176939 -122.090566819639093 1606.277701016237870 -7847.481748191996303
  17.035421195840680   48.507583699999998
  18.122470597054591   48.807449099999999
  19.254807305049955   48.999369999999999
  20.433355550577456   49.108203300000000
  21.659039564387733   49.191376200000001
  22.932783577231394   49.369824399999999
  24.255511819859098   39.156080000000003


# temperature 1130.000000000000000
#   -0.051670875510593    4.109156250547845 -122.085967989438970 1606.211588029265158 -7847.123568764183801
  17.035421195840680   48.509971299999997
  18.122470597054591   48.809326300000002
  19.254807305049955   49.000917600000001
  20.433355550577456   49.109562699999998
  21.659039564387733   49.192591299999997
  22.932783577231394   49.370724600000003
  24.255511819859098   39.156751399999997


# temperature 1131.000000000000000
#   -0.051669239441642    4.109014453934708 -122.081376782108080 1606.145588977002490 -7846.766031568979997
  17.035421195840680   48.512352700000001
  18.122470597054591   48.811198599999997
  19.254807305049955   49.002461199999999
  20.433355550577456   49.110918699999999
  21.659039564387733   49.193803199999998
  22.932783577231394   49.371622500000001
  24.255511819859098   39.157421200000002


# temperature 1132.000000000000000
#   -0.051667613024390    4.108873469716543 -122.076811112639959 1606.079945722897264 -7846.410353958037376
  17.035421195840680   48.514727899999997
  18.122470597054591   48.813066200000002
  19.254807305049955   49.004000699999999
  20.433355550577456   49.112271000000000
  21.659039564387733   49.195011899999997
  22.932783577231394   49.372518100000001
  24.255511819859098   39.158089099999998


# temperature 1133.000000000000000
#   -0.051665985005181    4.108732369042022 -122.072242382281274 1606.014269015724722 -7846.054559950608564
  17.035421195840680   48.517097100000001
  18.122470597054591   48.814928799999997
  19.254807305049955   49.005536200000002
  20.433355550577456   49.113619900000003
  21.659039564387733   49.196217500000003
  22.932783577231394   49.373411300000001
  24.255511819859098   39.158755399999997


# temperature 1134.000000000000000
#   -0.051664363550675    4.108591826783177 -122.067691406359586 1605.948842802711624 -7845.700094702478964
  17.035421195840680   48.519460199999997
  18.122470597054591   48.816786700000002
  19.254807305049955   49.007067800000002
  20.433355550577456   49.114965300000001
  21.659039564387733   49.197420000000001
  22.932783577231394   49.374302200000002
  24.255511819859098   39.159419800000002


# temperature 1135.000000000000000
#   -0.051662747377905    4.108451739790893 -122.063155074673290 1605.883625404103668 -7845.346748886140631
  17.035421195840680   48.521817200000001
  18.122470597054591   48.818639800000000
  19.254807305049955   49.008595399999997
  20.433355550577456   49.116307100000000
  21.659039564387733   49.198619299999997
  22.932783577231394   49.375190799999999
  24.255511819859098   39.160082600000003


# temperature 1136.000000000000000
#   -0.051661134572223    4.108311944558980 -122.058628203592832 1605.818544505188584 -7844.994147808681191
  17.035421195840680   48.524168099999997
  18.122470597054591   48.820488099999999
  19.254807305049955   49.010119000000003
  20.433355550577456   49.117645500000002
  21.659039564387733   49.199815600000001
  22.932783577231394   49.376077100000003
  24.255511819859098   39.160743600000004


# temperature 1137.000000000000000
#   -0.051659523516808    4.108172313581395 -122.054107029955432 1605.753550778709041 -7844.642048875598448
  17.035421195840680   48.526513100000003
  18.122470597054591   48.822331599999998
  19.254807305049955   49.011638699999999
  20.433355550577456   49.118980399999998
  21.659039564387733   49.201008700000003
  22.932783577231394   49.376961000000001
  24.255511819859098   39.161403000000000


# temperature 1138.000000000000000
#   -0.051657917498168    4.108033113547155 -122.049599644005227 1605.688753006455727 -7844.290999259739692
  17.035421195840680   48.528852000000001
  18.122470597054591   48.824170299999999
  19.254807305049955   49.013154499999999
  20.433355550577456   49.120311899999997
  21.659039564387733   49.202198699999997
  22.932783577231394   49.377842700000002
  24.255511819859098   39.162060599999997


# temperature 1139.000000000000000
#   -0.051656316717332    4.107894360447562 -122.045106503373347 1605.624156699315790 -7843.941021932012518
  17.035421195840680   48.531185000000001
  18.122470597054591   48.826004400000002
  19.254807305049955   49.014666300000002
  20.433355550577456   49.121639899999998
  21.659039564387733   49.203385699999998
  22.932783577231394   49.378722099999997
  24.255511819859098   39.162716500000002


# temperature 1140.000000000000000
#   -0.051654719220700    4.107755898655416 -122.040623005972947 1605.559702029643404 -7843.591828632000215
  17.035421195840680   48.533511900000001
  18.122470597054591   48.827833699999999
  19.254807305049955   49.016174300000003
  20.433355550577456   49.122964500000002
  21.659039564387733   49.204569599999999
  22.932783577231394   49.379599200000001
  24.255511819859098   39.163370700000002


# temperature 1141.000000000000000
#   -0.051653126772947    4.107617864854201 -122.036153060196199 1605.495437789656535 -7843.243643117839383
  17.035421195840680   48.535832999999997
  18.122470597054591   48.829658299999998
  19.254807305049955   49.017678300000000
  20.433355550577456   49.124285600000000
  21.659039564387733   49.205750399999999
  22.932783577231394   49.380474100000001
  24.255511819859098   39.164023200000003


# temperature 1142.000000000000000
#   -0.051651537149706    4.107480087624848 -122.031691786594763 1605.431303267532712 -7842.896187253365497
  17.035421195840680   48.538148100000001
  18.122470597054591   48.831478300000001
  19.254807305049955   49.019178500000002
  20.433355550577456   49.125603400000003
  21.659039564387733   49.206928099999999
  22.932783577231394   49.381346600000001
  24.255511819859098   39.164673999999998


# temperature 1143.000000000000000
#   -0.051649952470269    4.107342726922056 -122.027243636997156 1605.367352530092148 -7842.549702351737324
  17.035421195840680   48.540457300000000
  18.122470597054591   48.833293500000003
  19.254807305049955   49.020674800000002
  20.433355550577456   49.126917700000000
  21.659039564387733   49.208102900000000
  22.932783577231394   49.382216999999997
  24.255511819859098   39.165323100000002


# temperature 1144.000000000000000
#   -0.051648368926798    4.107205481682684 -122.022799749285724 1605.303470414470667 -7842.203630596109178
  17.035421195840680   48.542760700000002
  18.122470597054591   48.835104100000002
  19.254807305049955   49.022167300000000
  20.433355550577456   49.128228700000001
  21.659039564387733   49.209274600000001
  22.932783577231394   49.383085000000001
  24.255511819859098   39.165970600000001


# temperature 1145.000000000000000
#   -0.051646793096425    4.107068889184310 -122.018376496569431 1605.239877563708660 -7841.859081627075284
  17.035421195840680   48.545058099999999
  18.122470597054591   48.836910099999997
  19.254807305049955   49.023655900000001
  20.433355550577456   49.129536299999998
  21.659039564387733   49.210443200000000
  22.932783577231394   49.383950900000002
  24.255511819859098   39.166616400000002


# temperature 1146.000000000000000
#   -0.051645219888892    4.106932526684647 -122.013960779031791 1605.176394450351381 -7841.515137208638407
  17.035421195840680   48.547349799999999
  18.122470597054591   48.838711500000002
  19.254807305049955   49.025140700000001
  20.433355550577456   49.130840499999998
  21.659039564387733   49.211608900000002
  22.932783577231394   49.384814499999997
  24.255511819859098   39.167260499999998


# temperature 1147.000000000000000
#   -0.051643649351028    4.106796401441362 -122.009552930876140 1605.113027242629641 -7841.171837578804116
  17.035421195840680   48.549635600000002
  18.122470597054591   48.840508200000002
  19.254807305049955   49.026621700000000
  20.433355550577456   49.132141400000002
  21.659039564387733   49.212771600000004
  22.932783577231394   49.385675900000003
  24.255511819859098   39.167903000000003


# temperature 1148.000000000000000
#   -0.051642083655750    4.106660693913956 -122.005158537905430 1605.049852269534313 -7840.829571037993446
  17.035421195840680   48.551915600000001
  18.122470597054591   48.842300399999999
  19.254807305049955   49.028098900000003
  20.433355550577456   49.133438900000002
  21.659039564387733   49.213931299999999
  22.932783577231394   49.386535000000002
  24.255511819859098   39.168543800000002


# temperature 1149.000000000000000
#   -0.051640523043154    4.106525419228848 -122.000777923809238 1604.986872070761592 -7840.488341490027778
  17.035421195840680   48.554189800000003
  18.122470597054591   48.844087999999999
  19.254807305049955   49.029572299999998
  20.433355550577456   49.134733099999998
  21.659039564387733   49.215088000000002
  22.932783577231394   49.387391999999998
  24.255511819859098   39.169182900000003


# temperature 1150.000000000000000
#   -0.051638963992648    4.106390295151519 -121.996402653696620 1604.923975249982277 -7840.147600299734222
  17.035421195840680   48.556458200000002
  18.122470597054591   48.845871000000002
  19.254807305049955   49.031041999999999
  20.433355550577456   49.136023999999999
  21.659039564387733   49.216241699999998
  22.932783577231394   49.388246700000003
  24.255511819859098   39.169820500000000


# temperature 1151.000000000000000
#   -0.051637410783606    4.106255663282258 -121.992042890852701 1604.861295380537285 -7839.808001784576845
  17.035421195840680   48.558720899999997
  18.122470597054591   48.847649500000003
  19.254807305049955   49.032507899999999
  20.433355550577456   49.137311599999997
  21.659039564387733   49.217392500000003
  22.932783577231394   49.389099299999998
  24.255511819859098   39.170456299999998


# temperature 1152.000000000000000
#   -0.051635859799757    4.106121231636395 -121.987689834022873 1604.798715078737132 -7839.468961495479562
  17.035421195840680   48.560977899999997
  18.122470597054591   48.849423399999999
  19.254807305049955   49.033969999999997
  20.433355550577456   49.138595899999999
  21.659039564387733   49.218540300000001
  22.932783577231394   49.389949700000003
  24.255511819859098   39.171090599999999


# temperature 1153.000000000000000
#   -0.051634311627162    4.105987048896006 -121.983345004125781 1604.736255490024860 -7839.130589584505287
  17.035421195840680   48.563229200000002
  18.122470597054591   48.851192800000000
  19.254807305049955   49.035428400000001
  20.433355550577456   49.139876899999997
  21.659039564387733   49.219685200000001
  22.932783577231394   49.390797800000001
  24.255511819859098   39.171723200000002


# temperature 1154.000000000000000
#   -0.051632770852436    4.105853491205092 -121.979019901180891 1604.674071979006385 -7838.793668677943970
  17.035421195840680   48.565474799999997
  18.122470597054591   48.852957799999999
  19.254807305049955   49.036883099999997
  20.433355550577456   49.141154600000000
  21.659039564387733   49.220827200000002
  22.932783577231394   49.391643899999998
  24.255511819859098   39.172354200000001


# temperature 1155.000000000000000
#   -0.051631230459984    4.105719983833909 -121.974696967751001 1604.611927489765776 -7838.457005214042510
  17.035421195840680   48.567714700000003
  18.122470597054591   48.854718200000001
  19.254807305049955   49.038334100000000
  20.433355550577456   49.142429100000001
  21.659039564387733   49.221966199999997
  22.932783577231394   49.392487699999997
  24.255511819859098   39.172983600000002


# temperature 1156.000000000000000
#   -0.051629695811170    4.105586965292055 -121.970389580175052 1604.550002386545657 -7838.121506232593674
  17.035421195840680   48.569948900000000
  18.122470597054591   48.856474200000001
  19.254807305049955   49.039781400000003
  20.433355550577456   49.143700299999999
  21.659039564387733   49.223102400000002
  22.932783577231394   49.393329399999999
  24.255511819859098   39.173611399999999


# temperature 1157.000000000000000
#   -0.051628165389893    4.105454310378017 -121.966093871992499 1604.488243726355449 -7837.786900426160173
  17.035421195840680   48.572177600000003
  18.122470597054591   48.858225800000000
  19.254807305049955   49.041224999999997
  20.433355550577456   49.144968300000002
  21.659039564387733   49.224235600000000
  22.932783577231394   49.394168999999998
  24.255511819859098   39.174237599999998


# temperature 1158.000000000000000
#   -0.051626638680921    4.105321975482879 -121.961808481410841 1604.426632930636970 -7837.453094491263982
  17.035421195840680   48.574400599999997
  18.122470597054591   48.859972900000002
  19.254807305049955   49.042664899999998
  20.433355550577456   49.146233000000002
  21.659039564387733   49.225366000000001
  22.932783577231394   49.395006400000000
  24.255511819859098   39.174862099999999


# temperature 1159.000000000000000
#   -0.051625112730812    4.105189723460752 -121.957526305556698 1604.365075926804138 -7837.119623413090267
  17.035421195840680   48.576618000000003
  18.122470597054591   48.861715500000003
  19.254807305049955   49.044101200000000
  20.433355550577456   49.147494600000002
  21.659039564387733   49.226493400000003
  22.932783577231394   49.395841599999997
  24.255511819859098   39.175485100000003


# temperature 1160.000000000000000
#   -0.051623594446974    4.105058116922078 -121.953264430498180 1604.303802019654086 -7836.787634683765646
  17.035421195840680   48.578829800000001
  18.122470597054591   48.863453800000002
  19.254807305049955   49.045533800000001
  20.433355550577456   49.148752899999998
  21.659039564387733   49.227618000000000
  22.932783577231394   49.396674800000000
  24.255511819859098   39.176106500000003


# temperature 1161.000000000000000
#   -0.051622078375305    4.104926708200527 -121.949009154502392 1604.242625856569703 -7836.456193149562750
  17.035421195840680   48.581036099999999
  18.122470597054591   48.865187700000000
  19.254807305049955   49.046962800000003
  20.433355550577456   49.150008000000000
  21.659039564387733   49.228739800000000
  22.932783577231394   49.397505799999998
  24.255511819859098   39.176726299999999


# temperature 1162.000000000000000
#   -0.051620565679656    4.104795594584381 -121.944763504114306 1604.181588971166320 -7836.125510994431352
  17.035421195840680   48.583236900000003
  18.122470597054591   48.866917200000003
  19.254807305049955   49.048388199999998
  20.433355550577456   49.151259899999999
  21.659039564387733   49.229858700000001
  22.932783577231394   49.398334699999999
  24.255511819859098   39.177344599999998


# temperature 1163.000000000000000
#   -0.051619056853304    4.104664813931220 -121.940528569172329 1604.120705340424138 -7835.795655750669539
  17.035421195840680   48.585432099999998
  18.122470597054591   48.868642299999998
  19.254807305049955   49.049809900000000
  20.433355550577456   49.152508699999998
  21.659039564387733   49.230974699999997
  22.932783577231394   49.399161499999998
  24.255511819859098   39.177961199999999


# temperature 1164.000000000000000
#   -0.051617551909320    4.104534370315156 -121.936304562316380 1604.059978968043197 -7835.466652855229768
  17.035421195840680   48.587621800000001
  18.122470597054591   48.870363099999999
  19.254807305049955   49.051228100000003
  20.433355550577456   49.153754300000003
  21.659039564387733   49.232087999999997
  22.932783577231394   49.399986200000001
  24.255511819859098   39.178576300000003


# temperature 1165.000000000000000
#   -0.051616048671158    4.104404082584563 -121.932085852046072 1603.999332359062919 -7835.138104085739542
  17.035421195840680   48.589806099999997
  18.122470597054591   48.872079499999998
  19.254807305049955   49.052642700000000
  20.433355550577456   49.154996799999999
  21.659039564387733   49.233198399999999
  22.932783577231394   49.400808800000000
  24.255511819859098   39.179189899999997


# temperature 1166.000000000000000
#   -0.051614551934904    4.104274343012138 -121.927884414083962 1603.938927253382417 -7834.810824806252640
  17.035421195840680   48.591984900000000
  18.122470597054591   48.873791599999997
  19.254807305049955   49.054053699999997
  20.433355550577456   49.156236100000001
  21.659039564387733   49.234305999999997
  22.932783577231394   49.401629399999997
  24.255511819859098   39.179801800000000


# temperature 1167.000000000000000
#   -0.051613058933657    4.104144934507044 -121.923693905909929 1603.878681854707793 -7834.484421984957407
  17.035421195840680   48.594158200000003
  18.122470597054591   48.875499499999997
  19.254807305049955   49.055461200000003
  20.433355550577456   49.157472200000001
  21.659039564387733   49.235410799999997
  22.932783577231394   49.402447799999997
  24.255511819859098   39.180412300000000


# temperature 1168.000000000000000
#   -0.051611567958552    4.104015703801094 -121.919509238389594 1603.818521983601613 -7834.158494950834211
  17.035421195840680   48.596326099999999
  18.122470597054591   48.877203000000002
  19.254807305049955   49.056865100000003
  20.433355550577456   49.158705300000001
  21.659039564387733   49.236512800000000
  22.932783577231394   49.403264200000002
  24.255511819859098   39.181021200000004


# temperature 1169.000000000000000
#   -0.051610081118247    4.103886827566296 -121.915335924870575 1603.758523567178599 -7833.833432977977282
  17.035421195840680   48.598488600000003
  18.122470597054591   48.878902199999999
  19.254807305049955   49.058265400000003
  20.433355550577456   49.159935200000000
  21.659039564387733   49.237611999999999
  22.932783577231394   49.404078499999997
  24.255511819859098   39.181628500000002


# temperature 1170.000000000000000
#   -0.051608598332758    4.103758304275590 -121.911174083268349 1603.698690562203183 -7833.509268449848605
  17.035421195840680   48.600645700000001
  18.122470597054591   48.880597199999997
  19.254807305049955   49.059662299999999
  20.433355550577456   49.161162099999999
  21.659039564387733   49.238708400000000
  22.932783577231394   49.404890799999997
  24.255511819859098   39.182234299999998


# temperature 1171.000000000000000
#   -0.051607120059172    4.103630168046394 -121.907024642824524 1603.639033841819355 -7833.186047072140354
  17.035421195840680   48.602797400000000
  18.122470597054591   48.882288000000003
  19.254807305049955   49.061055600000003
  20.433355550577456   49.162385800000003
  21.659039564387733   49.239802099999999
  22.932783577231394   49.405701000000001
  24.255511819859098   39.182838599999997


# temperature 1172.000000000000000
#   -0.051605643194529    4.103502161899625 -121.902879672189613 1603.579445279426636 -7832.863219388731522
  17.035421195840680   48.604943800000001
  18.122470597054591   48.883974500000001
  19.254807305049955   49.062445400000001
  20.433355550577456   49.163606500000000
  21.659039564387733   49.240893000000000
  22.932783577231394   49.406509100000001
  24.255511819859098   39.183441299999998


# temperature 1173.000000000000000
#   -0.051604169344769    4.103374421267731 -121.898743427930640 1603.519983987430578 -7832.541091526495620
  17.035421195840680   48.607084800000003
  18.122470597054591   48.885656699999998
  19.254807305049955   49.063831800000003
  20.433355550577456   49.164824099999997
  21.659039564387733   49.241981199999998
  22.932783577231394   49.407315199999999
  24.255511819859098   39.184042599999998


# temperature 1174.000000000000000
#   -0.051602701725403    4.103247207705020 -121.894623838384760 1603.460756073591710 -7832.220192362980924
  17.035421195840680   48.609220499999999
  18.122470597054591   48.887334799999998
  19.254807305049955   49.065214599999997
  20.433355550577456   49.166038600000000
  21.659039564387733   49.243066599999999
  22.932783577231394   49.408119300000003
  24.255511819859098   39.184642300000000


# temperature 1175.000000000000000
#   -0.051601236808588    4.103120230891339 -121.890512002455893 1603.401641061891496 -7831.899914532703406
  17.035421195840680   48.611350899999998
  18.122470597054591   48.889008699999998
  19.254807305049955   49.066594000000002
  20.433355550577456   49.167250099999997
  21.659039564387733   49.244149399999998
  22.932783577231394   49.408921399999997
  24.255511819859098   39.185240499999999


# temperature 1176.000000000000000
#   -0.051599775332049    4.102993552970541 -121.886409864589737 1603.342665729740474 -7831.580395007713378
  17.035421195840680   48.613475999999999
  18.122470597054591   48.890678399999999
  19.254807305049955   49.067969900000001
  20.433355550577456   49.168458600000001
  21.659039564387733   49.245229399999999
  22.932783577231394   49.409721500000003
  24.255511819859098   39.185837200000002


# temperature 1177.000000000000000
#   -0.051598317104715    4.102867161370371 -121.882317136041991 1603.283827463782245 -7831.261627007096649
  17.035421195840680   48.615595800000001
  18.122470597054591   48.892343900000000
  19.254807305049955   49.069342399999996
  20.433355550577456   49.169663999999997
  21.659039564387733   49.246306599999997
  22.932783577231394   49.410519499999999
  24.255511819859098   39.186432400000001


# temperature 1178.000000000000000
#   -0.051596862224922    4.102741059506488 -121.878233780167136 1603.225123889058750 -7830.943589198205700
  17.035421195840680   48.617710400000000
  18.122470597054591   48.894005300000003
  19.254807305049955   49.070711500000002
  20.433355550577456   49.170866400000001
  21.659039564387733   49.247381200000000
  22.932783577231394   49.411315500000001
  24.255511819859098   39.187026099999997


# temperature 1179.000000000000000
#   -0.051595412440150    4.102615392792586 -121.874164305393933 1603.166616745304736 -7830.626596791356860
  17.035421195840680   48.619819700000001
  18.122470597054591   48.895662600000001
  19.254807305049955   49.072077100000001
  20.433355550577456   49.172065799999999
  21.659039564387733   49.248453099999999
  22.932783577231394   49.412109600000001
  24.255511819859098   39.187618399999998


# temperature 1180.000000000000000
#   -0.051593963749092    4.102489828469591 -121.870098392386780 1603.108164572375017 -7830.309926396645096
  17.035421195840680   48.621923899999999
  18.122470597054591   48.897315700000000
  19.254807305049955   49.073439299999997
  20.433355550577456   49.173262200000003
  21.659039564387733   49.249522300000002
  22.932783577231394   49.412901599999998
  24.255511819859098   39.188209100000002


# temperature 1181.000000000000000
#   -0.051592519807373    4.102364672668943 -121.866045607234582 1603.049899586019137 -7829.994260002608826
  17.035421195840680   48.624022799999999
  18.122470597054591   48.898964700000001
  19.254807305049955   49.074798199999996
  20.433355550577456   49.174455600000002
  21.659039564387733   49.250588899999997
  22.932783577231394   49.413691700000001
  24.255511819859098   39.188798400000003


# temperature 1182.000000000000000
#   -0.051591080441303    4.102239907680338 -121.862005293755260 1602.991811226383334 -7829.679535110443794
  17.035421195840680   48.626116500000002
  18.122470597054591   48.900609600000003
  19.254807305049955   49.076153599999998
  20.433355550577456   49.175646000000000
  21.659039564387733   49.251652700000001
  22.932783577231394   49.414479800000002
  24.255511819859098   39.189386100000000


# temperature 1183.000000000000000
#   -0.051589641410677    4.102115185753769 -121.857966815586693 1602.933755720280942 -7829.365027022837239
  17.035421195840680   48.628205100000002
  18.122470597054591   48.902250400000000
  19.254807305049955   49.077505700000003
  20.433355550577456   49.176833500000001
  21.659039564387733   49.252713999999997
  22.932783577231394   49.415265900000001
  24.255511819859098   39.189972500000003


# temperature 1184.000000000000000
#   -0.051588209492869    4.101991065344447 -121.853947337882829 1602.875966283401340 -7829.051917442638114
  17.035421195840680   48.630288499999999
  18.122470597054591   48.903887200000000
  19.254807305049955   49.078854399999997
  20.433355550577456   49.178018000000002
  21.659039564387733   49.253772499999997
  22.932783577231394   49.416050100000000
  24.255511819859098   39.190557300000002


# temperature 1185.000000000000000
#   -0.051586779456549    4.101867112097900 -121.849933405215637 1602.818258640560089 -7828.739265118996627
  17.035421195840680   48.632366800000000
  18.122470597054591   48.905519900000002
  19.254807305049955   49.080199700000001
  20.433355550577456   49.179199500000003
  21.659039564387733   49.254828500000002
  22.932783577231394   49.416832300000003
  24.255511819859098   39.191140699999998


# temperature 1186.000000000000000
#   -0.051585354011331    4.101743552626226 -121.845932090204457 1602.760730387300782 -7828.427572253654944
  17.035421195840680   48.634439999999998
  18.122470597054591   48.907148599999999
  19.254807305049955   49.081541700000002
  20.433355550577456   49.180378099999999
  21.659039564387733   49.255881799999997
  22.932783577231394   49.417612599999998
  24.255511819859098   39.191722599999999


# temperature 1187.000000000000000
#   -0.051583930145119    4.101620140255178 -121.841935855487378 1602.703279685922325 -7828.116325559391043
  17.035421195840680   48.636508100000000
  18.122470597054591   48.908773199999999
  19.254807305049955   49.082880400000001
  20.433355550577456   49.181553800000003
  21.659039564387733   49.256932399999997
  22.932783577231394   49.418390899999999
  24.255511819859098   39.192303099999997


# temperature 1188.000000000000000
#   -0.051582509419921    4.101497002085308 -121.837948558715013 1602.645958299550102 -7827.805784119529562
  17.035421195840680   48.638571100000000
  18.122470597054591   48.910393800000001
  19.254807305049955   49.084215800000003
  20.433355550577456   49.182726500000001
  21.659039564387733   49.257980500000002
  22.932783577231394   49.419167199999997
  24.255511819859098   39.192882200000000


# temperature 1189.000000000000000
#   -0.051581093100309    4.101374237709262 -121.833973123129553 1602.588804145995255 -7827.496131404661355
  17.035421195840680   48.640628999999997
  18.122470597054591   48.912010400000000
  19.254807305049955   49.085547800000001
  20.433355550577456   49.183896400000002
  21.659039564387733   49.259025999999999
  22.932783577231394   49.419941700000003
  24.255511819859098   39.193459799999999


# temperature 1190.000000000000000
#   -0.051579682048211    4.101251926058016 -121.830012218164754 1602.531856756610523 -7827.187583794224338
  17.035421195840680   48.642681799999998
  18.122470597054591   48.913623100000002
  19.254807305049955   49.086876599999997
  20.433355550577456   49.185063300000003
  21.659039564387733   49.260068900000000
  22.932783577231394   49.420714199999999
  24.255511819859098   39.194035900000003


# temperature 1191.000000000000000
#   -0.051578271077644    4.101129632971240 -121.826052271950019 1602.474928436432492 -7826.879172632179689
  17.035421195840680   48.644729699999999
  18.122470597054591   48.915231700000000
  19.254807305049955   49.088202000000003
  20.433355550577456   49.186227400000000
  21.659039564387733   49.261109099999999
  22.932783577231394   49.421484800000002
  24.255511819859098   39.194610699999998


# temperature 1192.000000000000000
#   -0.051576865204527    4.101007775591021 -121.822106245869264 1602.418197486511417 -7826.571813897638094
  17.035421195840680   48.646772499999997
  18.122470597054591   48.916836400000001
  19.254807305049955   49.089524200000000
  20.433355550577456   49.187388599999998
  21.659039564387733   49.262146799999996
  22.932783577231394   49.422253499999997
  24.255511819859098   39.195183999999998


# temperature 1193.000000000000000
#   -0.051575463641364    4.100886283922343 -121.818171820301458 1602.361629962185134 -7826.265322680309509
  17.035421195840680   48.648810300000001
  18.122470597054591   48.918437099999998
  19.254807305049955   49.090843100000001
  20.433355550577456   49.188546799999997
  21.659039564387733   49.263182000000000
  22.932783577231394   49.423020299999997
  24.255511819859098   39.195755800000001


# temperature 1194.000000000000000
#   -0.051574064206757    4.100764987851568 -121.814244066013032 1602.305162972699009 -7825.959400819464463
  17.035421195840680   48.650843100000003
  18.122470597054591   48.920033900000000
  19.254807305049955   49.092158800000000
  20.433355550577456   49.189702300000000
  21.659039564387733   49.264214500000001
  22.932783577231394   49.423785199999998
  24.255511819859098   39.196326300000003


# temperature 1195.000000000000000
#   -0.051572666511365    4.100643847195910 -121.810321494487297 1602.248772802880012 -7825.653910304039528
  17.035421195840680   48.652870999999998
  18.122470597054591   48.921626799999999
  19.254807305049955   49.093471200000003
  20.433355550577456   49.190854899999998
  21.659039564387733   49.265244600000003
  22.932783577231394   49.424548100000003
  24.255511819859098   39.196895400000002


# temperature 1196.000000000000000
#   -0.051571274101090    4.100523155856473 -121.806413194616525 1602.192583738045641 -7825.349485228141930
  17.035421195840680   48.654893899999998
  18.122470597054591   48.923215700000000
  19.254807305049955   49.094780399999998
  20.433355550577456   49.192004599999997
  21.659039564387733   49.266272000000001
  22.932783577231394   49.425309200000001
  24.255511819859098   39.197462999999999


# temperature 1197.000000000000000
#   -0.051569886266975    4.100402855366047 -121.802517368359744 1602.136571359681739 -7825.046002028952898
  17.035421195840680   48.656911800000003
  18.122470597054591   48.924800800000000
  19.254807305049955   49.096086300000003
  20.433355550577456   49.193151499999999
  21.659039564387733   49.267296999999999
  22.932783577231394   49.426068500000000
  24.255511819859098   39.198029300000002


# temperature 1198.000000000000000
#   -0.051568498516821    4.100282573996632 -121.798622539884192 1602.080578989796777 -7824.742662403507893
  17.035421195840680   48.658924900000002
  18.122470597054591   48.926381900000003
  19.254807305049955   49.097389000000000
  20.433355550577456   49.194295599999997
  21.659039564387733   49.268319400000003
  22.932783577231394   49.426825800000003
  24.255511819859098   39.198594100000001


# temperature 1199.000000000000000
#   -0.051567117311822    4.100162849018823 -121.794745377913145 1602.024835305620172 -7824.440636790232929
  17.035421195840680   48.660933000000000
  18.122470597054591   48.927959199999997
  19.254807305049955   49.098688600000003
  20.433355550577456   49.195436800000003
  21.659039564387733   49.269339299999999
  22.932783577231394   49.427581300000000
  24.255511819859098   39.199157499999998


# temperature 1200.000000000000000
#   -0.051565736268578    4.100043149392773 -121.790869395071681 1601.969113915133903 -7824.138765282790700
  17.035421195840680   48.662936299999998
  18.122470597054591   48.929532600000002
  19.254807305049955   49.099984900000003
  20.433355550577456   49.196575299999999
  21.659039564387733   49.270356700000001
  22.932783577231394   49.428334900000003
  24.255511819859098   39.199719600000002


