# temperature    1.000000000000000
#    0.000046098629690   -0.003653213161429    0.108156663384430   -1.417762226320878    6.942873301642509
  17.035421195840680    0.000000000000000
  18.122470597054591    0.000000100000000
  19.254807305049955    0.000000300000000
  20.433355550577456    0.000000700000000
  21.659039564387733    0.000000500000000
  22.932783577231394    0.000296800000000
  24.255511819859098    0.010172200000000


# temperature    2.000000000000000
#    0.000168099889863   -0.013313514325089    0.393936511790575   -5.161159767006107   25.262061668624817
  17.035421195840680    0.000003700000000
  18.122470597054591    0.000009000000000
  19.254807305049955    0.000018300000000
  20.433355550577456    0.000026300000000
  21.659039564387733    0.000023800000000
  22.932783577231394    0.001472600000000
  24.255511819859098    0.038059300000000


# temperature    3.000000000000000
#    0.000363717736522   -0.028810062736260    0.852566020917885  -11.171080133276890   54.683811182585728
  17.035421195840680    0.000026000000000
  18.122470597054591    0.000047000000000
  19.254807305049955    0.000079100000000
  20.433355550577456    0.000104100000000
  21.659039564387733    0.000097200000000
  22.932783577231394    0.003076600000000
  24.255511819859098    0.081974100000000


# temperature    4.000000000000000
#    0.000631949608584   -0.050063127395085    1.481677017215353  -19.416385330469023   95.055200216910293
  17.035421195840680    0.000076700000000
  18.122470597054591    0.000124700000000
  19.254807305049955    0.000197700000000
  20.433355550577456    0.000252800000000
  21.659039564387733    0.000238400000000
  22.932783577231394    0.005140500000000
  24.255511819859098    0.141755700000000


# temperature    5.000000000000000
#    0.000969754330119   -0.076829751450724    2.274022296922535  -29.801404456751062  145.904614703570701
  17.035421195840680    0.000163300000000
  18.122470597054591    0.000253500000000
  19.254807305049955    0.000392800000000
  20.433355550577456    0.000495700000000
  21.659039564387733    0.000469500000000
  22.932783577231394    0.007760900000000
  24.255511819859098    0.216988100000000


# temperature    6.000000000000000
#    0.001372983521704   -0.108779530523320    3.219773736601294  -42.196731647833545  206.595673972198483
  17.035421195840680    0.000293600000000
  18.122470597054591    0.000445900000000
  19.254807305049955    0.000683300000000
  20.433355550577456    0.000855600000000
  21.659039564387733    0.000812800000000
  22.932783577231394    0.011011300000000
  24.255511819859098    0.306972700000000


# temperature    7.000000000000000
#    0.001836310050536   -0.145488732876507    4.306342704967072  -56.436808328116442  276.315118257482482
  17.035421195840680    0.000476200000000
  18.122470597054591    0.000714400000000
  19.254807305049955    0.001087600000000
  20.433355550577456    0.001354800000000
  21.659039564387733    0.001290400000000
  22.932783577231394    0.014954500000000
  24.255511819859098    0.410742900000000


# temperature    8.000000000000000
#    0.002353463511109   -0.186458739290331    5.518919649073982  -72.326915764670915  354.106668896177837
  17.035421195840680    0.000719600000000
  18.122470597054591    0.001071700000000
  19.254807305049955    0.001624000000000
  20.433355550577456    0.002015200000000
  21.659039564387733    0.001923900000000
  22.932783577231394    0.019651600000000
  24.255511819859098    0.527137200000000


# temperature    9.000000000000000
#    0.002917682297164   -0.231151882998196    6.841535698128498  -89.657099264786964  438.939262276659974
  17.035421195840680    0.001032600000000
  18.122470597054591    0.001530600000000
  19.254807305049955    0.002310500000000
  20.433355550577456    0.002858300000000
  21.659039564387733    0.002735000000000
  22.932783577231394    0.025166000000000
  24.255511819859098    0.654900600000000


# temperature   10.000000000000000
#    0.003522103933871   -0.279022408118730    8.257979927770050 -108.214200816760467  529.766014538924196
  17.035421195840680    0.001424300000000
  18.122470597054591    0.002103900000000
  19.254807305049955    0.003164900000000
  20.433355550577456    0.003905400000000
  21.659039564387733    0.003745500000000
  22.932783577231394    0.031565200000000
  24.255511819859098    0.792768200000000


# temperature   11.000000000000000
#    0.004160013874316   -0.329536164938696    9.752381805978251 -127.789485205559117  625.561522196971396
  17.035421195840680    0.001903600000000
  18.122470597054591    0.002804200000000
  19.254807305049955    0.004204800000000
  20.433355550577456    0.005177300000000
  21.659039564387733    0.004977200000000
  22.932783577231394    0.038922500000000
  24.255511819859098    0.939521200000000


# temperature   12.000000000000000
#    0.004824979294020   -0.382181205562782   11.309524694106436 -148.182747339371076  725.341967739992810
  17.035421195840680    0.002479800000000
  18.122470597054591    0.003644500000000
  19.254807305049955    0.005447800000000
  20.433355550577456    0.006694900000000
  21.659039564387733    0.006452000000000
  22.932783577231394    0.047318500000000
  24.255511819859098    1.094017500000000


# temperature   13.000000000000000
#    0.005510916023925   -0.436473098684180   12.915003589148338 -169.204385952075654  828.175305954380974
  17.035421195840680    0.003162100000000
  18.122470597054591    0.004637500000000
  19.254807305049955    0.006911100000000
  20.433355550577456    0.008479000000000
  21.659039564387733    0.008192600000000
  22.932783577231394    0.056842800000000
  24.255511819859098    1.255208500000000


# temperature   14.000000000000000
#    0.006212076543532   -0.491953877819354   14.555191053149695 -190.674919162578618  933.178710299379077
  17.035421195840680    0.003959700000000
  18.122470597054591    0.005796300000000
  19.254807305049955    0.008612000000000
  20.433355550577456    0.010550500000000
  21.659039564387733    0.010222000000000
  22.932783577231394    0.067596200000000
  24.255511819859098    1.422144000000000


# temperature   15.000000000000000
#    0.006923040912272   -0.548191339894810   16.217217113947310 -212.424731526153465 1039.517393163103634
  17.035421195840680    0.004882200000000
  18.122470597054591    0.007133800000000
  19.254807305049955    0.010568000000000
  20.433355550577456    0.012930400000000
  21.659039564387733    0.012564300000000
  22.932783577231394    0.079692800000000
  24.255511819859098    1.593973200000000


# temperature   16.000000000000000
#    0.007638675659258   -0.604775725800585   17.888869180414780 -234.292738399258951 1146.397948947707391
  17.035421195840680    0.005939000000000
  18.122470597054591    0.008663100000000
  19.254807305049955    0.012796600000000
  20.433355550577456    0.015640400000000
  21.659039564387733    0.015244800000000
  22.932783577231394    0.093261700000000
  24.255511819859098    1.769941100000000


# temperature   17.000000000000000
#    0.008354092167751   -0.661316410010095   19.558493799532584 -256.125096750167131 1253.062042476657325
  17.035421195840680    0.007140000000000
  18.122470597054591    0.010397600000000
  19.254807305049955    0.015315500000000
  20.433355550577456    0.018702600000000
  21.659039564387733    0.018290600000000
  22.932783577231394    0.108448300000000
  24.255511819859098    1.949383000000000


# temperature   18.000000000000000
#    0.009064633430533   -0.717440882522520   21.214967343074299 -277.774830127170731 1358.784608713013085
  17.035421195840680    0.008494900000000
  18.122470597054591    0.012350600000000
  19.254807305049955    0.018142800000000
  20.433355550577456    0.022140200000000
  21.659039564387733    0.021730800000000
  22.932783577231394    0.125413700000000
  24.255511819859098    2.131718400000000


# temperature   19.000000000000000
#    0.009765845282687   -0.772792473132752   22.847628763268936 -299.100949183809973 1462.869557799607037
  17.035421195840680    0.010013700000000
  18.122470597054591    0.014535900000000
  19.254807305049955    0.021297100000000
  20.433355550577456    0.025977100000000
  21.659039564387733    0.025597200000000
  22.932783577231394    0.144333900000000
  24.255511819859098    2.316444300000000


# temperature   20.000000000000000
#    0.010453487201706   -0.827031312977321   24.446311022426443 -319.968900180360492 1564.652138528171463
  17.035421195840680    0.011706700000000
  18.122470597054591    0.016967600000000
  19.254807305049955    0.024797800000000
  20.433355550577456    0.030239100000000
  21.659039564387733    0.029924600000000
  22.932783577231394    0.165397400000000
  24.255511819859098    2.503127800000000


# temperature   21.000000000000000
#    0.011123531586572   -0.879834342944299   26.001343179425966 -340.250615067956403 1663.499288234781943
  17.035421195840680    0.013584300000000
  18.122470597054591    0.019660100000000
  19.254807305049955    0.028665000000000
  20.433355550577456    0.034953400000000
  21.659039564387733    0.034751700000000
  22.932783577231394    0.188802400000000
  24.255511819859098    2.691399300000000


# temperature   22.000000000000000
#    0.011772185245211   -0.930897101967854   27.503605618009711 -359.825262311248935 1758.813427267469933
  17.035421195840680    0.015657100000000
  18.122470597054591    0.022628400000000
  19.254807305049955    0.032920000000000
  20.433355550577456    0.040149300000000
  21.659039564387733    0.040120900000000
  22.932783577231394    0.214752900000000
  24.255511819859098    2.880946000000000


# temperature   23.000000000000000
#    0.012395909658709   -0.979935456458265   28.944584774948531 -378.580008784957556 1850.036399513551714
  17.035421195840680    0.017936200000000
  18.122470597054591    0.025888100000000
  19.254807305049955    0.037585300000000
  20.433355550577456    0.045858300000000
  21.659039564387733    0.046079300000000
  22.932783577231394    0.243455100000000
  24.255511819859098    3.071505300000000


# temperature   24.000000000000000
#    0.012991444532425   -1.026687547111045   30.316432918398128 -396.410828432777350 1936.653541182023673
  17.035421195840680    0.020432900000000
  18.122470597054591    0.029455500000000
  19.254807305049955    0.042684700000000
  20.433355550577456    0.052114300000000
  21.659039564387733    0.052678500000000
  22.932783577231394    0.275113200000000
  24.255511819859098    3.262859000000000


# temperature   25.000000000000000
#    0.013555824002058   -1.070915154233015   31.612010786403868 -413.223087965622597 2018.196669942284871
  17.035421195840680    0.023159100000000
  18.122470597054591    0.033347900000000
  19.254807305049955    0.048244000000000
  20.433355550577456    0.058954100000000
  21.659039564387733    0.059974900000000
  22.932783577231394    0.309926300000000
  24.255511819859098    3.454827500000000


# temperature   26.000000000000000
#    0.014086399613653   -1.112405606393407   32.824946543738342 -428.932350012985637 2094.248157676518076
  17.035421195840680    0.026126900000000
  18.122470597054591    0.037583300000000
  19.254807305049955    0.054290300000000
  20.433355550577456    0.066417100000000
  21.659039564387733    0.068029500000000
  22.932783577231394    0.348084600000000
  24.255511819859098    3.647265100000000


# temperature   27.000000000000000
#    0.014580840463824   -1.150971821924584   33.949637780056698 -443.464407940367323 2164.441137784858256
  17.035421195840680    0.029349300000000
  18.122470597054591    0.042181000000000
  19.254807305049955    0.060853000000000
  20.433355550577456    0.074545400000000
  21.659039564387733    0.076908000000000
  22.932783577231394    0.389767200000000
  24.255511819859098    3.840054700000000


# temperature   28.000000000000000
#    0.015037156711104   -1.186454252481292   34.981311288212687 -456.756096911400903 2228.463602005892881
  17.035421195840680    0.032839700000000
  18.122470597054591    0.047161300000000
  19.254807305049955    0.067963100000000
  20.433355550577456    0.083384200000000
  21.659039564387733    0.086680400000000
  22.932783577231394    0.435139200000000
  24.255511819859098    4.033104300000000


# temperature   29.000000000000000
#    0.015453678251333   -1.218719148517592   35.915970315197441 -468.754583400492720 2286.054825812420859
  17.035421195840680    0.036611900000000
  18.122470597054591    0.052545800000000
  19.254807305049955    0.075653900000000
  20.433355550577456    0.092981000000000
  21.659039564387733    0.097420500000000
  22.932783577231394    0.484350600000000
  24.255511819859098    4.226342700000000


# temperature   30.000000000000000
#    0.015829070442624   -1.247659893965704   36.750436716334860 -479.417952691461323 2337.008418186987910
  17.035421195840680    0.040680900000000
  18.122470597054591    0.058357300000000
  19.254807305049955    0.083960300000000
  20.433355550577456    0.103386100000000
  21.659039564387733    0.109205500000000
  22.932783577231394    0.537534700000000
  24.255511819859098    4.419716500000000


# temperature   31.000000000000000
#    0.016162312646249   -1.273195244607817   37.482296872846092 -488.714473222544768 2381.168581783726950
  17.035421195840680    0.045062100000000
  18.122470597054591    0.064620000000000
  19.254807305049955    0.092919300000000
  20.433355550577456    0.114652100000000
  21.659039564387733    0.122115600000000
  22.932783577231394    0.594807400000000
  24.255511819859098    4.613186800000000


# temperature   32.000000000000000
#    0.016452686403673   -1.295268400691887   38.109874610584441 -496.622247797042462 2418.428441561447471
  17.035421195840680    0.049771700000000
  18.122470597054591    0.071359100000000
  19.254807305049955    0.102569500000000
  20.433355550577456    0.126833600000000
  21.659039564387733    0.136233200000000
  22.932783577231394    0.656267300000000
  24.255511819859098    4.806726800000000


# temperature   33.000000000000000
#    0.016699758045431   -1.313845567621486   38.632186718816527 -503.128605539942043 2448.726944140782507
  17.035421195840680    0.054826600000000
  18.122470597054591    0.078601400000000
  19.254807305049955    0.112951200000000
  20.433355550577456    0.139986700000000
  21.659039564387733    0.151642000000000
  22.932783577231394    0.721994900000000
  24.255511819859098    5.000319600000000


# temperature   34.000000000000000
#    0.016903364568482   -1.328914867931441   39.048911782492446 -508.229708420687700 2472.047010447184221
  17.035421195840680    0.060244700000000
  18.122470597054591    0.086374600000000
  19.254807305049955    0.124106100000000
  20.433355550577456    0.154169300000000
  21.659039564387733    0.168427000000000
  22.932783577231394    0.792053900000000
  24.255511819859098    5.193955900000000


# temperature   35.000000000000000
#    0.017063584534683   -1.340483934431355   39.360315947217018 -511.929539490012246 2488.410394837389504
  17.035421195840680    0.066044500000000
  18.122470597054591    0.094707700000000
  19.254807305049955    0.136077000000000
  20.433355550577456    0.169440000000000
  21.659039564387733    0.186673200000000
  22.932783577231394    0.866491100000000
  24.255511819859098    5.387632700000000


# temperature   36.000000000000000
#    0.017180728385293   -1.348579151304539   39.567230743112368 -514.239616379803010 2497.876303936079694
  17.035421195840680    0.072245200000000
  18.122470597054591    0.103630500000000
  19.254807305049955    0.148908000000000
  20.433355550577456    0.185858400000000
  21.659039564387733    0.206465300000000
  22.932783577231394    0.945337200000000
  24.255511819859098    5.581351600000000


# temperature   37.000000000000000
#    0.017255301781504   -1.353242671448747   39.670962627852646 -515.177779396999199 2500.535344349377738
  17.035421195840680    0.078866800000000
  18.122470597054591    0.113174000000000
  19.254807305049955    0.162643600000000
  20.433355550577456    0.203484300000000
  21.659039564387733    0.227887000000000
  22.932783577231394    1.028608000000000
  24.255511819859098    5.775117600000000


# temperature   38.000000000000000
#    0.017287994287937   -1.354531499032014   39.673265232941787 -514.767820172433517 2496.507667771415527
  17.035421195840680    0.085929800000000
  18.122470597054591    0.123369500000000
  19.254807305049955    0.177329100000000
  20.433355550577456    0.222377300000000
  21.659039564387733    0.251020200000000
  22.932783577231394    1.116305100000000
  24.255511819859098    5.968938200000000


# temperature   39.000000000000000
#    0.017279652937963   -1.352515341698388   39.576274290192224 -513.038610326927142 2485.938620486185755
  17.035421195840680    0.093455400000000
  18.122470597054591    0.134249400000000
  19.254807305049955    0.193010000000000
  20.433355550577456    0.242596900000000
  21.659039564387733    0.275944900000000
  22.932783577231394    1.208417000000000
  24.255511819859098    6.162822500000000


# temperature   40.000000000000000
#    0.017231262926850   -1.347275052262157   39.382460770827166 -510.023479155956409 2468.995663089954178
  17.035421195840680    0.101465400000000
  18.122470597054591    0.145846300000000
  19.254807305049955    0.209731800000000
  20.433355550577456    0.264201700000000
  21.659039564387733    0.302738300000000
  22.932783577231394    1.304920200000000
  24.255511819859098    6.356780400000000


# temperature   41.000000000000000
#    0.017143923251512   -1.338900632571258   39.094569875809086 -505.759389272853753 2445.864215369820613
  17.035421195840680    0.109981900000000
  18.122470597054591    0.158193200000000
  19.254807305049955    0.227540000000000
  20.433355550577456    0.287249200000000
  21.659039564387733    0.331474500000000
  22.932783577231394    1.405780400000000
  24.255511819859098    6.550822300000000


# temperature   42.000000000000000
#    0.017018836828769   -1.327490446445744   38.715597689827796 -500.286630960366153 2416.746165866420597
  17.035421195840680    0.119027400000000
  18.122470597054591    0.171323400000000
  19.254807305049955    0.246479500000000
  20.433355550577456    0.311795800000000
  21.659039564387733    0.362224100000000
  22.932783577231394    1.510953000000000
  24.255511819859098    6.744958300000000


# temperature   43.000000000000000
#    0.016857281840534   -1.313148891299607   38.248720660294147 -493.647878446678988 2381.855162794930493
  17.035421195840680    0.128624700000000
  18.122470597054591    0.185270100000000
  19.254807305049955    0.266594700000000
  20.433355550577456    0.337896100000000
  21.659039564387733    0.395054000000000
  22.932783577231394    1.620385000000000
  24.255511819859098    6.939198100000000


# temperature   44.000000000000000
#    0.016660604502804   -1.295985806198656   37.697277545858732 -485.887946875365685 2341.415395111585440
  17.035421195840680    0.138796900000000
  18.122470597054591    0.200066400000000
  19.254807305049955    0.287929200000000
  20.433355550577456    0.365602800000000
  21.659039564387733    0.430026900000000
  22.932783577231394    1.734015300000000
  24.255511819859098    7.133550900000000


# temperature   45.000000000000000
#    0.016430200584389   -1.276114973435406   37.064724083524538 -477.053185681400009 2295.658562539887498
  17.035421195840680    0.149567100000000
  18.122470597054591    0.215745300000000
  19.254807305049955    0.310525700000000
  20.433355550577456    0.394966700000000
  21.659039564387733    0.467201300000000
  22.932783577231394    1.851775700000000
  24.255511819859098    7.328024600000000


# temperature   46.000000000000000
#    0.016167497820441   -1.253652689136060   36.354589733774482 -467.190900913030816 2244.821001844003604
  17.035421195840680    0.160958400000000
  18.122470597054591    0.232339400000000
  19.254807305049955    0.334425500000000
  20.433355550577456    0.426036200000000
  21.659039564387733    0.506631000000000
  22.932783577231394    1.973592200000000
  24.255511819859098    7.522626300000000


# temperature   47.000000000000000
#    0.015873953289758   -1.228717570051389   35.570472422034683 -456.349292625260375 2189.143412206599805
  17.035421195840680    0.172994100000000
  18.122470597054591    0.249880700000000
  19.254807305049955    0.359668800000000
  20.433355550577456    0.458857400000000
  21.659039564387733    0.548365500000000
  22.932783577231394    2.099385500000000
  24.255511819859098    7.717361800000000


# temperature   48.000000000000000
#    0.015551032050941   -1.201428787787649   34.715984127291840 -444.576713974718416 2128.867093137398570
  17.035421195840680    0.185697100000000
  18.122470597054591    0.268400700000000
  19.254807305049955    0.386294400000000
  20.433355550577456    0.493473700000000
  21.659039564387733    0.592449400000000
  22.932783577231394    2.229071900000000
  24.255511819859098    7.912235900000000


# temperature   49.000000000000000
#    0.015200202186854   -1.171905693751412   33.794740379264503 -431.921542377679771 2064.233361122952829
  17.035421195840680    0.199090300000000
  18.122470597054591    0.287930300000000
  19.254807305049955    0.414339600000000
  20.433355550577456    0.529925800000000
  21.659039564387733    0.638922800000000
  22.932783577231394    2.362563900000000
  24.255511819859098    8.107251900000000


# temperature   50.000000000000000
#    0.014822925917498   -1.140267090753225   32.810338014436510 -418.431879394760131 1995.482039253048697
  17.035421195840680    0.213196100000000
  18.122470597054591    0.308499400000000
  19.254807305049955    0.443839800000000
  20.433355550577456    0.568251700000000
  21.659039564387733    0.687820800000000
  22.932783577231394    2.499771100000000
  24.255511819859098    8.302412100000000


# temperature   51.000000000000000
#    0.014420655111355   -1.106630878870884   31.766344769670553 -404.155415783347507 1922.850806100185082
  17.035421195840680    0.228036900000000
  18.122470597054591    0.330137300000000
  19.254807305049955    0.474828800000000
  20.433355550577456    0.608486600000000
  21.659039564387733    0.739174200000000
  22.932783577231394    2.640600400000000
  24.255511819859098    8.497717500000000


# temperature   52.000000000000000
#    0.013994815429329   -1.071112750898892   30.666259261712032 -389.138888798526068 1846.572449950346709
  17.035421195840680    0.243634400000000
  18.122470597054591    0.352872100000000
  19.254807305049955    0.507338800000000
  20.433355550577456    0.650662500000000
  21.659039564387733    0.793008900000000
  22.932783577231394    2.784957100000000
  24.255511819859098    8.693168099999999


# temperature   53.000000000000000
#    0.013546809935385   -1.033826511867980   29.513521476475852 -373.428233665815583 1766.875681220046772
  17.035421195840680    0.260010000000000
  18.122470597054591    0.376731200000000
  19.254807305049955    0.541399700000000
  20.433355550577456    0.694809000000000
  21.659039564387733    0.849346300000000
  22.932783577231394    2.932745000000000
  24.255511819859098    8.888762600000000


# temperature   54.000000000000000
#    0.013078012240147   -0.994883512859628   28.311495343455114 -357.068346586217956 1683.983930051495236
  17.035421195840680    0.277184500000000
  18.122470597054591    0.401740500000000
  19.254807305049955    0.577040000000000
  20.433355550577456    0.740952100000000
  21.659039564387733    0.908203600000000
  22.932783577231394    3.083866800000000
  24.255511819859098    9.084498800000000


# temperature   55.000000000000000
#    0.012589760611101   -0.954392186350757   27.063455089721728 -340.102907874668517 1598.114492731490373
  17.035421195840680    0.295178300000000
  18.122470597054591    0.427925100000000
  19.254807305049955    0.614285800000000
  20.433355550577456    0.789115600000000
  21.659039564387733    0.969593600000000
  22.932783577231394    3.238225100000000
  24.255511819859098    9.280373600000001


# temperature   56.000000000000000
#    0.012083351642964   -0.912457508747751   25.772568227799340 -322.574144137514281 1509.477292803485170
  17.035421195840680    0.314011000000000
  18.122470597054591    0.455309000000000
  19.254807305049955    0.653161500000000
  20.433355550577456    0.839319700000000
  21.659039564387733    1.033524900000000
  22.932783577231394    3.395721800000000
  24.255511819859098    9.476382800000000


# temperature   57.000000000000000
#    0.011560046205878   -0.869181526569260   24.441912829476646 -304.523077570803423 1418.276215677259415
  17.035421195840680    0.333701700000000
  18.122470597054591    0.483914800000000
  19.254807305049955    0.693689500000000
  20.433355550577456    0.891582300000000
  21.659039564387733    1.100002400000000
  22.932783577231394    3.556259500000000
  24.255511819859098    9.672521600000000


# temperature   58.000000000000000
#    0.011021061470974   -0.824662684530424   23.074456445404714 -285.989234231044009 1324.707606284646545
  17.035421195840680    0.354268900000000
  18.122470597054591    0.513764000000000
  19.254807305049955    0.735890000000000
  20.433355550577456    0.945918100000000
  21.659039564387733    1.169026900000000
  22.932783577231394    3.719740800000000
  24.255511819859098    9.868784300000000


# temperature   59.000000000000000
#    0.010467568682969   -0.778995651354707   21.673050987753005 -267.010576842437786 1228.959935582347725
  17.035421195840680    0.375730200000000
  18.122470597054591    0.544876800000000
  19.254807305049955    0.779781600000000
  20.433355550577456    1.002339300000000
  21.659039564387733    1.240595700000000
  22.932783577231394    3.886069400000000
  24.255511819859098   10.065164599999999


# temperature   60.000000000000000
#    0.009900694925883   -0.732271480981311   20.240438209549023 -247.623586935881832 1131.214258350352793
  17.035421195840680    0.398102600000000
  18.122470597054591    0.577272200000000
  19.254807305049955    0.825380500000000
  20.433355550577456    1.060855200000000
  21.659039564387733    1.314702800000000
  22.932783577231394    4.055149700000000
  24.255511819859098   10.261655500000000


# temperature   61.000000000000000
#    0.009321521974756   -0.684577504334592   18.779245934474798 -227.863207260742143 1031.643887827011667
  17.035421195840680    0.421402500000000
  18.122470597054591    0.610968000000000
  19.254807305049955    0.872701400000000
  20.433355550577456    1.121472600000000
  21.659039564387733    1.391338800000000
  22.932783577231394    4.226887300000000
  24.255511819859098   10.458249600000000


# temperature   62.000000000000000
#    0.008731085114061   -0.635997252520274   17.291986323921140 -207.762826581772401  930.414359226114016
  17.035421195840680    0.445645400000000
  18.122470597054591    0.645980700000000
  19.254807305049955    0.921756700000000
  20.433355550577456    1.184195800000000
  21.659039564387733    1.470491300000000
  22.932783577231394    4.401189100000000
  24.255511819859098   10.654938899999999


# temperature   63.000000000000000
#    0.008130372603636   -0.586610406201314   15.781054111297300 -187.354252764073408  827.683278371026745
  17.035421195840680    0.470846000000000
  18.122470597054591    0.682325400000000
  19.254807305049955    0.972557200000000
  20.433355550577456    1.249026500000000
  21.659039564387733    1.552145000000000
  22.932783577231394    4.577963500000000
  24.255511819859098   10.851715000000000


# temperature   64.000000000000000
#    0.007520327154112   -0.536492924975327   14.248730811611662 -166.667773022875366  723.600641975819030
  17.035421195840680    0.497018300000000
  18.122470597054591    0.720016200000000
  19.254807305049955    1.025111700000000
  20.433355550577456    1.315964200000000
  21.659039564387733    1.636282100000000
  22.932783577231394    4.757120400000000
  24.255511819859098   11.048569100000000


# temperature   65.000000000000000
#    0.006901847729540   -0.485717193169200   12.697189134572993 -145.732213180005715  618.309135294878956
  17.035421195840680    0.524175600000000
  18.122470597054591    0.759065800000000
  19.254807305049955    1.079427100000000
  20.433355550577456    1.385006000000000
  21.659039564387733    1.722881900000000
  22.932783577231394    4.938571200000000
  24.255511819859098   11.245492100000000


# temperature   66.000000000000000
#    0.006275787600806   -0.434351873738813   11.128488885228746 -124.574886482502563  511.943891438712456
  17.035421195840680    0.552330400000000
  18.122470597054591    0.799485600000000
  19.254807305049955    1.135508900000000
  20.433355550577456    1.456147000000000
  21.659039564387733    1.811921900000000
  22.932783577231394    5.122229500000000
  24.255511819859098   11.442474700000000


# temperature   67.000000000000000
#    0.005642958023252   -0.382462194883376    9.544585297757735 -103.221700927581438  404.633008480697981
  17.035421195840680    0.581494400000000
  18.122470597054591    0.841285900000000
  19.254807305049955    1.193360500000000
  20.433355550577456    1.529380200000000
  21.659039564387733    1.903376900000000
  22.932783577231394    5.308010200000000
  24.255511819859098   11.639507200000001


# temperature   68.000000000000000
#    0.005004123378214   -0.330109563069051    7.947317523324749  -81.697007461923917  296.496800285501308
  17.035421195840680    0.611678400000000
  18.122470597054591    0.884475900000000
  19.254807305049955    1.252983900000000
  20.433355550577456    1.604696500000000
  21.659039564387733    1.997220300000000
  22.932783577231394    5.495830400000000
  24.255511819859098   11.836580000000000


# temperature   69.000000000000000
#    0.004360011432946   -0.277352414660366    6.338434998448263  -60.023960967481948  187.649640262270339
  17.035421195840680    0.642892600000000
  18.122470597054591    0.929063300000000
  19.254807305049955    1.314379400000000
  20.433355550577456    1.682085100000000
  21.659039564387733    2.093423300000000
  22.932783577231394    5.685609000000000
  24.255511819859098   12.033683000000000


# temperature   70.000000000000000
#    0.003711306666499   -0.224245653806638    4.719579802861968  -38.224275708213156   78.198698253404075
  17.035421195840680    0.675146500000000
  18.122470597054591    0.975055000000000
  19.254807305049955    1.377545700000000
  20.433355550577456    1.761533300000000
  21.659039564387733    2.191955600000000
  22.932783577231394    5.877266800000000
  24.255511819859098   12.230806299999999


# temperature   71.000000000000000
#    0.003058653955165   -0.170840967162661    3.092296626573269  -16.318364058257636  -31.755343413118656
  17.035421195840680    0.708448700000000
  18.122470597054591    1.022456600000000
  19.254807305049955    1.442480100000000
  20.433355550577456    1.843027000000000
  21.659039564387733    2.292785300000000
  22.932783577231394    6.070726800000000
  24.255511819859098   12.427939700000000


# temperature   72.000000000000000
#    0.002402663323971   -0.117187211409355    1.458044578169412    5.674504118744296 -142.117485771627372
  17.035421195840680    0.742807100000000
  18.122470597054591    1.071272500000000
  19.254807305049955    1.509178500000000
  20.433355550577456    1.926550200000000
  21.659039564387733    2.395879300000000
  22.932783577231394    6.265913600000000
  24.255511819859098   12.625072899999999


# temperature   73.000000000000000
#    0.001743907646799   -0.063330222084999   -0.181808744190619   27.736282831108223 -252.798830002560038
  17.035421195840680    0.778228900000000
  18.122470597054591    1.121506200000000
  19.254807305049955    1.577635300000000
  20.433355550577456    2.012085700000000
  21.659039564387733    2.501203200000000
  22.932783577231394    6.462754000000000
  24.255511819859098   12.822195900000001


# temperature   74.000000000000000
#    0.001082923262585   -0.009312872842399   -1.825985201197274   49.850119373193792 -363.716410841534469
  17.035421195840680    0.814720500000000
  18.122470597054591    1.173160000000000
  19.254807305049955    1.647843700000000
  20.433355550577456    2.099614800000000
  21.659039564387733    2.608721600000000
  22.932783577231394    6.661176800000000
  24.255511819859098   13.019298400000000


# temperature   75.000000000000000
#    0.000420216573217    0.044824388359006   -3.473279848798803   72.000136055158023 -474.792102550194443
  17.035421195840680    0.852287800000000
  18.122470597054591    1.226235300000000
  19.254807305049955    1.719795600000000
  20.433355550577456    2.189117600000000
  21.659039564387733    2.718398100000000
  22.932783577231394    6.861112500000000
  24.255511819859098   13.216370100000001


# temperature   76.000000000000000
#   -0.000243740534371    0.099043913781581   -5.122572381690881   94.171585076883204 -585.953402755322145
  17.035421195840680    0.890935800000000
  18.122470597054591    1.280732400000000
  19.254807305049955    1.793481700000000
  20.433355550577456    2.280573000000000
  21.659039564387733    2.830195500000000
  22.932783577231394    7.062493800000000
  24.255511819859098   13.413400899999999


# temperature   77.000000000000000
#   -0.000908509190277    0.153310732534890   -6.772823345340536  116.350797059577587 -697.133170845063546
  17.035421195840680    0.930668900000000
  18.122470597054591    1.336650800000000
  19.254807305049955    1.868891500000000
  20.433355550577456    2.373958800000000
  21.659039564387733    2.944075800000000
  22.932783577231394    7.265255300000000
  24.255511819859098   13.610380599999999


# temperature   78.000000000000000
#   -0.001573672320359    0.207591634713671   -8.423046279848592  138.524806908334028 -808.267755844398039
  17.035421195840680    0.971490700000000
  18.122470597054591    1.393988800000000
  19.254807305049955    1.946013700000000
  20.433355550577456    2.469251800000000
  21.659039564387733    3.060000500000000
  22.932783577231394    7.469333200000000
  24.255511819859098   13.807299199999999


# temperature   79.000000000000000
#   -0.002238847842112    0.261856238441092  -10.072339856432063  160.681780996666447 -919.299110804110342
  17.035421195840680    1.013404500000000
  18.122470597054591    1.452744200000000
  19.254807305049955    2.024835600000000
  20.433355550577456    2.566427900000000
  21.659039564387733    3.177930600000000
  22.932783577231394    7.674665900000000
  24.255511819859098   14.004146700000000


# temperature   80.000000000000000
#   -0.002903675743200    0.316075942840209  -11.719856293822277  182.810596926041768 -1030.172712297402086
  17.035421195840680    1.056412600000000
  18.122470597054591    1.512913500000000
  19.254807305049955    2.105343700000000
  20.433355550577456    2.665462100000000
  21.659039564387733    3.297826700000000
  22.932783577231394    7.881193500000000
  24.255511819859098   14.200913200000000


# temperature   81.000000000000000
#   -0.003567823401731    0.370224370791386  -13.364815090604910  204.901031516265817 -1140.838518015529189
  17.035421195840680    1.100516800000000
  18.122470597054591    1.574492600000000
  19.254807305049955    2.187523800000000
  20.433355550577456    2.766328700000000
  21.659039564387733    3.419648800000000
  22.932783577231394    8.088857800000000
  24.255511819859098   14.397588700000000


# temperature   82.000000000000000
#   -0.004230979037988    0.424276811193962  -15.006485304237724  226.943512062132839 -1251.249666124584337
  17.035421195840680    1.145718400000000
  18.122470597054591    1.637476600000000
  19.254807305049955    2.271360500000000
  20.433355550577456    2.869001200000000
  21.659039564387733    3.543357200000000
  22.932783577231394    8.297602400000001
  24.255511819859098   14.594163699999999


# temperature   83.000000000000000
#   -0.004892859323340    0.478210861380238  -16.644205802359899  248.929398664796992 -1361.363943214262463
  17.035421195840680    1.192018100000000
  18.122470597054591    1.701859800000000
  19.254807305049955    2.356837800000000
  20.433355550577456    2.973452600000000
  21.659039564387733    3.668911400000000
  22.932783577231394    8.507372900000000
  24.255511819859098   14.790628500000000


# temperature   84.000000000000000
#   -0.005553194065354    0.532005167273608  -18.277346626073431  270.850460777805154 -1471.141141140428999
  17.035421195840680    1.239415800000000
  18.122470597054591    1.767635700000000
  19.254807305049955    2.443939000000000
  20.433355550577456    3.079655300000000
  21.659039564387733    3.796271400000000
  22.932783577231394    8.718116100000000
  24.255511819859098   14.986973700000000


# temperature   85.000000000000000
#   -0.006211737614684    0.585640352712281  -19.905337189834196  292.699254840221101 -1580.544939562226091
  17.035421195840680    1.287911200000000
  18.122470597054591    1.834797200000000
  19.254807305049955    2.532646600000000
  20.433355550577456    3.187581300000000
  21.659039564387733    3.925396700000000
  22.932783577231394    8.929780700000000
  24.255511819859098   15.183189799999999


# temperature   86.000000000000000
#   -0.006868265967563    0.639098787500894  -21.527659379338267  314.469033942135638 -1689.542467973908060
  17.035421195840680    1.337503200000000
  18.122470597054591    1.903336400000000
  19.254807305049955    2.622942400000000
  20.433355550577456    3.297201900000000
  21.659039564387733    4.056247100000000
  22.932783577231394    9.142317200000001
  24.255511819859098   15.379267799999999


# temperature   87.000000000000000
#   -0.007522567438651    0.692363823313955  -23.143824241535210  336.153433831012876 -1798.102728967350458
  17.035421195840680    1.388190300000000
  18.122470597054591    1.973244900000000
  19.254807305049955    2.714807700000000
  20.433355550577456    3.408488300000000
  21.659039564387733    4.188782500000000
  22.932783577231394    9.355677200000001
  24.255511819859098   15.575198400000000


# temperature   88.000000000000000
#   -0.008174453403689    0.745420677700926  -24.753399081484663  357.746839696984523 -1906.198448757473670
  17.035421195840680    1.439970400000000
  18.122470597054591    2.044513600000000
  19.254807305049955    2.808223300000000
  20.433355550577456    3.521411300000000
  21.659039564387733    4.322962700000000
  22.932783577231394    9.569814300000001
  24.255511819859098   15.770972700000000


# temperature   89.000000000000000
#   -0.008823743203121    0.798255190729449  -26.355969283448623  379.243868104998853 -2013.803455569866856
  17.035421195840680    1.492841100000000
  18.122470597054591    2.117132800000000
  19.254807305049955    2.903169500000000
  20.433355550577456    3.635941500000000
  21.659039564387733    4.458747900000000
  22.932783577231394    9.784683200000000
  24.255511819859098   15.966582000000001


# temperature   90.000000000000000
#   -0.009470278015982    0.850854965056209  -27.951173258587097  400.639840657859565 -2120.895074884670976
  17.035421195840680    1.546799300000000
  18.122470597054591    2.191092300000000
  19.254807305049955    2.999625900000000
  20.433355550577456    3.752049100000000
  21.659039564387733    4.596098500000000
  22.932783577231394   10.000240200000000
  24.255511819859098   16.162017599999999


# temperature   91.000000000000000
#   -0.010113910867686    0.903208544633679  -29.538677276205828  421.930443145531228 -2227.452407904382653
  17.035421195840680    1.601841600000000
  18.122470597054591    2.266381300000000
  19.254807305049955    3.097571900000000
  20.433355550577456    3.869704300000000
  21.659039564387733    4.734975200000000
  22.932783577231394   10.216443099999999
  24.255511819859098   16.357270900000000


# temperature   92.000000000000000
#   -0.010754507802146    0.955305520157950  -31.118178960388384  443.111776277941715 -2333.456603717769667
  17.035421195840680    1.657964200000000
  18.122470597054591    2.342988600000000
  19.254807305049955    3.196986500000000
  20.433355550577456    3.988877100000000
  21.659039564387733    4.875339000000000
  22.932783577231394   10.433251000000000
  24.255511819859098   16.552333699999998


# temperature   93.000000000000000
#   -0.011391945099374    1.007136299263436  -32.689400241005700  464.180260503737259 -2438.890381945558602
  17.035421195840680    1.715162700000000
  18.122470597054591    2.420902400000000
  19.254807305049955    3.297848300000000
  20.433355550577456    4.109537500000000
  21.659039564387733    5.017151000000000
  22.932783577231394   10.650624100000000
  24.255511819859098   16.747197700000001


# temperature   94.000000000000000
#   -0.012026116500582    1.058692686898075  -34.252104712215740  485.132865138859984 -2543.739158833569491
  17.035421195840680    1.773432500000000
  18.122470597054591    2.500110700000000
  19.254807305049955    3.400135600000000
  20.433355550577456    4.231655400000000
  21.659039564387733    5.160373100000000
  22.932783577231394   10.868524300000001
  24.255511819859098   16.941854800000002


# temperature   95.000000000000000
#   -0.012656919352051    1.109966772623665  -35.806064338355149  505.966668378880570 -2647.988880469882133
  17.035421195840680    1.832768400000000
  18.122470597054591    2.580600800000000
  19.254807305049955    3.503826500000000
  20.433355550577456    4.355200700000000
  21.659039564387733    5.304967200000000
  22.932783577231394   11.086914300000000
  24.255511819859098   17.136297200000001


# temperature   96.000000000000000
#   -0.013284266241238    1.160951860821483  -37.351087164390812  526.679221910879505 -2751.627810695033986
  17.035421195840680    1.893165000000000
  18.122470597054591    2.662359700000000
  19.254807305049955    3.608898900000000
  20.433355550577456    4.480143300000000
  21.659039564387733    5.450895900000000
  22.932783577231394   11.305758400000000
  24.255511819859098   17.330517100000002


# temperature   97.000000000000000
#   -0.013908076282985    1.211641769977413  -38.886996307903026  547.268272561113690 -2854.645155740865903
  17.035421195840680    1.954616500000000
  18.122470597054591    2.745374100000000
  19.254807305049955    3.715330200000000
  20.433355550577456    4.606453200000000
  21.659039564387733    5.598122200000000
  22.932783577231394   11.525021799999999
  24.255511819859098   17.524506899999999


# temperature   98.000000000000000
#   -0.014528279927589    1.262031235907455  -40.413642588388988  567.731937327882747 -2957.031969500765626
  17.035421195840680    2.017116700000000
  18.122470597054591    2.829630400000000
  19.254807305049955    3.823098000000000
  20.433355550577456    4.734100500000000
  21.659039564387733    5.746609400000000
  22.932783577231394   11.744670899999999
  24.255511819859098   17.718259100000001


# temperature   99.000000000000000
#   -0.015144814473031    1.312115526915184  -41.930892212206444  588.068529218917547 -3058.780235732862366
  17.035421195840680    2.080659100000000
  18.122470597054591    2.915114500000000
  19.254807305049955    3.932179600000000
  20.433355550577456    4.863055400000000
  21.659039564387733    5.896321400000000
  22.932783577231394   11.964673400000001
  24.255511819859098   17.911766600000000


# temperature  100.000000000000000
#   -0.015757625184680    1.361890543169793  -43.438630072061265  608.276605631180132 -3159.883131559886806
  17.035421195840680    2.145237000000000
  18.122470597054591    3.001812300000000
  19.254807305049955    4.042552100000000
  20.433355550577456    4.993288300000000
  21.659039564387733    6.047222700000000
  22.932783577231394   12.184997800000000
  24.255511819859098   18.105022099999999


# temperature  101.000000000000000
#   -0.016366663192108    1.411352652751310  -44.936754986241581  628.354907425975966 -3260.334738258411107
  17.035421195840680    2.210843100000000
  18.122470597054591    3.089709000000000
  19.254807305049955    4.154192700000000
  20.433355550577456    5.124769600000000
  21.659039564387733    6.199278100000000
  22.932783577231394   12.405613700000000
  24.255511819859098   18.298018700000000


# temperature  102.000000000000000
#   -0.016971890363993    1.460499080225257  -46.425191229075949  648.302509790524823 -3360.130774806251793
  17.035421195840680    2.277470100000000
  18.122470597054591    3.178790000000000
  19.254807305049955    4.267078300000000
  20.433355550577456    5.257470100000000
  21.659039564387733    6.352453000000000
  22.932783577231394   12.626491900000000
  24.255511819859098   18.490749600000001


# temperature  103.000000000000000
#   -0.017573268904555    1.509327063072101  -47.903863051840737  668.118482510101103 -3459.266910771710172
  17.035421195840680    2.345110400000000
  18.122470597054591    3.269040300000000
  19.254807305049955    4.381186100000000
  20.433355550577456    5.391360700000000
  21.659039564387733    6.506713500000000
  22.932783577231394   12.847603800000000
  24.255511819859098   18.683208100000002


# temperature  104.000000000000000
#   -0.018170770637379    1.557834606363048  -49.372717537007397  687.802195618748669 -3557.740290030992583
  17.035421195840680    2.413755900000000
  18.122470597054591    3.360444500000000
  19.254807305049955    4.496492900000000
  20.433355550577456    5.526412600000000
  21.659039564387733    6.662025900000000
  22.932783577231394   13.068922100000000
  24.255511819859098   18.875387700000001


# temperature  105.000000000000000
#   -0.018764373822656    1.606020222304797  -50.831716657052034  707.353212361050737 -3655.548991694753568
  17.035421195840680    2.483398600000000
  18.122470597054591    3.452987300000000
  19.254807305049955    4.612975700000000
  20.433355550577456    5.662597100000000
  21.659039564387733    6.818357400000000
  22.932783577231394   13.290420299999999
  24.255511819859098   19.067281900000001


# temperature  106.000000000000000
#   -0.019354058746270    1.653882589286110  -52.280827494237663  726.771165938503145 -3752.691455238305934
  17.035421195840680    2.554030000000000
  18.122470597054591    3.546653100000000
  19.254807305049955    4.730611700000000
  20.433355550577456    5.799885900000000
  21.659039564387733    6.975675400000000
  22.932783577231394   13.512072699999999
  24.255511819859098   19.258884699999999


# temperature  107.000000000000000
#   -0.019939808357921    1.701420569567401  -53.720021712676228  746.055737838058462 -3849.166297766506432
  17.035421195840680    2.625641500000000
  18.122470597054591    3.641426100000000
  19.254807305049955    4.849377800000000
  20.433355550577456    5.938251000000000
  21.659039564387733    7.133948200000000
  22.932783577231394   13.733854400000000
  24.255511819859098   19.450189900000002


# temperature  108.000000000000000
#   -0.020521616761839    1.748633937178211  -55.149298791139728  765.206985003925865 -3944.974028989311591
  17.035421195840680    2.698224200000000
  18.122470597054591    3.737290500000000
  19.254807305049955    4.969251200000000
  20.433355550577456    6.077664600000000
  21.659039564387733    7.293144400000000
  22.932783577231394   13.955741600000000
  24.255511819859098   19.641191599999999


# temperature  109.000000000000000
#   -0.021099476538962    1.795522319206880  -56.568653056100175  784.224886201102436 -4040.114723873547518
  17.035421195840680    2.771769200000000
  18.122470597054591    3.834230300000000
  19.254807305049955    5.090209200000000
  20.433355550577456    6.218099200000000
  21.659039564387733    7.453233400000000
  22.932783577231394   14.177711100000000
  24.255511819859098   19.831883999999999


# temperature  110.000000000000000
#   -0.021673385560747    1.842085771339722  -57.978091800566176  803.109593958010009 -4134.589328272893908
  17.035421195840680    2.846267200000000
  18.122470597054591    3.932229500000000
  19.254807305049955    5.212228900000000
  20.433355550577456    6.359527700000000
  21.659039564387733    7.614184800000000
  22.932783577231394   14.399740400000001
  24.255511819859098   20.022261499999999


# temperature  111.000000000000000
#   -0.022243343518360    1.888324481379915  -59.377625865106282  821.861302698893269 -4228.398972376554411
  17.035421195840680    2.921708700000000
  18.122470597054591    4.031271800000000
  19.254807305049955    5.335287800000000
  20.433355550577456    6.501923300000000
  21.659039564387733    7.775969000000000
  22.932783577231394   14.621807900000000
  24.255511819859098   20.212318700000001


# temperature  112.000000000000000
#   -0.022809358332687    1.934239296801972  -60.767285816261499  840.480467739831738 -4321.546074260056230
  17.035421195840680    2.998084300000000
  18.122470597054591    4.131341100000000
  19.254807305049955    5.459363600000000
  20.433355550577456    6.645259400000000
  21.659039564387733    7.938557000000000
  22.932783577231394   14.843892800000001
  24.255511819859098   20.402050100000000


# temperature  113.000000000000000
#   -0.023371432184477    1.979830583399038  -62.147087172953022  858.967337167743949 -4414.031991148600355
  17.035421195840680    3.075384200000000
  18.122470597054591    4.232421000000000
  19.254807305049955    5.584433800000000
  20.433355550577456    6.789510000000000
  21.659039564387733    8.101920300000000
  22.932783577231394   15.065974799999999
  24.255511819859098   20.591450699999999


# temperature  114.000000000000000
#   -0.023929576397535    2.025099447009375  -63.517067817794029  877.322458178195802 -4505.859574275219529
  17.035421195840680    3.153598600000000
  18.122470597054591    4.334495200000000
  19.254807305049955    5.710476300000000
  20.433355550577456    6.934649200000000
  21.659039564387733    8.266030799999999
  22.932783577231394   15.288034300000000
  24.255511819859098   20.780515200000000


# temperature  115.000000000000000
#   -0.024483804750478    2.070047188438671  -64.877271421435495  895.546454270158279 -4597.032052330994702
  17.035421195840680    3.232717500000000
  18.122470597054591    4.437547500000000
  19.254807305049955    5.837469200000000
  20.433355550577456    7.080651500000000
  21.659039564387733    8.430861200000001
  22.932783577231394   15.510052500000000
  24.255511819859098   20.969238900000001


# temperature  116.000000000000000
#   -0.025034128432287    2.114674871197176  -66.227733667759338  913.639831736406904 -4687.552020332339453
  17.035421195840680    3.312730700000000
  18.122470597054591    4.541561300000000
  19.254807305049955    5.965390500000000
  20.433355550577456    7.227492000000000
  21.659039564387733    8.596384600000000
  22.932783577231394   15.732011200000001
  24.255511819859098   21.157616800000000


# temperature  117.000000000000000
#   -0.025580564664849    2.158984063762048  -67.568506002399886  931.603314318887215 -4777.423191755702646
  17.035421195840680    3.393628100000000
  18.122470597054591    4.646520400000000
  19.254807305049955    6.094218800000000
  20.433355550577456    7.375145800000000
  21.659039564387733    8.762574600000001
  22.932783577231394   15.953892700000001
  24.255511819859098   21.345644499999999


# temperature  118.000000000000000
#   -0.026123133697623    2.202976552221455  -68.899645623706405  949.437691992634996 -4866.649559925014728
  17.035421195840680    3.475399400000000
  18.122470597054591    4.752408500000000
  19.254807305049955    6.223932400000000
  20.433355550577456    7.523588600000000
  21.659039564387733    8.929405500000000
  22.932783577231394   16.175680100000001
  24.255511819859098   21.533317199999999


# temperature  119.000000000000000
#   -0.026661850688974    2.246653713442285  -70.221197489425123  967.143593369814653 -4955.234327511319862
  17.035421195840680    3.558034100000000
  18.122470597054591    4.859209000000000
  19.254807305049955    6.354510300000000
  20.433355550577456    7.672796400000000
  21.659039564387733    9.096851900000001
  22.932783577231394   16.397356899999998
  24.255511819859098   21.720630799999999


# temperature  120.000000000000000
#   -0.027196738984046    2.290017577567637  -71.533226012371770  984.721903438414756 -5043.181958759689223
  17.035421195840680    3.641521700000000
  18.122470597054591    4.966905900000000
  19.254807305049955    6.485931200000000
  20.433355550577456    7.822745700000000
  21.659039564387733    9.264889200000001
  22.932783577231394   16.618907199999999
  24.255511819859098   21.907580899999999


# temperature  121.000000000000000
#   -0.027727822362241    2.333070208184095  -72.835796582239226 1002.173520140623282 -5130.496984083942152
  17.035421195840680    3.725851600000000
  18.122470597054591    5.075482700000000
  19.254807305049955    6.618174600000000
  20.433355550577456    7.973413000000000
  21.659039564387733    9.433493000000000
  22.932783577231394   16.840315700000001
  24.255511819859098   22.094163300000002


# temperature  122.000000000000000
#   -0.028255120914775    2.375813349770460  -74.128964336363552 1019.499196536074805 -5217.183173963127956
  17.035421195840680    3.811013200000000
  18.122470597054591    5.184923300000000
  19.254807305049955    6.751219600000000
  20.433355550577456    8.124775700000001
  21.659039564387733    9.602639800000000
  22.932783577231394   17.061567600000000
  24.255511819859098   22.280374200000001


# temperature  123.000000000000000
#   -0.028778663018332    2.418249425700040  -75.412805187769791 1036.699967111343085 -5303.245722465635481
  17.035421195840680    3.896995900000000
  18.122470597054591    5.295211600000000
  19.254807305049955    6.885046000000000
  20.433355550577456    8.276811100000000
  21.659039564387733    9.772306300000000
  22.932783577231394   17.282648600000002
  24.255511819859098   22.466209500000001


# temperature  124.000000000000000
#   -0.029298471939455    2.460380434678745  -76.687381921698616 1053.776687618571714 -5388.688919905187504
  17.035421195840680    3.983788700000000
  18.122470597054591    5.406331300000000
  19.254807305049955    7.019633700000000
  20.433355550577456    8.429497200000000
  21.659039564387733    9.942469800000000
  22.932783577231394   17.503544999999999
  24.255511819859098   22.651665699999999


# temperature  125.000000000000000
#   -0.029814576143285    2.502208789953276  -77.952769655833507 1070.730376009290467 -5473.517851910302852
  17.035421195840680    4.071381000000000
  18.122470597054591    5.518266700000000
  19.254807305049955    7.154962700000000
  20.433355550577456    8.582812199999999
  21.659039564387733   10.113108199999999
  22.932783577231394   17.724243300000001
  24.255511819859098   22.836738900000000


# temperature  126.000000000000000
#   -0.030326999610660    2.543736532857112  -79.209032022449065 1087.561893875692704 -5557.736812965860736
  17.035421195840680    4.159761900000000
  18.122470597054591    5.631001600000000
  19.254807305049955    7.291013300000000
  20.433355550577456    8.736734800000001
  21.659039564387733   10.284199600000001
  22.932783577231394   17.944730700000001
  24.255511819859098   23.021425799999999


# temperature  127.000000000000000
#   -0.030835773744613    2.584966309403255  -80.456251060437779 1104.272350959847927 -5641.351347384890687
  17.035421195840680    4.248920600000000
  18.122470597054591    5.744520300000000
  19.254807305049955    7.427766300000000
  20.433355550577456    8.891243899999999
  21.659039564387733   10.455722900000000
  22.932783577231394   18.164994900000000
  24.255511819859098   23.205722999999999


# temperature  128.000000000000000
#   -0.031340926540381    2.625900477883579  -81.694499783755333 1120.862732433170322 -5724.366361295909883
  17.035421195840680    4.338846000000000
  18.122470597054591    5.858807000000000
  19.254807305049955    7.565202300000000
  20.433355550577456    9.046318899999999
  21.659039564387733   10.627657299999999
  22.932783577231394   18.385023799999999
  24.255511819859098   23.389627099999998


# temperature  129.000000000000000
#   -0.031842485730112    2.666541372107583  -82.923850377010680 1137.334011312387020 -5806.786695214999781
  17.035421195840680    4.429527400000000
  18.122470597054591    5.973846100000000
  19.254807305049955    7.703302600000000
  20.433355550577456    9.201939599999999
  21.659039564387733   10.799982500000000
  22.932783577231394   18.604805899999999
  24.255511819859098   23.573135099999998


# temperature  130.000000000000000
#   -0.032340482215339    2.706891577109241  -84.144382478679375 1153.687258866817501 -5888.617675720803163
  17.035421195840680    4.520953700000000
  18.122470597054591    6.089622000000000
  19.254807305049955    7.842048400000000
  20.433355550577456    9.358086000000000
  21.659039564387733   10.972678699999999
  22.932783577231394   18.824330000000000
  24.255511819859098   23.756243800000000


# temperature  131.000000000000000
#   -0.032834946304524    2.746953626415021  -85.356174078407335 1169.923523321884659 -5969.864510350335877
  17.035421195840680    4.613114100000000
  18.122470597054591    6.206119400000000
  19.254807305049955    7.981421400000000
  20.433355550577456    9.514738700000001
  21.659039564387733   11.145726600000000
  22.932783577231394   19.043585499999999
  24.255511819859098   23.938950400000000


# temperature  132.000000000000000
#   -0.033325906549203    2.786729904755624  -86.559298490466290 1186.043788325504238 -6050.532075815142889
  17.035421195840680    4.705997700000000
  18.122470597054591    6.323322900000000
  19.254807305049955    8.121403400000000
  20.433355550577456    9.671878500000000
  21.659039564387733   11.319107100000000
  22.932783577231394   19.262561900000001
  24.255511819859098   24.121251999999998


# temperature  133.000000000000000
#   -0.033813396936174    2.826223239431809  -87.753842502660063 1202.049219382808133 -6130.626167156271549
  17.035421195840680    4.799593400000000
  18.122470597054591    6.441217300000000
  19.254807305049955    8.261976499999999
  20.433355550577456    9.829486500000000
  21.659039564387733   11.492801699999999
  22.932783577231394   19.481249300000002
  24.255511819859098   24.303145799999999


# temperature  134.000000000000000
#   -0.034297444757468    2.865435904965173  -88.939875891362448 1217.940750766900237 -6210.151407688856125
  17.035421195840680    4.893890500000000
  18.122470597054591    6.559787700000000
  19.254807305049955    8.403123200000000
  20.433355550577456    9.987544400000001
  21.659039564387733   11.666792500000000
  22.932783577231394   19.699638000000000
  24.255511819859098   24.484629399999999


# temperature  135.000000000000000
#   -0.034778084269939    2.904370739511270  -90.117485466337541 1233.719544666207867 -6289.113560403381598
  17.035421195840680    4.988878000000000
  18.122470597054591    6.679019100000000
  19.254807305049955    8.544826000000000
  20.433355550577456   10.146034000000000
  21.659039564387733   11.841061699999999
  22.932783577231394   19.917718799999999
  24.255511819859098   24.665700099999999


# temperature  136.000000000000000
#   -0.035255343826796    2.943030099133625  -91.286743391237593 1249.386567147762435 -6367.517411496732166
  17.035421195840680    5.084544900000000
  18.122470597054591    6.798896700000000
  19.254807305049955    8.687067900000001
  20.433355550577456   10.304937700000000
  21.659039564387733   12.015592200000000
  22.932783577231394   20.135482700000001
  24.255511819859098   24.846355599999999


# temperature  137.000000000000000
#   -0.035729255344853    2.981416625103543  -92.447730320508924 1264.942895676104854 -6445.368290282260205
  17.035421195840680    5.180880600000000
  18.122470597054591    6.919405900000000
  19.254807305049955    8.829832000000000
  20.433355550577456   10.464237900000001
  21.659039564387733   12.190367000000000
  22.932783577231394   20.352920999999998
  24.255511819859098   25.026593600000002


# temperature  138.000000000000000
#   -0.036199851360525    3.019533002127051  -93.600528067795267 1280.389621990660544 -6522.671595686942965
  17.035421195840680    5.277874200000000
  18.122470597054591    7.040532200000000
  19.254807305049955    8.973101700000001
  20.433355550577456   10.623917700000000
  21.659039564387733   12.365369800000000
  22.932783577231394   20.570025600000001
  24.255511819859098   25.206411800000001


# temperature  139.000000000000000
#   -0.036667162217046    3.057381744193601  -94.745213522907719 1295.727775523301716 -6599.432434848488811
  17.035421195840680    5.375514800000000
  18.122470597054591    7.162261300000000
  19.254807305049955    9.116860800000000
  20.433355550577456   10.783960400000000
  21.659039564387733   12.540584600000001
  22.932783577231394   20.786788399999999
  24.255511819859098   25.385808200000000


# temperature  140.000000000000000
#   -0.037131219147825    3.094965427628425  -95.881865154426450 1310.958402611674273 -6675.655977645880739
  17.035421195840680    5.473791800000000
  18.122470597054591    7.284579000000000
  19.254807305049955    9.261093199999999
  20.433355550577456   10.944349500000000
  21.659039564387733   12.715995599999999
  22.932783577231394   21.003201600000001
  24.255511819859098   25.564780700000000


# temperature  141.000000000000000
#   -0.037592053700772    3.132286647980453  -97.010561853750957 1326.082553685775792 -6751.347409726120532
  17.035421195840680    5.572694400000000
  18.122470597054591    7.407471100000000
  19.254807305049955    9.405783100000001
  20.433355550577456   11.105069000000000
  21.659039564387733   12.891587599999999
  22.932783577231394   21.219258000000000
  24.255511819859098   25.743327399999998


# temperature  142.000000000000000
#   -0.038049698544464    3.169348095052062  -98.131385480141091 1341.101320600872441 -6826.512132491892771
  17.035421195840680    5.672212000000000
  18.122470597054591    7.530923900000000
  19.254807305049955    9.550914900000000
  20.433355550577456   11.266103200000000
  21.659039564387733   13.067345800000000
  22.932783577231394   21.434950499999999
  24.255511819859098   25.921446499999998


# temperature  143.000000000000000
#   -0.038504181575283    3.206152069473083  -99.244406081187037 1356.015637099571222 -6901.154759604905848
  17.035421195840680    5.772334000000000
  18.122470597054591    7.654923600000000
  19.254807305049955    9.696473400000000
  20.433355550577456   11.427436699999999
  21.659039564387733   13.243255500000000
  22.932783577231394   21.650272000000001
  24.255511819859098   26.099136200000000


# temperature  144.000000000000000
#   -0.038955536281631    3.242701322127357 -100.349707237564104 1370.826616990671255 -6975.280799855486293
  17.035421195840680    5.873049800000000
  18.122470597054591    7.779456600000000
  19.254807305049955    9.842443599999999
  20.433355550577456   11.589054500000000
  21.659039564387733   13.419302500000001
  22.932783577231394   21.865216199999999
  24.255511819859098   26.276394900000000


# temperature  145.000000000000000
#   -0.039403791473065    3.278998218635050 -101.447360706477980 1385.535213789784166 -7048.894951768785177
  17.035421195840680    5.974349000000000
  18.122470597054591    7.904509500000000
  19.254807305049955    9.988810700000000
  20.433355550577456   11.750941700000000
  21.659039564387733   13.595473100000000
  22.932783577231394   22.079776599999999
  24.255511819859098   26.453221100000000


# temperature  146.000000000000000
#   -0.039848979093426    3.315045376138626 -102.537445804216844 1400.142481922401657 -7122.002418841580038
  17.035421195840680    6.076221100000000
  18.122470597054591    8.030068999999999
  19.254807305049955   10.135560099999999
  20.433355550577456   11.913083900000000
  21.659039564387733   13.771753800000001
  22.932783577231394   22.293947200000002
  24.255511819859098   26.629613100000000


# temperature  147.000000000000000
#   -0.040291130433817    3.350845370905605 -103.620040994996302 1414.649469810225128 -7194.608402379607469
  17.035421195840680    6.178655700000000
  18.122470597054591    8.156122099999999
  19.254807305049955   10.282677700000001
  20.433355550577456   12.075467000000000
  21.659039564387733   13.948131300000000
  22.932783577231394   22.507722200000000
  24.255511819859098   26.805569700000000


# temperature  148.000000000000000
#   -0.040730273869928    3.386400522118465 -104.695216340787539 1429.057105219386358 -7266.717461092382109
  17.035421195840680    6.281642500000000
  18.122470597054591    8.282655699999999
  19.254807305049955   10.430149399999999
  20.433355550577456   12.238077000000001
  21.659039564387733   14.124592900000000
  22.932783577231394   22.721095900000002
  24.255511819859098   26.981089500000000


# temperature  149.000000000000000
#   -0.041166441040025    3.421713423031724 -105.763050504391842 1443.366435373181275 -7338.334772645504927
  17.035421195840680    6.385171400000000
  18.122470597054591    8.409657299999999
  19.254807305049955   10.577961400000000
  20.433355550577456   12.400900500000001
  21.659039564387733   14.301126099999999
  22.932783577231394   22.934062999999998
  24.255511819859098   27.156171300000000


# temperature  150.000000000000000
#   -0.041599659319409    3.456786315054058 -106.823611344882792 1457.578361287928146 -7409.464779139315397
  17.035421195840680    6.489232100000000
  18.122470597054591    8.537114000000001
  19.254807305049955   10.726100300000001
  20.433355550577456   12.563924200000001
  21.659039564387733   14.477718599999999
  22.932783577231394   23.146618300000000
  24.255511819859098   27.330813899999999


# temperature  151.000000000000000
#   -0.042029960482112    3.491621800399137 -107.876977761364586 1471.693933322573457 -7480.112675935746665
  17.035421195840680    6.593814500000000
  18.122470597054591    8.665013500000001
  19.254807305049955   10.874552700000001
  20.433355550577456   12.727135100000000
  21.659039564387733   14.654358500000001
  22.932783577231394   23.358756899999999
  24.255511819859098   27.505016300000001


# temperature  152.000000000000000
#   -0.042457375226232    3.526222385619956 -108.923225524615034 1485.714157150386427 -7550.283422521558350
  17.035421195840680    6.698908700000000
  18.122470597054591    8.793343600000000
  19.254807305049955   11.023305600000000
  20.433355550577456   12.890520499999999
  21.659039564387733   14.831034300000001
  22.932783577231394   23.570474099999998
  24.255511819859098   27.678777300000000


# temperature  153.000000000000000
#   -0.042881929566343    3.560590203105405 -109.962419286991206 1499.639892862817533 -7619.981269826815151
  17.035421195840680    6.804504600000000
  18.122470597054591    8.922092100000000
  19.254807305049955   11.172346299999999
  20.433355550577456   13.054067999999999
  21.659039564387733   15.007734700000000
  22.932783577231394   23.781765199999999
  24.255511819859098   27.852096100000001


# temperature  154.000000000000000
#   -0.043303653530656    3.594727700076329 -110.994632887286883 1513.472118743410419 -7689.211034408310297
  17.035421195840680    6.910592400000000
  18.122470597054591    9.051247000000000
  19.254807305049955   11.321662099999999
  20.433355550577456   13.217765500000001
  21.659039564387733   15.184448700000001
  22.932783577231394   23.992626099999999
  24.255511819859098   28.024971900000001


# temperature  155.000000000000000
#   -0.043722578221158    3.628637417701955 -112.019943242774900 1527.211857741499671 -7757.977774259271428
  17.035421195840680    7.017162400000000
  18.122470597054591    9.180796600000001
  19.254807305049955   11.471240699999999
  20.433355550577456   13.381601000000000
  21.659039564387733   15.361165500000000
  22.932783577231394   24.203052599999999
  24.255511819859098   28.197403699999999


# temperature  156.000000000000000
#   -0.044138728706950    3.662321405718096 -113.038412369293653 1540.859933534227366 -7826.285555799060603
  17.035421195840680    7.124204800000000
  18.122470597054591    9.310729300000000
  19.254807305049955   11.621070100000001
  20.433355550577456   13.545563000000000
  21.659039564387733   15.537874800000001
  22.932783577231394   24.413040599999999
  24.255511819859098   28.369390899999999


# temperature  157.000000000000000
#   -0.044552132472290    3.695781903075077 -114.050107787225357 1554.417240245378025 -7894.138779830027488
  17.035421195840680    7.231710100000000
  18.122470597054591    9.441033600000001
  19.254807305049955   11.771138300000000
  20.433355550577456   13.709640200000001
  21.659039564387733   15.714566300000000
  22.932783577231394   24.622586399999999
  24.255511819859098   28.540932900000001


# temperature  158.000000000000000
#   -0.044962822255307    3.729021587363176 -115.055110706975668 1567.884861261543847 -7961.542824658766222
  17.035421195840680    7.339668600000000
  18.122470597054591    9.571698300000000
  19.254807305049955   11.921433700000000
  20.433355550577456   13.873821299999999
  21.659039564387733   15.891230100000000
  22.932783577231394   24.831686399999999
  24.255511819859098   28.712029000000001


# temperature  159.000000000000000
#   -0.045370820603841    3.762042290861219 -116.053476203029533 1581.263523017903935 -8028.501251364288692
  17.035421195840680    7.448071000000000
  18.122470597054591    9.702712200000001
  19.254807305049955   12.071944999999999
  20.433355550577456   14.038095700000000
  21.659039564387733   16.067856599999999
  22.932783577231394   25.040337099999999
  24.255511819859098   28.882678599999998


# temperature  160.000000000000000
#   -0.045776157487424    3.794846458574262 -117.045278209344190 1594.554208481687056 -8095.018922338813354
  17.035421195840680    7.556907800000000
  18.122470597054591    9.834064300000000
  19.254807305049955   12.222660800000000
  20.433355550577456   14.202452600000001
  21.659039564387733   16.244436400000001
  22.932783577231394   25.248535300000000
  24.255511819859098   29.052881400000000


# temperature  161.000000000000000
#   -0.046178860061807    3.827436301407276 -118.030583422667462 1607.757802033526104 -8161.100200038739786
  17.035421195840680    7.666169900000000
  18.122470597054591    9.965743900000000
  19.254807305049955   12.373570200000000
  20.433355550577456   14.366881700000000
  21.659039564387733   16.420960399999998
  22.932783577231394   25.456277900000000
  24.255511819859098   29.222636900000001


# temperature  162.000000000000000
#   -0.046578952597931    3.859813802896085 -119.009451895260369 1620.875102790277651 -8226.749041769415271
  17.035421195840680    7.775848000000000
  18.122470597054591   10.097740399999999
  19.254807305049955   12.524662500000000
  20.433355550577456   14.531373000000000
  21.659039564387733   16.597419599999998
  22.932783577231394   25.663561699999999
  24.255511819859098   29.391944700000000


# temperature  163.000000000000000
#   -0.046976464417899    3.891981346418155 -119.981955448194313 1633.907062548830709 -8291.970141479050653
  17.035421195840680    7.885933100000000
  18.122470597054591   10.230043200000001
  19.254807305049955   12.675927099999999
  20.433355550577456   14.695916499999999
  21.659039564387733   16.773805299999999
  22.932783577231394   25.870384200000000
  24.255511819859098   29.560804600000001


# temperature  164.000000000000000
#   -0.047371420134538    3.923940934681903 -120.948154463688894 1646.854481649571426 -8356.767447219270252
  17.035421195840680    7.996416200000000
  18.122470597054591   10.362642100000000
  19.254807305049955   12.827353600000000
  20.433355550577456   14.860502500000001
  21.659039564387733   16.950109300000001
  22.932783577231394   26.076742500000002
  24.255511819859098   29.729216300000001


# temperature  165.000000000000000
#   -0.047763844153530    3.955694560108335 -121.908109226424557 1659.718162225493188 -8421.144932542107199
  17.035421195840680    8.107288300000000
  18.122470597054591   10.495526800000000
  19.254807305049955   12.978932000000000
  20.433355550577456   15.025121700000000
  21.659039564387733   17.126323100000000
  22.932783577231394   26.282634099999999
  24.255511819859098   29.897179699999999


# temperature  166.000000000000000
#   -0.048153766154571    3.987244637001235 -122.861892601529149 1672.499072135014103 -8485.107384426913995
  17.035421195840680    8.218540700000000
  18.122470597054591   10.628687599999999
  19.254807305049955   13.130652200000000
  20.433355550577456   15.189764800000001
  21.659039564387733   17.302438899999999
  22.932783577231394   26.488056600000000
  24.255511819859098   30.064694500000002


# temperature  167.000000000000000
#   -0.048541206518165    4.018592818751563 -123.809554245301086 1685.197866569849566 -8548.658020313916495
  17.035421195840680    8.330164600000000
  18.122470597054591   10.762114400000000
  19.254807305049955   13.282504400000001
  20.433355550577456   15.354422899999999
  21.659039564387733   17.478448900000000
  22.932783577231394   26.693007699999999
  24.255511819859098   30.231760800000000


# temperature  168.000000000000000
#   -0.048926194185711    4.049741464434836 -124.751165521301431 1697.815495959980353 -8611.801555054251367
  17.035421195840680    8.442151500000000
  18.122470597054591   10.895797600000000
  19.254807305049955   13.434479300000000
  20.433355550577456   15.519087100000000
  21.659039564387733   17.654345500000002
  22.932783577231394   26.897485400000001
  24.255511819859098   30.398378500000000


# temperature  169.000000000000000
#   -0.049308752426635    4.080692469554262 -125.686783682417968 1710.352721183192443 -8674.541755430242119
  17.035421195840680    8.554492700000001
  18.122470597054591   11.029727700000000
  19.254807305049955   13.586567400000000
  20.433355550577456   15.683748899999999
  21.659039564387733   17.830121299999998
  22.932783577231394   27.101487500000001
  24.255511819859098   30.564547600000001


# temperature  170.000000000000000
#   -0.049688903901136    4.111447671513448 -126.616463952181306 1722.810272249676700 -8736.882215016747068
  17.035421195840680    8.667179900000001
  18.122470597054591   11.163895300000000
  19.254807305049955   13.738759600000000
  20.433355550577456   15.848400000000000
  21.659039564387733   18.005769300000001
  22.932783577231394   27.305012200000000
  24.255511819859098   30.730268299999999


# temperature  171.000000000000000
#   -0.050066676914355    4.142009374845610 -127.540275986639514 1735.189076437190579 -8798.827533595227578
  17.035421195840680    8.780204700000001
  18.122470597054591   11.298291200000000
  19.254807305049955   13.891046899999999
  20.433355550577456   16.013031999999999
  21.659039564387733   18.181282499999998
  22.932783577231394   27.508057699999998
  24.255511819859098   30.895540499999999


# temperature  172.000000000000000
#   -0.050442091542918    4.172379207843920 -128.458268717223433 1747.489780327483913 -8860.380893072364415
  17.035421195840680    8.893559000000000
  18.122470597054591   11.432906400000000
  19.254807305049955   14.043420400000000
  20.433355550577456   16.177637199999999
  21.659039564387733   18.356654100000000
  22.932783577231394   27.710622300000001
  24.255511819859098   31.060364499999999


# temperature  173.000000000000000
#   -0.050815172404659    4.202559181704103 -129.370503136651053 1759.713198695486881 -8921.546351205359315
  17.035421195840680    9.007234400000000
  18.122470597054591   11.567731900000000
  19.254807305049955   14.195871700000000
  20.433355550577456   16.342207699999999
  21.659039564387733   18.531877500000000
  22.932783577231394   27.912704399999999
  24.255511819859098   31.224740600000001


# temperature  174.000000000000000
#   -0.051185946271754    4.232551464228594 -130.277044398577914 1771.860193851346594 -8982.328160175859011
  17.035421195840680    9.121223100000000
  18.122470597054591   11.702759000000000
  19.254807305049955   14.348392300000000
  20.433355550577456   16.506735800000001
  21.659039564387733   18.706946400000000
  22.932783577231394   28.114302700000000
  24.255511819859098   31.388668800000001


# temperature  175.000000000000000
#   -0.051554429252607    4.262357367569926 -131.177932092255276 1783.931291091226740 -9042.728918166063522
  17.035421195840680    9.235517000000000
  18.122470597054591   11.837979000000001
  19.254807305049955   14.500973999999999
  20.433355550577456   16.671214299999999
  21.659039564387733   18.881854600000000
  22.932783577231394   28.315415600000001
  24.255511819859098   31.552149700000001


# temperature  176.000000000000000
#   -0.051920650202881    4.291979235080866 -132.073236908110658 1795.927430173240282 -9102.753282326169938
  17.035421195840680    9.350108300000000
  18.122470597054591   11.973383500000001
  19.254807305049955   14.653608600000000
  20.433355550577456   16.835635900000000
  21.659039564387733   19.056595999999999
  22.932783577231394   28.516042100000000
  24.255511819859098   31.715183400000001


# temperature  177.000000000000000
#   -0.052284630108971    4.321418773233472 -132.963010330298431 1807.849295056292704 -9162.404639969989148
  17.035421195840680    9.464989299999999
  18.122470597054591   12.108964200000001
  19.254807305049955   14.806288300000000
  20.433355550577456   16.999993499999999
  21.659039564387733   19.231164799999998
  22.932783577231394   28.716180900000001
  24.255511819859098   31.877770300000002


# temperature  178.000000000000000
#   -0.052646388556399    4.350677575072362 -133.847300430804182 1819.697524552047298 -9221.686156864569057
  17.035421195840680    9.580152200000001
  18.122470597054591   12.244712800000000
  19.254807305049955   14.959005400000001
  20.433355550577456   17.164280300000001
  21.659039564387733   19.405555300000000
  22.932783577231394   28.915830900000000
  24.255511819859098   32.039910999999996


# temperature  179.000000000000000
#   -0.053005950134761    4.379757634980134 -134.726167282396091 1831.472915999384668 -9280.601779035685468
  17.035421195840680    9.695589500000001
  18.122470597054591   12.380621300000000
  19.254807305049955   15.111752200000000
  20.433355550577456   17.328489600000001
  21.659039564387733   19.579761900000001
  22.932783577231394   29.114991199999999
  24.255511819859098   32.201605700000002


# temperature  180.000000000000000
#   -0.053363335932142    4.408660668759758 -135.599662714630199 1843.176159269664140 -9339.154931652254163
  17.035421195840680    9.811293700000000
  18.122470597054591   12.516681800000001
  19.254807305049955   15.264521500000001
  20.433355550577456   17.492614900000000
  21.659039564387733   19.753779399999999
  22.932783577231394   29.313661000000000
  24.255511819859098   32.362855099999997


# temperature  181.000000000000000
#   -0.053718567082312    4.437388392383730 -136.467838439779086 1854.807940767045920 -9397.349011605921987
  17.035421195840680    9.927257500000000
  18.122470597054591   12.652886600000000
  19.254807305049955   15.417305799999999
  20.433355550577456   17.656649699999999
  21.659039564387733   19.927602499999999
  22.932783577231394   29.511839299999998
  24.255511819859098   32.523659700000003


# temperature  182.000000000000000
#   -0.054071665013943    4.465942545976844 -137.330746949825539 1866.368958588365786 -9455.187483328028975
  17.035421195840680   10.043473600000000
  18.122470597054591   12.789228000000000
  19.254807305049955   15.570098300000000
  20.433355550577456   17.820587900000000
  21.659039564387733   20.101226199999999
  22.932783577231394   29.709525500000002
  24.255511819859098   32.684019900000003


# temperature  183.000000000000000
#   -0.054422650391890    4.494324809123363 -138.188438927511299 1877.859886667700493 -9512.673689669940359
  17.035421195840680   10.159934700000001
  18.122470597054591   12.925698400000000
  19.254807305049955   15.722891900000000
  20.433355550577456   17.984423400000001
  21.659039564387733   20.274645499999998
  22.932783577231394   29.906718999999999
  24.255511819859098   32.843936499999998


# temperature  184.000000000000000
#   -0.054771545478518    4.522536992149633 -139.040969069099361 1889.281453639122901 -9569.811252070925548
  17.035421195840680   10.276633800000001
  18.122470597054591   13.062290700000000
  19.254807305049955   15.875679800000000
  20.433355550577456   18.148150399999999
  21.659039564387733   20.447855700000002
  22.932783577231394   30.103419200000001
  24.255511819859098   33.003410000000002


# temperature  185.000000000000000
#   -0.055118367749041    4.550580509752871 -139.888379885319182 1900.634222427011537 -9626.602952759852997
  17.035421195840680   10.393563800000001
  18.122470597054591   13.198997400000000
  19.254807305049955   16.028455500000000
  20.433355550577456   18.311763100000000
  21.659039564387733   20.620852299999999
  22.932783577231394   30.299625599999999
  24.255511819859098   33.162441100000002


# temperature  186.000000000000000
#   -0.055463139619922    4.578457186277837 -140.730726534995284 1911.918928236729926 -9683.052446921747105
  17.035421195840680   10.510718000000001
  18.122470597054591   13.335811600000000
  19.254807305049955   16.181212400000000
  20.433355550577456   18.475255900000001
  21.659039564387733   20.793630600000000
  22.932783577231394   30.495337800000001
  24.255511819859098   33.321030499999999


# temperature  187.000000000000000
#   -0.055805880810074    4.606168620286597 -141.568057168098335 1923.136210708418730 -9739.162907028388872
  17.035421195840680   10.628089400000000
  18.122470597054591   13.472726200000000
  19.254807305049955   16.333944200000001
  20.433355550577456   18.638623299999999
  21.659039564387733   20.966186499999999
  22.932783577231394   30.690555499999999
  24.255511819859098   33.479178900000001


# temperature  188.000000000000000
#   -0.056146612149334    4.633716509606506 -142.400423216856723 1934.286757045043942 -9794.937760156826698
  17.035421195840680   10.745671300000000
  18.122470597054591   13.609734500000000
  19.254807305049955   16.486644699999999
  20.433355550577456   18.801860099999999
  21.659039564387733   21.138515600000002
  22.932783577231394   30.885278400000001
  24.255511819859098   33.636887000000002


# temperature  189.000000000000000
#   -0.056485349618106    4.661102146215307 -143.227863447779157 1945.371079808790910 -9850.379535779244179
  17.035421195840680   10.863457199999999
  18.122470597054591   13.746829600000000
  19.254807305049955   16.639308000000000
  20.433355550577456   18.964961100000000
  21.659039564387733   21.310613900000000
  22.932783577231394   31.079506299999998
  24.255511819859098   33.794155699999997


# temperature  190.000000000000000
#   -0.056822114401137    4.688327249519195 -144.050429730003231 1956.389869249726644 -9905.491662849872228
  17.035421195840680   10.981440400000000
  18.122470597054591   13.884004900000001
  19.254807305049955   16.791927900000001
  20.433355550577456   19.127921199999999
  21.659039564387733   21.482477500000002
  22.932783577231394   31.273239100000001
  24.255511819859098   33.950985799999998


# temperature  191.000000000000000
#   -0.057156925805708    4.715393391023338 -144.868169609013535 1967.343759969219491 -9960.277303629378366
  17.035421195840680   11.099614600000001
  18.122470597054591   14.021254100000000
  19.254807305049955   16.944498800000002
  20.433355550577456   19.290735500000000
  21.659039564387733   21.654102600000002
  22.932783577231394   31.466476600000000
  24.255511819859098   34.107377999999997


# temperature  192.000000000000000
#   -0.057489802765577    4.742302108666787 -145.681129523145188 1978.233370724560245 -10014.739537505240150
  17.035421195840680   11.217973300000001
  18.122470597054591   14.158570700000000
  19.254807305049955   17.097015100000000
  20.433355550577456   19.453399399999999
  21.659039564387733   21.825485400000002
  22.932783577231394   31.659219000000000
  24.255511819859098   34.263333199999998


# temperature  193.000000000000000
#   -0.057820761922121    4.769054753945091 -146.489350235709509 1989.059243583574471 -10068.881055327212380
  17.035421195840680   11.336510300000000
  18.122470597054591   14.295948500000000
  19.254807305049955   17.249471100000001
  20.433355550577456   19.615908099999999
  21.659039564387733   21.996622299999999
  22.932783577231394   31.851466100000000
  24.255511819859098   34.418852399999999


# temperature  194.000000000000000
#   -0.058149824625053    4.795653060976790 -147.292884135508331 1999.822077171290175 -10122.705336287330283
  17.035421195840680   11.455219400000001
  18.122470597054591   14.433381400000000
  19.254807305049955   17.401861499999999
  20.433355550577456   19.778257100000001
  21.659039564387733   22.167509899999999
  22.932783577231394   32.043218199999998
  24.255511819859098   34.573936400000001


# temperature  195.000000000000000
#   -0.058477005536569    4.822098219186911 -148.091767066118905 2010.522347960399884 -10176.214746882074905
  17.035421195840680   11.574094499999999
  18.122470597054591   14.570863400000000
  19.254807305049955   17.554181000000000
  20.433355550577456   19.940442099999999
  21.659039564387733   22.338144900000000
  22.932783577231394   32.234475300000000
  24.255511819859098   34.728586200000002


# temperature  196.000000000000000
#   -0.058802326444335    4.848392000109120 -148.886052598728071 2021.160770929026285 -10229.412849549658858
  17.035421195840680   11.693129700000000
  18.122470597054591   14.708388599999999
  19.254807305049955   17.706424500000001
  20.433355550577456   20.102458700000000
  21.659039564387733   22.508523900000000
  22.932783577231394   32.425237799999998
  24.255511819859098   34.882802699999999


# temperature  197.000000000000000
#   -0.059125801197920    4.874535523719530 -149.675774386402935 2031.737792306141500 -10282.301856276621038
  17.035421195840680   11.812319000000000
  18.122470597054591   14.845951100000001
  19.254807305049955   17.858587000000000
  20.433355550577456   20.264302799999999
  21.659039564387733   22.678643900000001
  22.932783577231394   32.615505800000001
  24.255511819859098   35.036586800000002


# temperature  198.000000000000000
#   -0.059447449675911    4.900530410871736 -150.460981584105497 2042.254070136495784 -10334.885057028606752
  17.035421195840680   11.931656500000001
  18.122470597054591   14.983545400000001
  19.254807305049955   18.010663399999999
  20.433355550577456   20.425970400000001
  21.659039564387733   22.848501800000001
  22.932783577231394   32.805279700000000
  24.255511819859098   35.189939699999996


# temperature  199.000000000000000
#   -0.059767287667882    4.926377941678330 -151.241712782916352 2052.710118002089985 -10387.165006065382840
  17.035421195840680   12.051136600000000
  18.122470597054591   15.121165899999999
  19.254807305049955   18.162649200000001
  20.433355550577456   20.587457600000000
  21.659039564387733   23.018094699999999
  22.932783577231394   32.994559799999998
  24.255511819859098   35.342862199999999


# temperature  200.000000000000000
#   -0.060085331887907    4.952079471559740 -152.018008836673943 2063.106479237025269 -10439.144402329775403
  17.035421195840680   12.170753599999999
  18.122470597054591   15.258806999999999
  19.254807305049955   18.314539499999999
  20.433355550577456   20.748760399999998
  21.659039564387733   23.187419700000000
  22.932783577231394   33.183346499999999
  24.255511819859098   35.495355500000002


# temperature  201.000000000000000
#   -0.060401602428850    4.977636636943555 -152.789919348418323 2073.443817959782336 -10490.826567869953578
  17.035421195840680   12.290501900000001
  18.122470597054591   15.396463600000001
  19.254807305049955   18.466329699999999
  20.433355550577456   20.909875199999998
  21.659039564387733   23.356474100000000
  22.932783577231394   33.371640300000003
  24.255511819859098   35.647420500000003


# temperature  202.000000000000000
#   -0.060716112179788    5.003050482350211 -153.557475780466660 2083.722552544502378 -10542.213583297567311
  17.035421195840680   12.410375999999999
  18.122470597054591   15.534130299999999
  19.254807305049955   18.618015499999998
  20.433355550577456   21.070798499999999
  21.659039564387733   23.525255300000001
  22.932783577231394   33.559441700000001
  24.255511819859098   35.799058400000000


# temperature  203.000000000000000
#   -0.061028879437068    5.028322492708796 -154.320722962665940 2093.943280549710380 -10593.308424139870112
  17.035421195840680   12.530370500000000
  18.122470597054591   15.671801900000000
  19.254807305049955   18.769592500000002
  20.433355550577456   21.231526599999999
  21.659039564387733   23.693760800000000
  22.932783577231394   33.746751300000000
  24.255511819859098   35.950270300000000


# temperature  204.000000000000000
#   -0.061339920064903    5.053453964190827 -155.079700298332455 2104.106531039073161 -10644.113745448099507
  17.035421195840680   12.650480099999999
  18.122470597054591   15.809473499999999
  19.254807305049955   18.921056499999999
  20.433355550577456   21.392056199999999
  21.659039564387733   23.861987899999999
  22.932783577231394   33.933569499999997
  24.255511819859098   36.101057200000000


# temperature  205.000000000000000
#   -0.061649248189483    5.078446035614266 -155.834441923974936 2114.212755837623263 -10694.631783366910895
  17.035421195840680   12.770699499999999
  18.122470597054591   15.947140100000000
  19.254807305049955   19.072403200000000
  20.433355550577456   21.552384100000001
  21.659039564387733   24.029934500000000
  22.932783577231394   34.119897000000002
  24.255511819859098   36.251420299999999


# temperature  206.000000000000000
#   -0.061956884140409    5.103300361238260 -156.584997934785122 2124.262624904985842 -10744.865884385229947
  17.035421195840680   12.891023600000000
  18.122470597054591   16.084796799999999
  19.254807305049955   19.223628600000001
  20.433355550577456   21.712506800000000
  21.659039564387733   24.197598200000002
  22.932783577231394   34.305734600000001
  24.255511819859098   36.401360699999998


# temperature  207.000000000000000
#   -0.062262838003865    5.128017763791590 -157.331393297593763 2134.256473168262346 -10794.817731818871835
  17.035421195840680   13.011447199999999
  18.122470597054591   16.222438900000000
  19.254807305049955   19.374728900000001
  20.433355550577456   21.872421500000002
  21.659039564387733   24.364976800000001
  22.932783577231394   34.491082700000000
  24.255511819859098   36.550879500000001


# temperature  208.000000000000000
#   -0.062567129874912    5.152599874998291 -158.073677316181289 2144.194958504020178 -10844.490604100870769
  17.035421195840680   13.131965400000000
  18.122470597054591   16.360061800000000
  19.254807305049955   19.525700100000002
  20.433355550577456   22.032125000000001
  21.659039564387733   24.532068200000001
  22.932783577231394   34.675942300000003
  24.255511819859098   36.699978000000002


# temperature  209.000000000000000
#   -0.062869774425650    5.177047890101908 -158.811886222854696 2154.078566143152329 -10893.886930863964153
  17.035421195840680   13.252573300000000
  18.122470597054591   16.497660900000000
  19.254807305049955   19.676538600000001
  20.433355550577456   22.191614300000001
  21.659039564387733   24.698870299999999
  22.932783577231394   34.860314099999997
  24.255511819859098   36.848657400000000


# temperature  210.000000000000000
#   -0.063170782824026    5.201362706776269 -159.546046853900691 2163.907650591663241 -10943.008465621122014
  17.035421195840680   13.373265900000000
  18.122470597054591   16.635231600000001
  19.254807305049955   19.827240499999998
  20.433355550577456   22.350886800000001
  21.659039564387733   24.865381200000002
  22.932783577231394   35.044198799999997
  24.255511819859098   36.996918700000002


# temperature  211.000000000000000
#   -0.063470175934015    5.225546031742954 -160.276211193494220 2173.682911390610116 -10991.858724436953707
  17.035421195840680   13.494038600000000
  18.122470597054591   16.772769799999999
  19.254807305049955   19.977802499999999
  20.433355550577456   22.509939500000002
  21.659039564387733   25.031599100000001
  22.932783577231394   35.227597400000001
  24.255511819859098   37.144763300000001


# temperature  212.000000000000000
#   -0.063767962553283    5.249598575286216 -161.002400560680769 2183.404631299913945 -11040.439112767273400
  17.035421195840680   13.614886600000000
  18.122470597054591   16.910271000000002
  19.254807305049955   20.128221000000000
  20.433355550577456   22.668769900000001
  21.659039564387733   25.197521999999999
  22.932783577231394   35.410510500000001
  24.255511819859098   37.292192300000004


# temperature  213.000000000000000
#   -0.064064161964501    5.273521904941356 -161.724662407023999 2193.073445133648875 -11088.752804575893606
  17.035421195840680   13.735805200000000
  18.122470597054591   17.047730999999999
  19.254807305049955   20.278492600000000
  20.433355550577456   22.827375300000000
  21.659039564387733   25.363148299999999
  22.932783577231394   35.592939299999998
  24.255511819859098   37.439207000000003


# temperature  214.000000000000000
#   -0.064358785422108    5.297316934848980 -162.443024357200358 2202.689721762596037 -11136.801642819864355
  17.035421195840680   13.856790000000000
  18.122470597054591   17.185145800000001
  19.254807305049955   20.428614000000000
  20.433355550577456   22.985753299999999
  21.659039564387733   25.528476300000001
  22.932783577231394   35.774884499999999
  24.255511819859098   37.585808600000000


# temperature  215.000000000000000
#   -0.064651847415118    5.320984840828198 -163.157521926081131 2212.253935200191790 -11184.587993224253296
  17.035421195840680   13.977836500000000
  18.122470597054591   17.322511200000001
  19.254807305049955   20.578582000000001
  20.433355550577456   23.143901300000000
  21.659039564387733   25.693504399999998
  22.932783577231394   35.956347100000002
  24.255511819859098   37.731998400000002


# temperature  216.000000000000000
#   -0.064943364497699    5.344526975890659 -163.868196313863791 2221.766640219985675 -11232.114649419956550
  17.035421195840680   14.098940199999999
  18.122470597054591   17.459823499999999
  19.254807305049955   20.728393499999999
  20.433355550577456   23.301817100000001
  21.659039564387733   25.858231100000001
  22.932783577231394   36.137328099999998
  24.255511819859098   37.877777600000002


# temperature  217.000000000000000
#   -0.065233348211023    5.367944272968738 -164.575075570513718 2231.228209399595926 -11279.383462771185805
  17.035421195840680   14.220096800000000
  18.122470597054591   17.597078600000000
  19.254807305049955   20.878045400000001
  20.433355550577456   23.459498300000000
  21.659039564387733   26.022654899999999
  22.932783577231394   36.317828499999997
  24.255511819859098   38.023147600000001


# temperature  218.000000000000000
#   -0.065521813738368    5.391237972213709 -165.278197433013418 2240.639150542969674 -11326.396989112679876
  17.035421195840680   14.341302000000001
  18.122470597054591   17.734272900000001
  19.254807305049955   21.027534800000002
  20.433355550577456   23.616942800000000
  21.659039564387733   26.186774400000001
  22.932783577231394   36.497849299999999
  24.255511819859098   38.168109600000001


# temperature  219.000000000000000
#   -0.065808773289337    5.414409055655828 -165.977591287675153 2249.999852175569231 -11373.157149896671399
  17.035421195840680   14.462551700000001
  18.122470597054591   17.871402499999999
  19.254807305049955   21.176858700000000
  20.433355550577456   23.774148400000001
  21.659039564387733   26.350588299999998
  22.932783577231394   36.677391600000000
  24.255511819859098   38.312664800000000


# temperature  220.000000000000000
#   -0.066094243397088    5.437458880752723 -166.673298656438334 2259.310875851496348 -11419.666784350052694
  17.035421195840680   14.583841700000001
  18.122470597054591   18.008464000000000
  19.254807305049955   21.326014399999998
  20.433355550577456   23.931113000000000
  21.659039564387733   26.514095300000001
  22.932783577231394   36.856456500000000
  24.255511819859098   38.456814700000002


# temperature  221.000000000000000
#   -0.066378234190591    5.460388263393232 -167.365343998768054 2268.572545769786757 -11465.927501657060930
  17.035421195840680   14.705168000000000
  18.122470597054591   18.145453700000001
  19.254807305049955   21.474999100000002
  20.433355550577456   24.087834699999998
  21.659039564387733   26.677294100000001
  22.932783577231394   37.035044999999997
  24.255511819859098   38.600560399999999


# temperature  222.000000000000000
#   -0.066660757087844    5.483198131947737 -168.053755423857041 2277.785238356426817 -11511.941189136872708
  17.035421195840680   14.826526500000000
  18.122470597054591   18.282368099999999
  19.254807305049955   21.623810100000000
  20.433355550577456   24.244311600000000
  21.659039564387733   26.840183700000001
  22.932783577231394   37.213158200000002
  24.255511819859098   38.743903400000001


# temperature  223.000000000000000
#   -0.066941830063925    5.505889950003255 -168.738577324136401 2286.949548812289322 -11557.710829027590080
  17.035421195840680   14.947913399999999
  18.122470597054591   18.419203899999999
  19.254807305049955   21.772444799999999
  20.433355550577456   24.400541700000002
  21.659039564387733   27.002762900000000
  22.932783577231394   37.390797399999997
  24.255511819859098   38.886844900000000


# temperature  224.000000000000000
#   -0.067221462298694    5.528464466807717 -169.419832482166015 2296.065783786997599 -11603.237968665773224
  17.035421195840680   15.069324699999999
  18.122470597054591   18.555957700000000
  19.254807305049955   21.920900799999998
  20.433355550577456   24.556523299999998
  21.659039564387733   27.165030699999999
  22.932783577231394   37.567963599999999
  24.255511819859098   39.029386299999999


# temperature  225.000000000000000
#   -0.067499667035910    5.550922757499843 -170.097553389049125 2305.134377203125496 -11648.524774526358669
  17.035421195840680   15.190756800000001
  18.122470597054591   18.692626300000001
  19.254807305049955   22.069175500000000
  20.433355550577456   24.712254600000001
  21.659039564387733   27.326986000000002
  22.932783577231394   37.744658000000001
  24.255511819859098   39.171529000000000


# temperature  226.000000000000000
#   -0.067776458161170    5.573265953332442 -170.771774411022989 2314.155791221064646 -11693.573573715984821
  17.035421195840680   15.312205700000000
  18.122470597054591   18.829206500000002
  19.254807305049955   22.217266599999999
  20.433355550577456   24.867733999999999
  21.659039564387733   27.488627999999999
  22.932783577231394   37.920881799999997
  24.255511819859098   39.313274100000001


# temperature  227.000000000000000
#   -0.068051846600146    5.595494938311324 -171.442522155827419 2323.130379641083891 -11738.386125303646622
  17.035421195840680   15.433668000000001
  18.122470597054591   18.965695100000001
  19.254807305049955   22.365171700000001
  20.433355550577456   25.022959799999999
  21.659039564387733   27.649955700000000
  22.932783577231394   38.096636300000000
  24.255511819859098   39.454623200000000


# temperature  228.000000000000000
#   -0.068325845664951    5.617610802575109 -172.109829909302562 2332.058592316016075 -11782.964705093918383
  17.035421195840680   15.555139900000000
  18.122470597054591   19.102089200000002
  19.254807305049955   22.512888600000000
  20.433355550577456   25.177930600000000
  21.659039564387733   27.810968299999999
  22.932783577231394   38.271922699999998
  24.255511819859098   39.595577599999999


# temperature  229.000000000000000
#   -0.068598466996563    5.639614488153073 -172.773726055429563 2340.940807342366043 -11827.311197188089864
  17.035421195840680   15.676617999999999
  18.122470597054591   19.238385699999998
  19.254807305049955   22.660415100000002
  20.433355550577456   25.332644699999999
  21.659039564387733   27.971665000000002
  22.932783577231394   38.446742200000003
  24.255511819859098   39.736138599999997


# temperature  230.000000000000000
#   -0.068869723308011    5.661507034095504 -173.434242252178876 2349.777451603950794 -11871.427756207798666
  17.035421195840680   15.798098700000001
  18.122470597054591   19.374581800000001
  19.254807305049955   22.807749099999999
  20.433355550577456   25.487100800000000
  21.659039564387733   28.132045099999999
  22.932783577231394   38.621096100000003
  24.255511819859098   39.876307599999997


# temperature  231.000000000000000
#   -0.069139623891514    5.683289190633193 -174.091401046492763 2358.568824730440156 -11915.315872976232640
  17.035421195840680   15.919578700000001
  18.122470597054591   19.510674500000000
  19.254807305049955   22.954888499999999
  20.433355550577456   25.641297399999999
  21.659039564387733   28.292107900000001
  22.932783577231394   38.794985599999997
  24.255511819859098   40.016086000000001


# temperature  232.000000000000000
#   -0.069408185037203    5.704962294950825 -174.745243370673251 2367.315481189186812 -11958.978356744037228
  17.035421195840680   16.041054400000000
  18.122470597054591   19.646661200000000
  19.254807305049955   23.101831300000001
  20.433355550577456   25.795233300000000
  21.659039564387733   28.451852599999999
  22.932783577231394   38.968412100000002
  24.255511819859098   40.155475099999997


# temperature  233.000000000000000
#   -0.069675413314143    5.726526868223805 -175.395784590149503 2376.017621130969474 -12002.416184426840118
  17.035421195840680   16.162522800000001
  18.122470597054591   19.782539000000000
  19.254807305049955   23.248575599999999
  20.433355550577456   25.948907100000000
  21.659039564387733   28.611278800000001
  22.932783577231394   39.141376800000003
  24.255511819859098   40.294476299999999


# temperature  234.000000000000000
#   -0.069941322475294    5.747984036931600 -176.043059108431379 2384.675709580631519 -12045.631708169714329
  17.035421195840680   16.283980400000001
  18.122470597054591   19.918305300000000
  19.254807305049955   23.395119399999999
  20.433355550577456   26.102317700000000
  21.659039564387733   28.770385800000000
  22.932783577231394   39.313881100000003
  24.255511819859098   40.433090999999997


# temperature  235.000000000000000
#   -0.070205923529218    5.769334697684074 -176.687094130964141 2393.290111683446867 -12088.626761865423759
  17.035421195840680   16.405424100000001
  18.122470597054591   20.053957499999999
  19.254807305049955   23.541460900000001
  20.433355550577456   26.255463800000001
  21.659039564387733   28.929173100000000
  22.932783577231394   39.485926300000003
  24.255511819859098   40.571320700000001


# temperature  236.000000000000000
#   -0.070469229825487    5.790579934297684 -177.327922461906923 2401.861266806000458 -12131.403547367312058
  17.035421195840680   16.526850799999998
  18.122470597054591   20.189493100000000
  19.254807305049955   23.687598300000001
  20.433355550577456   26.408344300000000
  21.659039564387733   29.087640199999999
  22.932783577231394   39.657513799999997
  24.255511819859098   40.709166500000002


# temperature  237.000000000000000
#   -0.070731246555229    5.811720170829096 -177.965557005002665 2410.389348975621942 -12173.962946971989368
  17.035421195840680   16.648257399999999
  18.122470597054591   20.324909500000000
  19.254807305049955   23.833530000000000
  20.433355550577456   26.560958200000002
  21.659039564387733   29.245786700000000
  22.932783577231394   39.828644799999999
  24.255511819859098   40.846630099999999


# temperature  238.000000000000000
#   -0.070991992315593    5.832756923225870 -178.600043831411881 2418.874977535234393 -12216.308072748928680
  17.035421195840680   16.769640800000001
  18.122470597054591   20.460204399999999
  19.254807305049955   23.979254200000000
  20.433355550577456   26.713304300000001
  21.659039564387733   29.403612200000001
  22.932783577231394   39.999320900000001
  24.255511819859098   40.983712699999998


# temperature  239.000000000000000
#   -0.071251472710074    5.853690646516431 -179.231396709613534 2427.318337097749463 -12258.439854547901632
  17.035421195840680   16.890998100000001
  18.122470597054591   20.595375400000002
  19.254807305049955   24.124769300000001
  20.433355550577456   26.865381700000000
  21.659039564387733   29.561116299999998
  22.932783577231394   40.169543200000000
  24.255511819859098   41.120415700000002


# temperature  240.000000000000000
#   -0.071509699240000    5.874522275131219 -179.859643932948472 2435.719806725648141 -12300.360192919019028
  17.035421195840680   17.012326399999999
  18.122470597054591   20.730420100000000
  19.254807305049955   24.270073700000001
  20.433355550577456   27.017189500000001
  21.659039564387733   29.718298600000001
  22.932783577231394   40.339313300000001
  24.255511819859098   41.256740600000001


# temperature  241.000000000000000
#   -0.071766683391523    5.895252747465878 -180.484814092757063 2444.079772079906434 -12342.071035202832718
  17.035421195840680   17.133622800000001
  18.122470597054591   20.865336299999999
  19.254807305049955   24.415165999999999
  20.433355550577456   27.168726700000001
  21.659039564387733   29.875158899999999
  22.932783577231394   40.508632499999997
  24.255511819859098   41.392688700000001


# temperature  242.000000000000000
#   -0.072022435151126    5.915882878083399 -181.106931958093639 2452.398566580717670 -12383.574062132243853
  17.035421195840680   17.254884400000002
  18.122470597054591   21.000121799999999
  19.254807305049955   24.560044600000001
  20.433355550577456   27.319992500000001
  21.659039564387733   30.031696900000000
  22.932783577231394   40.677502199999999
  24.255511819859098   41.528261499999999


# temperature  243.000000000000000
#   -0.072276965864843    5.936413587260361 -181.726025353075642 2460.676562492639277 -12424.871137415393605
  17.035421195840680   17.376108599999998
  18.122470597054591   21.134774499999999
  19.254807305049955   24.704708100000001
  20.433355550577456   27.470986100000001
  21.659039564387733   30.187912399999998
  22.932783577231394   40.845923900000003
  24.255511819859098   41.663460299999997


# temperature  244.000000000000000
#   -0.072530284114917    5.956845578837571 -182.342115803053787 2468.914051390114764 -12465.963741175588439
  17.035421195840680   17.497292500000000
  18.122470597054591   21.269292100000001
  19.254807305049955   24.849155199999998
  20.433355550577456   27.621706600000000
  21.659039564387733   30.343805100000001
  22.932783577231394   41.013898900000001
  24.255511819859098   41.798286599999997


# temperature  245.000000000000000
#   -0.072782401485107    5.977179792859959 -182.955231752311590 2477.111414212129603 -12506.853782493037215
  17.035421195840680   17.618433599999999
  18.122470597054591   21.403672799999999
  19.254807305049955   24.993384500000001
  20.433355550577456   27.772153400000001
  21.659039564387733   30.499375000000001
  22.932783577231394   41.181428699999998
  24.255511819859098   41.932741700000001


# temperature  246.000000000000000
#   -0.073033327300476    5.997416989534351 -183.565396306671317 2485.268961887548812 -12547.542828442263271
  17.035421195840680   17.739529200000000
  18.122470597054591   21.537914399999998
  19.254807305049955   25.137394700000002
  20.433355550577456   27.922325699999998
  21.659039564387733   30.654621800000001
  22.932783577231394   41.348514700000003
  24.255511819859098   42.066827000000004


# temperature  247.000000000000000
#   -0.073283069781911    6.017557841381615 -184.172629983781690 2493.386971696250384 -12588.032283335824104
  17.035421195840680   17.860576699999999
  18.122470597054591   21.672014999999998
  19.254807305049955   25.281184600000000
  20.433355550577456   28.072222900000000
  21.659039564387733   30.809545499999999
  22.932783577231394   41.515158300000003
  24.255511819859098   42.200544100000002


# temperature  248.000000000000000
#   -0.073531641320465    6.037603350329604 -184.776962989322925 2501.465846620792945 -12628.324158484179861
  17.035421195840680   17.981573699999998
  18.122470597054591   21.805972700000002
  19.254807305049955   25.424752900000001
  20.433355550577456   28.221844399999998
  21.659039564387733   30.964146000000000
  22.932783577231394   41.681361099999997
  24.255511819859098   42.333894100000002


# temperature  249.000000000000000
#   -0.073779050070111    6.057554191446147 -185.378416171496724 2509.505871901486898 -12668.419916220183950
  17.035421195840680   18.102517500000001
  18.122470597054591   21.939785600000000
  19.254807305049955   25.568098599999999
  20.433355550577456   28.371189500000000
  21.659039564387733   31.118423300000000
  22.932783577231394   41.847124399999998
  24.255511819859098   42.466878700000002


# temperature  250.000000000000000
#   -0.074025305644121    6.077411140790572 -185.977012881562700 2517.507358478968399 -12708.321106170267740
  17.035421195840680   18.223405899999999
  18.122470597054591   22.073451899999998
  19.254807305049955   25.711220500000000
  20.433355550577456   28.520257699999998
  21.659039564387733   31.272377299999999
  22.932783577231394   42.012449699999998
  24.255511819859098   42.599499100000003


# temperature  251.000000000000000
#   -0.074270420426309    6.097175212439987 -186.572784094125097 2525.470725180848603 -12748.029847187137420
  17.035421195840680   18.344236400000000
  18.122470597054591   22.206969900000001
  19.254807305049955   25.854117500000001
  20.433355550577456   28.669048400000001
  21.659039564387733   31.426007999999999
  22.932783577231394   42.177338499999998
  24.255511819859098   42.731756699999998


# temperature  252.000000000000000
#   -0.074514398133317    6.116846703187103 -187.165738642242502 2533.396088724820402 -12787.546720793136046
  17.035421195840680   18.465006700000000
  18.122470597054591   22.340337800000000
  19.254807305049955   25.996788500000001
  20.433355550577456   28.817561300000001
  21.659039564387733   31.579315600000001
  22.932783577231394   42.341792200000000
  24.255511819859098   42.863653100000001


# temperature  253.000000000000000
#   -0.074757254536669    6.136426907930571 -187.755916184902958 2541.283986606966209 -12826.874449998826094
  17.035421195840680   18.585714500000002
  18.122470597054591   22.473554000000000
  19.254807305049955   26.139232700000001
  20.433355550577456   28.965795700000001
  21.659039564387733   31.732299900000001
  22.932783577231394   42.505812300000002
  24.255511819859098   42.995189400000001


# temperature  254.000000000000000
#   -0.074998993578158    6.155916135663604 -188.343325734811259 2549.134535381542719 -12866.013602748727862
  17.035421195840680   18.706357499999999
  18.122470597054591   22.606616700000000
  19.254807305049955   26.281448900000001
  20.433355550577456   29.113751400000002
  21.659039564387733   31.884961300000001
  22.932783577231394   42.669400400000001
  24.255511819859098   43.126367299999998


# temperature  255.000000000000000
#   -0.075239627146849    6.175315367693424 -188.927997506421121 2556.948146793988144 -12904.966277132714822
  17.035421195840680   18.826933600000000
  18.122470597054591   22.739524500000002
  19.254807305049955   26.423436400000000
  20.433355550577456   29.261427900000001
  21.659039564387733   32.037299599999997
  22.932783577231394   42.832557799999996
  24.255511819859098   43.257187999999999


# temperature  256.000000000000000
#   -0.075479162322982    6.194625170103156 -189.509948369836707 2564.725043568123510 -12943.733576168393483
  17.035421195840680   18.947440499999999
  18.122470597054591   22.872275599999998
  19.254807305049955   26.565194099999999
  20.433355550577456   29.408824800000001
  21.659039564387733   32.189315200000003
  22.932783577231394   42.995286100000001
  24.255511819859098   43.387653000000000


# temperature  257.000000000000000
#   -0.075717609641162    6.213846412708613 -190.089205120474531 2572.465591182039134 -12982.317364849548539
  17.035421195840680   19.067876099999999
  18.122470597054591   23.004868699999999
  19.254807305049955   26.706721300000002
  20.433355550577456   29.555941799999999
  21.659039564387733   32.341008100000003
  22.932783577231394   43.157586700000003
  24.255511819859098   43.517763700000003


# temperature  258.000000000000000
#   -0.075954976288625    6.232979673576844 -190.665785093147832 2580.170019884069461 -13020.718789467275201
  17.035421195840680   19.188238399999999
  18.122470597054591   23.137302200000001
  19.254807305049955   26.848017100000000
  20.433355550577456   29.702778599999998
  21.659039564387733   32.492378500000001
  22.932783577231394   43.319461099999998
  24.255511819859098   43.647521400000002


# temperature  259.000000000000000
#   -0.076191273719651    6.252025890302442 -191.239716918858136 2587.838716764003948 -13058.939808093544343
  17.035421195840680   19.308525299999999
  18.122470597054591   23.269574800000001
  19.254807305049955   26.989080699999999
  20.433355550577456   29.849334899999999
  21.659039564387733   32.643426699999999
  22.932783577231394   43.480910899999998
  24.255511819859098   43.776927600000000


# temperature  260.000000000000000
#   -0.076426507779302    6.270985538721372 -191.811015060431657 2595.471876868244181 -13096.981408551444474
  17.035421195840680   19.428734700000000
  18.122470597054591   23.401684899999999
  19.254807305049955   27.129911400000001
  20.433355550577456   29.995610500000002
  21.659039564387733   32.794152799999999
  22.932783577231394   43.641937499999997
  24.255511819859098   43.905983599999999


# temperature  261.000000000000000
#   -0.076660687525762    6.289859357335161 -192.379701975688249 2603.069802591783173 -13134.845114822117466
  17.035421195840680   19.548864800000000
  18.122470597054591   23.533631300000000
  19.254807305049955   27.270508499999998
  20.433355550577456   30.141605200000001
  21.659039564387733   32.944557099999997
  22.932783577231394   43.802542400000000
  24.255511819859098   44.034690800000000


# temperature  262.000000000000000
#   -0.076893821782894    6.308648063839608 -192.945799439505635 2610.632786533824856 -13172.532399283556515
  17.035421195840680   19.668913600000000
  18.122470597054591   23.665412600000000
  19.254807305049955   27.410871199999999
  20.433355550577456   30.287318700000000
  21.659039564387733   33.094639899999997
  22.932783577231394   43.962727100000002
  24.255511819859098   44.163050599999998


# temperature  263.000000000000000
#   -0.077125919072085    6.327352355868407 -193.509328762020630 2618.161117051440669 -13210.044723128372425
  17.035421195840680   19.788879200000000
  18.122470597054591   23.797027499999999
  19.254807305049955   27.550998900000000
  20.433355550577456   30.432750899999998
  21.659039564387733   33.244401400000001
  22.932783577231394   44.122493200000001
  24.255511819859098   44.291064499999997


# temperature  264.000000000000000
#   -0.077356987114943    6.345972863951065 -194.070309167030331 2625.655053974410748 -13247.383402623423535
  17.035421195840680   19.908759700000001
  18.122470597054591   23.928474800000000
  19.254807305049955   27.690891000000001
  20.433355550577456   30.577901600000001
  21.659039564387733   33.393841999999999
  22.932783577231394   44.281841999999997
  24.255511819859098   44.418733699999997


# temperature  265.000000000000000
#   -0.077587034135739    6.364510254658105 -194.628760799603100 2633.114866873191659 -13284.549788289035860
  17.035421195840680   20.028553400000000
  18.122470597054591   24.059753199999999
  19.254807305049955   27.830546900000002
  20.433355550577456   30.722770700000002
  21.659039564387733   33.542962000000003
  22.932783577231394   44.440775199999997
  24.255511819859098   44.546059700000001


# temperature  266.000000000000000
#   -0.077816068593810    6.382965220662911 -195.184704827982500 2640.540842354983852 -13321.545333264168221
  17.035421195840680   20.148258500000001
  18.122470597054591   24.190861600000002
  19.254807305049955   27.969965999999999
  20.433355550577456   30.867358100000001
  21.659039564387733   33.691761700000001
  22.932783577231394   44.599294200000003
  24.255511819859098   44.673043800000002


# temperature  267.000000000000000
#   -0.078044099312744    6.401338484884428 -195.738163363396694 2647.933280140443912 -13358.371559392651761
  17.035421195840680   20.267873099999999
  18.122470597054591   24.321798800000000
  19.254807305049955   28.109147799999999
  20.433355550577456   31.011663800000001
  21.659039564387733   33.840241399999996
  22.932783577231394   44.757400599999997
  24.255511819859098   44.799687400000003


# temperature  268.000000000000000
#   -0.078271132103622    6.419630518245718 -196.289150638640535 2655.292370824188765 -13395.029423443820633
  17.035421195840680   20.387395600000001
  18.122470597054591   24.452563699999999
  19.254807305049955   28.248091700000000
  20.433355550577456   31.155687600000000
  21.659039564387733   33.988401600000003
  22.932783577231394   44.915095700000002
  24.255511819859098   44.925991900000000


# temperature  269.000000000000000
#   -0.078497175066795    6.437841977458199 -196.837686517776348 2662.618380584082843 -13431.520261277404643
  17.035421195840680   20.506824399999999
  18.122470597054591   24.583155200000000
  19.254807305049955   28.386797200000000
  20.433355550577456   31.299429600000000
  21.659039564387733   34.136242699999997
  22.932783577231394   45.072381200000002
  24.255511819859098   45.051958700000000


# temperature  270.000000000000000
#   -0.078722237198341    6.455973603015613 -197.383793761550436 2669.911619473968585 -13467.845654539580210
  17.035421195840680   20.626157700000000
  18.122470597054591   24.713572200000002
  19.254807305049955   28.525264000000000
  20.433355550577456   31.442889699999998
  21.659039564387733   34.283765000000002
  22.932783577231394   45.229258500000000
  24.255511819859098   45.177588999999998


# temperature  271.000000000000000
#   -0.078946325238142    6.474025940557166 -197.927488835948679 2677.172307479251685 -13504.006703552726322
  17.035421195840680   20.745394099999999
  18.122470597054591   24.843813800000000
  19.254807305049955   28.663491499999999
  20.433355550577456   31.586068000000001
  21.659039564387733   34.430968999999997
  22.932783577231394   45.385729200000000
  24.255511819859098   45.302884400000003


# temperature  272.000000000000000
#   -0.079169447805690    6.491999698023277 -198.468793456503619 2684.400739883647475 -13540.004912448766845
  17.035421195840680   20.864531800000002
  18.122470597054591   24.973878899999999
  19.254807305049955   28.801479400000002
  20.433355550577456   31.728964399999999
  21.659039564387733   34.577855100000001
  22.932783577231394   45.541794699999997
  24.255511819859098   45.427846099999996


# temperature  273.000000000000000
#   -0.079391612670884    6.509895506731143 -199.007726771543275 2691.597174096197250 -13575.841577589633744
  17.035421195840680   20.983569299999999
  18.122470597054591   25.103766600000000
  19.254807305049955   28.939227299999999
  20.433355550577456   31.871579100000002
  21.659039564387733   34.724423799999997
  22.932783577231394   45.697456600000002
  24.255511819859098   45.552475399999999


# temperature  274.000000000000000
#   -0.079612823638325    6.527713673470301 -199.544297992844292 2698.761732610406398 -13611.517309998838755
  17.035421195840680   21.102505300000001
  18.122470597054591   25.233475899999998
  19.254807305049955   29.076734699999999
  20.433355550577456   32.013912099999999
  21.659039564387733   34.870675499999997
  22.932783577231394   45.852716299999997
  24.255511819859098   45.676773900000001


# temperature  275.000000000000000
#   -0.079833092373404    6.545455157706822 -200.078536600553122 2705.894816892346171 -13647.034156302561314
  17.035421195840680   21.221337999999999
  18.122470597054591   25.363005900000001
  19.254807305049955   29.214001499999998
  20.433355550577456   32.155963499999999
  21.659039564387733   35.016610700000001
  22.932783577231394   46.007575400000000
  24.255511819859098   45.800742700000001


# temperature  276.000000000000000
#   -0.080052424797366    6.563120436050188 -200.610456891106310 2712.996616758590335 -13682.393059971936964
  17.035421195840680   21.340066199999999
  18.122470597054591   25.492355799999999
  19.254807305049955   29.351027200000001
  20.433355550577456   32.297733299999997
  21.659039564387733   35.162230000000001
  22.932783577231394   46.162035299999999
  24.255511819859098   45.924383200000001


# temperature  277.000000000000000
#   -0.080270827887251    6.580710080823552 -201.140076393535622 2720.067370217957432 -13717.595231945322666
  17.035421195840680   21.458688400000000
  18.122470597054591   25.621524699999998
  19.254807305049955   29.487811499999999
  20.433355550577456   32.439221799999999
  21.659039564387733   35.307533700000000
  22.932783577231394   46.316097599999999
  24.255511819859098   46.047696799999997


# temperature  278.000000000000000
#   -0.080488307694006    6.598224584967355 -201.667410106363292 2727.107279706312966 -13752.641696967608368
  17.035421195840680   21.577203200000000
  18.122470597054591   25.750511700000001
  19.254807305049955   29.624354300000000
  20.433355550577456   32.580429000000002
  21.659039564387733   35.452522500000001
  22.932783577231394   46.469763700000001
  24.255511819859098   46.170684799999997


# temperature  279.000000000000000
#   -0.080704871682448    6.615664559118523 -202.192476671361760 2734.116597344104775 -13787.533731543053364
  17.035421195840680   21.695609300000001
  18.122470597054591   25.879316200000002
  19.254807305049955   29.760655199999999
  20.433355550577456   32.721355199999998
  21.659039564387733   35.597196900000000
  22.932783577231394   46.623035100000003
  24.255511819859098   46.293348600000002


# temperature  280.000000000000000
#   -0.080920527872472    6.633030660092166 -202.715296174252558 2741.095595386277182 -13822.272717945743352
  17.035421195840680   21.813905200000001
  18.122470597054591   26.007937200000001
  19.254807305049955   29.896714100000001
  20.433355550577456   32.862000500000001
  21.659039564387733   35.741557299999997
  22.932783577231394   46.775913400000000
  24.255511819859098   46.415689499999999


# temperature  281.000000000000000
#   -0.081135283246310    6.650323449148915 -203.235885440961994 2748.044497190059246 -13856.859765980583688
  17.035421195840680   21.932089800000000
  18.122470597054591   26.136374100000001
  19.254807305049955   30.032530600000001
  20.433355550577456   33.002364999999998
  21.659039564387733   35.885604499999999
  22.932783577231394   46.928400000000003
  24.255511819859098   46.537708700000003


# temperature  282.000000000000000
#   -0.081349143278207    6.667543382744567 -203.754258684990248 2754.963499006144502 -13891.295890955938376
  17.035421195840680   22.050161800000001
  18.122470597054591   26.264626199999999
  19.254807305049955   30.168104700000001
  20.433355550577456   33.142449100000000
  21.659039564387733   36.029338799999998
  22.932783577231394   47.080496400000001
  24.255511819859098   46.659407700000003


# temperature  283.000000000000000
#   -0.081562115568046    6.684691076846009 -204.270434549870401 2761.852851029826070 -13925.582351163006024
  17.035421195840680   22.168119799999999
  18.122470597054591   26.392692700000001
  19.254807305049955   30.303436200000000
  20.433355550577456   33.282252900000003
  21.659039564387733   36.172761000000001
  22.932783577231394   47.232204099999997
  24.255511819859098   46.780787699999998


# temperature  284.000000000000000
#   -0.081774207484502    6.701767133970868 -204.784431414758274 2768.712801514552666 -13959.720401223243243
  17.035421195840680   22.285962699999999
  18.122470597054591   26.520572999999999
  19.254807305049955   30.438524900000001
  20.433355550577456   33.421776600000001
  21.659039564387733   36.315871600000001
  22.932783577231394   47.383524600000001
  24.255511819859098   46.901850099999997


# temperature  285.000000000000000
#   -0.081985422445177    6.718771830097980 -205.296257610901250 2775.543462300501687 -13993.710606375212592
  17.035421195840680   22.403689300000000
  18.122470597054591   26.648266400000001
  19.254807305049955   30.573370600000001
  20.433355550577456   33.561020599999999
  21.659039564387733   36.458671199999998
  22.932783577231394   47.534459300000002
  24.255511819859098   47.022596200000002


# temperature  286.000000000000000
#   -0.082195772062114    6.735706117817986 -205.805942303262412 2782.345228700654388 -14027.554969690934740
  17.035421195840680   22.521298500000000
  18.122470597054591   26.775772400000001
  19.254807305049955   30.707973400000000
  20.433355550577456   33.699984999999998
  21.659039564387733   36.601160399999998
  22.932783577231394   47.685009800000003
  24.255511819859098   47.143027199999999


# temperature  287.000000000000000
#   -0.082405258602088    6.752570178227677 -206.313490903494426 2789.118172845136996 -14061.253855155882775
  17.035421195840680   22.638788999999999
  18.122470597054591   26.903090200000001
  19.254807305049955   30.842333000000000
  20.433355550577456   33.838670200000003
  21.659039564387733   36.743339800000001
  22.932783577231394   47.835177500000000
  24.255511819859098   47.263144500000003


# temperature  288.000000000000000
#   -0.082613891973373    6.769364825106519 -206.818928358578574 2795.862633369210471 -14094.808981522608519
  17.035421195840680   22.756159799999999
  18.122470597054591   27.030219400000000
  19.254807305049955   30.976449500000001
  20.433355550577456   33.977076400000001
  21.659039564387733   36.885210000000001
  22.932783577231394   47.984963899999997
  24.255511819859098   47.382949300000000


# temperature  289.000000000000000
#   -0.082821676272643    6.786090387048818 -207.322264509719105 2802.578741125339548 -14128.221002529304315
  17.035421195840680   22.873409800000001
  18.122470597054591   27.157159400000001
  19.254807305049955   31.110322700000001
  20.433355550577456   34.115203999999999
  21.659039564387733   37.026771799999999
  22.932783577231394   48.134370500000003
  24.255511819859098   47.502443000000000


# temperature  290.000000000000000
#   -0.083028616173622    6.802747248109098 -207.823511143844115 2809.266656595982568 -14161.490737643156535
  17.035421195840680   22.990537900000000
  18.122470597054591   27.283909500000000
  19.254807305049955   31.243952600000000
  20.433355550577456   34.253053299999998
  21.659039564387733   37.168025600000000
  22.932783577231394   48.283398699999999
  24.255511819859098   47.621626900000003


# temperature  291.000000000000000
#   -0.083234721871845    6.819336244426241 -208.322693864985325 2815.926727076888255 -14194.619948786363238
  17.035421195840680   23.107543100000001
  18.122470597054591   27.410469500000001
  19.254807305049955   31.377339299999999
  20.433355550577456   34.390624600000002
  21.659039564387733   37.308972300000001
  22.932783577231394   48.432049999999997
  24.255511819859098   47.740502200000002


# temperature  292.000000000000000
#   -0.083439996389463    6.835857617500210 -208.819819875966147 2822.559047996561731 -14227.609111857793323
  17.035421195840680   23.224424299999999
  18.122470597054591   27.536838599999999
  19.254807305049955   31.510482600000000
  20.433355550577456   34.527918200000002
  21.659039564387733   37.449612399999999
  22.932783577231394   48.580325799999997
  24.255511819859098   47.859070199999998


# temperature  293.000000000000000
#   -0.083644447254574    6.852311983349324 -209.314907992820537 2829.163873937936842 -14260.459515544249371
  17.035421195840680   23.341180699999999
  18.122470597054591   27.663016500000001
  19.254807305049955   31.643382599999999
  20.433355550577456   34.664934600000002
  21.659039564387733   37.589946500000003
  22.932783577231394   48.728227699999998
  24.255511819859098   47.977332199999999


# temperature  294.000000000000000
#   -0.083848079573374    6.868699760728760 -209.807971062775550 2835.741380017386291 -14293.172056094079380
  17.035421195840680   23.457811100000001
  18.122470597054591   27.789002700000001
  19.254807305049955   31.776039399999998
  20.433355550577456   34.801674100000000
  21.659039564387733   37.729975500000002
  22.932783577231394   48.875757000000000
  24.255511819859098   48.095289399999999


# temperature  295.000000000000000
#   -0.084050901420889    6.885021610005265 -210.299029221215875 2842.291837860449050 -14325.748102819452470
  17.035421195840680   23.574314699999999
  18.122470597054591   27.914796800000001
  19.254807305049955   31.908452900000000
  20.433355550577456   34.938136900000003
  21.659039564387733   37.869699900000001
  22.932783577231394   49.022915200000000
  24.255511819859098   48.212943199999998


# temperature  296.000000000000000
#   -0.084252917087018    6.901277878125135 -210.788092973472686 2848.815388993687975 -14358.188372930781043
  17.035421195840680   23.690690499999999
  18.122470597054591   28.040398400000001
  19.254807305049955   32.040623199999999
  20.433355550577456   35.074323700000001
  21.659039564387733   38.009120500000002
  22.932783577231394   49.169703800000001
  24.255511819859098   48.330294700000003


# temperature  297.000000000000000
#   -0.084454131779391    6.917468991085070 -211.275175318873863 2855.312209118585088 -14390.493755389574289
  17.035421195840680   23.806937699999999
  18.122470597054591   28.165807000000001
  19.254807305049955   32.172550399999999
  20.433355550577456   35.210234700000001
  21.659039564387733   38.148237899999998
  22.932783577231394   49.316124199999997
  24.255511819859098   48.447345300000002


# temperature  298.000000000000000
#   -0.084654554116081    6.933595654960585 -211.760297857817818 2861.782591004912774 -14422.665734978554610
  17.035421195840680   23.923055300000001
  18.122470597054591   28.291022300000002
  19.254807305049955   32.304234500000000
  20.433355550577456   35.345870300000001
  21.659039564387733   38.287052799999998
  22.932783577231394   49.462177900000000
  24.255511819859098   48.564096200000002


# temperature  299.000000000000000
#   -0.084854186300839    6.949658047482073 -212.243465961871181 2868.226607093558869 -14454.704680785896926
  17.035421195840680   24.039042500000001
  18.122470597054591   28.416043899999998
  19.254807305049955   32.435675699999997
  20.433355550577456   35.481231000000001
  21.659039564387733   38.425566000000003
  22.932783577231394   49.607866199999997
  24.255511819859098   48.680548600000002


# temperature  300.000000000000000
#   -0.085053036556287    6.965656840246184 -212.724700103008502 2874.644533742620297 -14486.611988154594655
  17.035421195840680   24.154898500000002
  18.122470597054591   28.540871500000002
  19.254807305049955   32.566874100000000
  20.433355550577456   35.616317199999997
  21.659039564387733   38.563778200000002
  22.932783577231394   49.753190699999998
  24.255511819859098   48.796703800000003


# temperature  301.000000000000000
#   -0.085251109969028    6.981592448316167 -213.204012934834878 2881.036542079886658 -14518.388524679810871
  17.035421195840680   24.270622400000001
  18.122470597054591   28.665504700000000
  19.254807305049955   32.697829700000000
  20.433355550577456   35.751129300000002
  21.659039564387733   38.701689999999999
  22.932783577231394   49.898152699999997
  24.255511819859098   48.912562899999998


# temperature  302.000000000000000
#   -0.085448409006125    6.997465075634239 -213.681410766735269 2887.402718988230390 -14550.034740615126793
  17.035421195840680   24.386213500000000
  18.122470597054591   28.789943300000001
  19.254807305049955   32.828542800000001
  20.433355550577456   35.885667900000001
  21.659039564387733   38.839302300000000
  22.932783577231394   50.042753599999998
  24.255511819859098   49.028127400000002


# temperature  303.000000000000000
#   -0.085644944432459    7.013275598724361 -214.156920235499229 2893.743422845230270 -14581.552438587918004
  17.035421195840680   24.501670900000001
  18.122470597054591   28.914186900000001
  19.254807305049955   32.959013400000003
  20.433355550577456   36.019933199999997
  21.659039564387733   38.976615700000004
  22.932783577231394   50.186994900000002
  24.255511819859098   49.143398200000000


# temperature  304.000000000000000
#   -0.085840720542283    7.029024373692758 -214.630552377378478 2900.058805438224226 -14612.942401144762698
  17.035421195840680   24.616993900000001
  18.122470597054591   29.038235400000001
  19.254807305049955   33.089241800000003
  20.433355550577456   36.153925899999997
  21.659039564387733   39.113630999999998
  22.932783577231394   50.330878100000000
  24.255511819859098   49.258376800000001


# temperature  305.000000000000000
#   -0.086035739396844    7.044711561262055 -215.102311863374041 2906.348927052529234 -14644.204921422113330
  17.035421195840680   24.732181799999999
  18.122470597054591   29.162088300000001
  19.254807305049955   33.219228000000001
  20.433355550577456   36.287646299999999
  21.659039564387733   39.250348899999999
  22.932783577231394   50.474404399999997
  24.255511819859098   49.373064300000003


# temperature  306.000000000000000
#   -0.086230009110296    7.060337826132628 -215.572219030437736 2912.614063416514000 -14675.341398158765514
  17.035421195840680   24.847233899999999
  18.122470597054591   29.285745500000001
  19.254807305049955   33.348972300000000
  20.433355550577456   36.421095000000001
  21.659039564387733   39.386770200000001
  22.932783577231394   50.617575400000000
  24.255511819859098   49.487461900000000


# temperature  307.000000000000000
#   -0.086423535331862    7.075903635939126 -216.040288335800824 2918.854412644637705 -14706.352847672247663
  17.035421195840680   24.962149400000001
  18.122470597054591   29.409206800000000
  19.254807305049955   33.478474900000002
  20.433355550577456   36.554272400000002
  21.659039564387733   39.522895599999998
  22.932783577231394   50.760392400000001
  24.255511819859098   49.601570899999999


# temperature  308.000000000000000
#   -0.086616320581986    7.091409189633563 -216.506525649402619 2925.070051776012861 -14737.239650790150336
  17.035421195840680   25.076927699999999
  18.122470597054591   29.532471900000001
  19.254807305049955   33.607735900000002
  20.433355550577456   36.687179100000002
  21.659039564387733   39.658725799999999
  22.932783577231394   50.902856700000001
  24.255511819859098   49.715392299999998


# temperature  309.000000000000000
#   -0.086808373759699    7.106855217762468 -216.970953356180530 2931.261284543304555 -14768.003348401520270
  17.035421195840680   25.191568100000001
  18.122470597054591   29.655540700000000
  19.254807305049955   33.736755600000002
  20.433355550577456   36.819815499999997
  21.659039564387733   39.794261700000000
  22.932783577231394   51.044969899999998
  24.255511819859098   49.828927499999999


# temperature  310.000000000000000
#   -0.086999698957306    7.122242055082102 -217.433581691740727 2937.428249874852099 -14798.644647819621241
  17.035421195840680   25.306069900000001
  18.122470597054591   29.778412899999999
  19.254807305049955   33.865534199999999
  20.433355550577456   36.952182100000002
  21.659039564387733   39.929503900000000
  22.932783577231394   51.186733300000000
  24.255511819859098   49.942177600000001


# temperature  311.000000000000000
#   -0.087190297337897    7.137569790127360 -217.894413171700648 2943.570979723502660 -14829.163703581774826
  17.035421195840680   25.420432600000002
  18.122470597054591   29.901088300000001
  19.254807305049955   33.994071900000002
  20.433355550577456   37.084279600000002
  21.659039564387733   40.064453299999997
  22.932783577231394   51.328148300000002
  24.255511819859098   50.055143899999997


# temperature  312.000000000000000
#   -0.087380178997471    7.152839255485848 -218.353473430070096 2949.689823533249637 -14859.562296046222400
  17.035421195840680   25.534655500000000
  18.122470597054591   30.023566899999999
  19.254807305049955   34.122368999999999
  20.433355550577456   37.216108300000002
  21.659039564387733   40.199110599999997
  22.932783577231394   51.469216199999998
  24.255511819859098   50.167827400000000


# temperature  313.000000000000000
#   -0.087569347938259    7.168050770422811 -218.810771974058554 2955.784906881832740 -14889.841047266303576
  17.035421195840680   25.648738099999999
  18.122470597054591   30.145848500000000
  19.254807305049955   34.250425700000001
  20.433355550577456   37.347668800000001
  21.659039564387733   40.333476699999999
  22.932783577231394   51.609938499999998
  24.255511819859098   50.280229300000002


# temperature  314.000000000000000
#   -0.087757809205032    7.183204762485642 -219.266322333355362 2961.856419459174958 -14920.000951963516854
  17.035421195840680   25.762679599999998
  18.122470597054591   30.267932999999999
  19.254807305049955   34.378242399999998
  20.433355550577456   37.478961699999999
  21.659039564387733   40.467552099999999
  22.932783577231394   51.750316499999997
  24.255511819859098   50.392350999999998


# temperature  315.000000000000000
#   -0.087945564647236    7.198301362343233 -219.720127870297404 2967.904398565460724 -14950.042160338529357
  17.035421195840680   25.876479700000001
  18.122470597054591   30.389820100000001
  19.254807305049955   34.505819199999998
  20.433355550577456   37.609987400000001
  21.659039564387733   40.601337899999997
  22.932783577231394   51.890351500000001
  24.255511819859098   50.504193399999998


# temperature  316.000000000000000
#   -0.088132622086691    7.213341221645108 -220.172208858582593 2973.929123585491652 -14979.966111869198357
  17.035421195840680   25.990137699999998
  18.122470597054591   30.511509900000000
  19.254807305049955   34.633156399999997
  20.433355550577456   37.740746700000003
  21.659039564387733   40.734834599999999
  22.932783577231394   52.030045000000001
  24.255511819859098   50.615757799999997


# temperature  317.000000000000000
#   -0.088318985050741    7.228324625355311 -220.622573902539017 2979.930709881932216 -15009.773387033254039
  17.035421195840680   26.103653099999999
  18.122470597054591   30.633002200000000
  19.254807305049955   34.760254400000001
  20.433355550577456   37.871239899999999
  21.659039564387733   40.868043200000002
  22.932783577231394   52.169398200000003
  24.255511819859098   50.727045300000000


# temperature  318.000000000000000
#   -0.088504660183862    7.243252114908575 -221.071239465784487 2985.909379119984806 -15039.465101712339674
  17.035421195840680   26.217025499999998
  18.122470597054591   30.754297000000001
  19.254807305049955   34.887113399999997
  20.433355550577456   38.001467599999998
  21.659039564387733   41.000964400000001
  22.932783577231394   52.308412599999997
  24.255511819859098   50.838057100000000


# temperature  319.000000000000000
#   -0.088689651563137    7.258124027358443 -221.518215976233421 2991.865274646323542 -15069.041995304090960
  17.035421195840680   26.330254199999999
  18.122470597054591   30.875394199999999
  19.254807305049955   35.013733700000003
  20.433355550577456   38.131430500000000
  21.659039564387733   41.133598900000003
  22.932783577231394   52.447089499999997
  24.255511819859098   50.948794300000003


# temperature  320.000000000000000
#   -0.088873962005936    7.272940589127828 -221.963510236291143 2997.798487285604551 -15098.504523473753579
  17.035421195840680   26.443338799999999
  18.122470597054591   30.996293699999999
  19.254807305049955   35.140115700000003
  20.433355550577456   38.261129099999998
  21.659039564387733   41.265947699999998
  22.932783577231394   52.585430199999998
  24.255511819859098   51.059258100000001


# temperature  321.000000000000000
#   -0.089057596468418    7.287702205803085 -222.407134637576007 3003.709184788158382 -15127.853535939893845
  17.035421195840680   26.556278899999999
  18.122470597054591   31.116995500000002
  19.254807305049955   35.266259599999998
  20.433355550577456   38.390563999999998
  21.659039564387733   41.398011400000001
  22.932783577231394   52.723436000000000
  24.255511819859098   51.169449600000000


# temperature  322.000000000000000
#   -0.089240564228636    7.302409641040712 -222.849112649274360 3009.597686596103813 -15157.090658231272755
  17.035421195840680   26.669073900000001
  18.122470597054591   31.237499600000000
  19.254807305049955   35.392165900000002
  20.433355550577456   38.519735599999997
  21.659039564387733   41.529790900000002
  22.932783577231394   52.861108399999999
  24.255511819859098   51.279370000000000


# temperature  323.000000000000000
#   -0.089422863201332    7.317062713993711 -223.289438449623248 3015.463910455083806 -15186.215460370605797
  17.035421195840680   26.781723599999999
  18.122470597054591   31.357805899999999
  19.254807305049955   35.517834700000002
  20.433355550577456   38.648644699999998
  21.659039564387733   41.661286900000000
  22.932783577231394   52.998448500000002
  24.255511819859098   51.389020299999999


# temperature  324.000000000000000
#   -0.089604500760275    7.331662033553022 -223.728130834135584 3021.308113678343034 -15215.229261171054532
  17.035421195840680   26.894227300000001
  18.122470597054591   31.477914400000000
  19.254807305049955   35.643266599999997
  20.433355550577456   38.777291900000002
  21.659039564387733   41.792500400000002
  22.932783577231394   53.135457799999998
  24.255511819859098   51.498401700000002


# temperature  325.000000000000000
#   -0.089785482127130    7.346208026813317 -224.165202832990246 3027.130472216305861 -15244.132948601334647
  17.035421195840680   27.006584700000001
  18.122470597054591   31.597825100000001
  19.254807305049955   35.768461799999997
  20.433355550577456   38.905677599999997
  21.659039564387733   41.923431999999998
  22.932783577231394   53.272137499999999
  24.255511819859098   51.607515300000003


# temperature  326.000000000000000
#   -0.089965812387304    7.360701108702266 -224.600667093126447 3032.931156970063512 -15272.927387159992577
  17.035421195840680   27.118795500000001
  18.122470597054591   31.717538099999999
  19.254807305049955   35.893420700000000
  20.433355550577456   39.033802500000000
  21.659039564387733   42.054082500000000
  22.932783577231394   53.408489000000003
  24.255511819859098   51.716362199999999


# temperature  327.000000000000000
#   -0.090145494960143    7.375141555656813 -225.034531980103168 3038.710280552199947 -15301.613146789515667
  17.035421195840680   27.230859100000000
  18.122470597054591   31.837053300000001
  19.254807305049955   36.018143600000002
  20.433355550577456   39.161667199999997
  21.659039564387733   42.184452899999997
  22.932783577231394   53.544513600000002
  24.255511819859098   51.824943500000003


# temperature  328.000000000000000
#   -0.090324532511516    7.389529587400969 -225.466804250387952 3044.467935010278325 -15330.190696668190867
  17.035421195840680   27.342775400000001
  18.122470597054591   31.956370799999998
  19.254807305049955   36.142630900000000
  20.433355550577456   39.289272300000000
  21.659039564387733   42.314543800000003
  22.932783577231394   53.680212500000003
  24.255511819859098   51.933260400000002


# temperature  329.000000000000000
#   -0.090502930432660    7.403865644839881 -225.897497397711930 3050.204303774989967 -15358.660971968003651
  17.035421195840680   27.454543800000000
  18.122470597054591   32.075490600000002
  19.254807305049955   36.266883100000001
  20.433355550577456   39.416618499999998
  21.659039564387733   42.444356200000001
  22.932783577231394   53.815587100000002
  24.255511819859098   52.041313899999999


# temperature  330.000000000000000
#   -0.090680695222883    7.418150258734943 -226.326627588135068 3055.919604718259507 -15387.025069665229239
  17.035421195840680   27.566164000000001
  18.122470597054591   32.194412700000001
  19.254807305049955   36.390900400000000
  20.433355550577456   39.543706200000003
  21.659039564387733   42.573890700000000
  22.932783577231394   53.950638699999999
  24.255511819859098   52.149105100000000


# temperature  331.000000000000000
#   -0.090857828625046    7.432383571945438 -226.754199215503348 3061.613898134695773 -15415.283301473542451
  17.035421195840680   27.677635800000001
  18.122470597054591   32.313137300000001
  19.254807305049955   36.514683300000002
  20.433355550577456   39.670536200000001
  21.659039564387733   42.703148200000001
  22.932783577231394   54.085368500000001
  24.255511819859098   52.256635099999997


# temperature  332.000000000000000
#   -0.091034336151191    7.446566034580504 -227.180226010798577 3067.287369741379734 -15443.436607878364157
  17.035421195840680   27.788958699999998
  18.122470597054591   32.431664400000003
  19.254807305049955   36.638232100000003
  20.433355550577456   39.797108999999999
  21.659039564387733   42.832129600000002
  22.932783577231394   54.219777800000003
  24.255511819859098   52.363905000000003


# temperature  333.000000000000000
#   -0.091210220648351    7.460697877185301 -227.604714956037583 3072.940113481873595 -15471.485463255183276
  17.035421195840680   27.900132500000002
  18.122470597054591   32.549993999999998
  19.254807305049955   36.761547299999997
  20.433355550577456   39.923425299999998
  21.659039564387733   42.960835600000003
  22.932783577231394   54.353867899999997
  24.255511819859098   52.470915800000000


# temperature  334.000000000000000
#   -0.091385487749098    7.474779564296183 -228.027680355805956 3078.572324481129726 -15499.430862868714030
  17.035421195840680   28.011156900000000
  18.122470597054591   32.668126299999997
  19.254807305049955   36.884629300000000
  20.433355550577456   40.049485699999998
  21.659039564387733   43.089267000000000
  22.932783577231394   54.487640100000000
  24.255511819859098   52.577668699999997


# temperature  335.000000000000000
#   -0.091560137575627    7.488811102143470 -228.449122311808537 3084.184003505493365 -15527.272811076947619
  17.035421195840680   28.122031600000000
  18.122470597054591   32.786061300000000
  19.254807305049955   37.007478499999998
  20.433355550577456   40.175290900000000
  21.659039564387733   43.217424700000002
  22.932783577231394   54.621095500000003
  24.255511819859098   52.684164699999997


# temperature  336.000000000000000
#   -0.091734179108146    7.502793221554102 -228.869063017751074 3089.775448863422753 -15555.012806008715415
  17.035421195840680   28.232756299999998
  18.122470597054591   32.903799100000001
  19.254807305049955   37.130095200000000
  20.433355550577456   40.300841400000003
  21.659039564387733   43.345309499999999
  22.932783577231394   54.754235600000001
  24.255511819859098   52.790404799999997


# temperature  337.000000000000000
#   -0.091907615831438    7.516726218209833 -229.287511843631961 3095.346792132652354 -15582.651538540250840
  17.035421195840680   28.343330699999999
  18.122470597054591   33.021339900000001
  19.254807305049955   37.252479999999998
  20.433355550577456   40.426137799999999
  21.659039564387733   43.472922099999998
  22.932783577231394   54.887061500000002
  24.255511819859098   52.896390199999999


# temperature  338.000000000000000
#   -0.092080451372841    7.530610377612698 -229.704477180065339 3100.898142713013840 -15610.189543508402494
  17.035421195840680   28.453754600000000
  18.122470597054591   33.138683800000003
  19.254807305049955   37.374633199999998
  20.433355550577456   40.551180899999999
  21.659039564387733   43.600263499999997
  22.932783577231394   55.019574599999999
  24.255511819859098   53.002121799999998


# temperature  339.000000000000000
#   -0.092252687358528    7.544445837317717 -230.119963376272040 3106.429561692262268 -15637.627142808767530
  17.035421195840680   28.564027700000000
  18.122470597054591   33.255830799999998
  19.254807305049955   37.496555200000003
  20.433355550577456   40.675971199999999
  21.659039564387733   43.727334300000003
  22.932783577231394   55.151775899999997
  24.255511819859098   53.107600699999999


# temperature  340.000000000000000
#   -0.092424328370500    7.558232970914543 -230.533981817690773 3111.941202989908561 -15664.965115571132628
  17.035421195840680   28.674149900000000
  18.122470597054591   33.372781199999999
  19.254807305049955   37.618246599999999
  20.433355550577456   40.800509499999997
  21.659039564387733   43.854135499999998
  22.932783577231394   55.283666799999999
  24.255511819859098   53.212828000000002


# temperature  341.000000000000000
#   -0.092595381636393    7.571972369594247 -230.946550553572564 3117.433310597668878 -15692.204694734940858
  17.035421195840680   28.784120800000000
  18.122470597054591   33.489534999999997
  19.254807305049955   37.739707699999997
  20.433355550577456   40.924796200000003
  21.659039564387733   43.980667799999999
  22.932783577231394   55.415248599999998
  24.255511819859098   53.317804700000003


# temperature  342.000000000000000
#   -0.092765844941473    7.585663850059495 -231.357663948872528 3122.905808411991075 -15719.345499514647599
  17.035421195840680   28.893940400000002
  18.122470597054591   33.606092400000001
  19.254807305049955   37.860939000000002
  20.433355550577456   41.048832200000000
  21.659039564387733   44.106932000000000
  22.932783577231394   55.546522299999999
  24.255511819859098   53.422531800000002


# temperature  343.000000000000000
#   -0.092935727674468    7.599308181690174 -231.767345538359820 3128.359015156703208 -15746.389142915701086
  17.035421195840680   29.003608300000000
  18.122470597054591   33.722453600000001
  19.254807305049955   37.981940899999998
  20.433355550577456   41.172617899999999
  21.659039564387733   44.232929100000000
  22.932783577231394   55.677489299999998
  24.255511819859098   53.527010400000002


# temperature  344.000000000000000
#   -0.093105031373585    7.612905490662181 -232.175599212552811 3133.792984449575215 -15773.335903758967106
  17.035421195840680   29.113124299999999
  18.122470597054591   33.838618699999998
  19.254807305049955   38.102713899999998
  20.433355550577456   41.296154199999997
  21.659039564387733   44.358659699999997
  22.932783577231394   55.808150800000000
  24.255511819859098   53.631241400000000


# temperature  345.000000000000000
#   -0.093273760377595    7.626456131252919 -232.582435759624076 3139.207861670304737 -15800.186513935543189
  17.035421195840680   29.222488400000000
  18.122470597054591   33.954587900000000
  19.254807305049955   38.223258500000000
  20.433355550577456   41.419441499999998
  21.659039564387733   44.484124700000002
  22.932783577231394   55.938507999999999
  24.255511819859098   53.735225999999997


# temperature  346.000000000000000
#   -0.093441918845272    7.639960440833297 -232.987865418196748 3144.603784801103757 -15826.941670657626673
  17.035421195840680   29.331700300000001
  18.122470597054591   34.070361400000003
  19.254807305049955   38.343575000000001
  20.433355550577456   41.542480599999998
  21.659039564387733   44.609324899999997
  22.932783577231394   56.068562100000001
  24.255511819859098   53.838965000000002


# temperature  347.000000000000000
#   -0.093609505127379    7.653418284072321 -233.391884062313750 3149.980698650073464 -15853.601101068457865
  17.035421195840680   29.440759900000000
  18.122470597054591   34.185939200000000
  19.254807305049955   38.463664000000001
  20.433355550577456   41.665272199999997
  21.659039564387733   44.734261099999998
  22.932783577231394   56.198314199999999
  24.255511819859098   53.942459599999999


# temperature  348.000000000000000
#   -0.093776530580910    7.666830594126107 -233.794520309223344 3155.338991593236187 -15880.166773481216296
  17.035421195840680   29.549666999999999
  18.122470597054591   34.301321700000003
  19.254807305049955   38.583525999999999
  20.433355550577456   41.787816800000002
  21.659039564387733   44.858934099999999
  22.932783577231394   56.327765700000000
  24.255511819859098   54.045710700000001


# temperature  349.000000000000000
#   -0.093942996414409    7.680197466590071 -234.195776999298374 3160.678701417816683 -15906.638878327783459
  17.035421195840680   29.658421400000002
  18.122470597054591   34.416509099999999
  19.254807305049955   38.703161299999998
  20.433355550577456   41.910115099999999
  21.659039564387733   44.983344799999998
  22.932783577231394   56.456917599999997
  24.255511819859098   54.148719200000002


# temperature  350.000000000000000
#   -0.094108902934845    7.693518922378504 -234.595654650480554 3165.999833805976778 -15933.017439683924749
  17.035421195840680   29.767023099999999
  18.122470597054591   34.531501400000003
  19.254807305049955   38.822570499999998
  20.433355550577456   42.032167800000003
  21.659039564387733   45.107494000000003
  22.932783577231394   56.585771200000003
  24.255511819859098   54.251486300000003


# temperature  351.000000000000000
#   -0.094274258848483    7.706795682823908 -234.994175580179075 3171.302694484520543 -15959.304022274158342
  17.035421195840680   29.875471800000000
  18.122470597054591   34.646298999999999
  19.254807305049955   38.941754099999997
  20.433355550577456   42.153975500000001
  21.659039564387733   45.231382400000001
  22.932783577231394   56.714327699999998
  24.255511819859098   54.354012900000001


# temperature  352.000000000000000
#   -0.094439061360133    7.720027510206041 -235.391332270398408 3176.587178841230525 -15985.498085915025513
  17.035421195840680   29.983767499999999
  18.122470597054591   34.760902000000002
  19.254807305049955   39.060712400000000
  20.433355550577456   42.275539000000002
  21.659039564387733   45.355010900000003
  22.932783577231394   56.842588100000000
  24.255511819859098   54.456299999999999


# temperature  353.000000000000000
#   -0.094603318770463    7.733215084367180 -235.787145508633699 3181.853568292626733 -16011.601054066644792
  17.035421195840680   30.091910100000000
  18.122470597054591   34.875310599999999
  19.254807305049955   39.179446100000000
  20.433355550577456   42.396858799999997
  21.659039564387733   45.478380299999998
  22.932783577231394   56.970553799999998
  24.255511819859098   54.558348500000001


# temperature  354.000000000000000
#   -0.094767032344293    7.746358511542508 -236.181618636406938 3187.101909631941453 -16037.613172914134338
  17.035421195840680   30.199899500000001
  18.122470597054591   34.989525100000002
  19.254807305049955   39.297955600000002
  20.433355550577456   42.517935600000001
  21.659039564387733   45.601491400000000
  22.932783577231394   57.098225800000002
  24.255511819859098   54.660159499999999


# temperature  355.000000000000000
#   -0.094930208382110    7.759458305329201 -236.574767292706781 3192.332413872184588 -16063.535507335305738
  17.035421195840680   30.307735500000000
  18.122470597054591   35.103545699999998
  19.254807305049955   39.416241300000003
  20.433355550577456   42.638770100000002
  21.659039564387733   45.724344899999998
  22.932783577231394   57.225605399999999
  24.255511819859098   54.761733800000002


# temperature  356.000000000000000
#   -0.095092847898493    7.772514549824783 -236.966594093879166 3197.545117368332740 -16089.368247686947143
  17.035421195840680   30.415418100000000
  18.122470597054591   35.217372699999999
  19.254807305049955   39.534303800000004
  20.433355550577456   42.759362899999999
  21.659039564387733   45.846941800000003
  22.932783577231394   57.352693600000002
  24.255511819859098   54.863072500000001


# temperature  357.000000000000000
#   -0.095254954385466    7.785527528561664 -237.357107640996333 3202.740135853040101 -16115.111977203050628
  17.035421195840680   30.522947200000001
  18.122470597054591   35.331006199999997
  19.254807305049955   39.652143600000002
  20.433355550577456   42.879714700000001
  21.659039564387733   45.969282800000002
  22.932783577231394   57.479491699999997
  24.255511819859098   54.964176600000002


# temperature  358.000000000000000
#   -0.095416530578992    7.798497464570644 -237.746314739240717 3207.917561593717437 -16140.767165082661450
  17.035421195840680   30.630322700000001
  18.122470597054591   35.444446499999998
  19.254807305049955   39.769761099999997
  20.433355550577456   42.999826200000001
  21.659039564387733   46.091368699999997
  22.932783577231394   57.606000700000003
  24.255511819859098   55.065046899999999


# temperature  359.000000000000000
#   -0.095577582193546    7.811424824434750 -238.134229612373503 3213.077586638093635 -16166.334780557845079
  17.035421195840680   30.737544600000000
  18.122470597054591   35.557693899999997
  19.254807305049955   39.887156900000001
  20.433355550577456   43.119698000000000
  21.659039564387733   46.213200399999998
  22.932783577231394   57.732221899999999
  24.255511819859098   55.165684400000004


# temperature  360.000000000000000
#   -0.095738107987174    7.824309509572675 -238.520849363151001 3218.220173802881618 -16191.814648346175090
  17.035421195840680   30.844612800000000
  18.122470597054591   35.670748500000002
  19.254807305049955   40.004331499999999
  20.433355550577456   43.239330799999998
  21.659039564387733   46.334778499999999
  22.932783577231394   57.858156200000003
  24.255511819859098   55.266090100000000


# temperature  361.000000000000000
#   -0.095898116560610    7.837152222862950 -238.906195434598914 3223.345612701372374 -16217.208229855545142
  17.035421195840680   30.951527200000001
  18.122470597054591   35.783610799999998
  19.254807305049955   40.121285299999997
  20.433355550577456   43.358725300000003
  21.659039564387733   46.456104000000003
  22.932783577231394   57.983804999999997
  24.255511819859098   55.366264999999999


# temperature  362.000000000000000
#   -0.096057607877116    7.849952952159292 -239.290267183682801 3228.453891242142618 -16242.515448692389327
  17.035421195840680   31.058287900000000
  18.122470597054591   35.896280800000000
  19.254807305049955   40.238018799999999
  20.433355550577456   43.477882000000001
  21.659039564387733   46.577177700000000
  22.932783577231394   58.109169299999998
  24.255511819859098   55.466209900000003


# temperature  363.000000000000000
#   -0.096216585312278    7.862711984480714 -239.673073734964504 3233.545138026125642 -16267.736982400960187
  17.035421195840680   31.164894799999999
  18.122470597054591   36.008758999999998
  19.254807305049955   40.354532599999999
  20.433355550577456   43.596801800000001
  21.659039564387733   46.698000200000003
  22.932783577231394   58.234250099999997
  24.255511819859098   55.565925700000001


# temperature  364.000000000000000
#   -0.096375052880198    7.875429643031097 -240.054624801630695 3238.619482408117619 -16292.873475675283771
  17.035421195840680   31.271347800000001
  18.122470597054591   36.121045500000001
  19.254807305049955   40.470827200000002
  20.433355550577456   43.715485200000003
  21.659039564387733   46.818572500000002
  22.932783577231394   58.359048700000002
  24.255511819859098   55.665413500000000


# temperature  365.000000000000000
#   -0.096533014387441    7.888106238935884 -240.434929888075402 3243.677053141047054 -16317.925581209870870
  17.035421195840680   31.377646899999998
  18.122470597054591   36.233140599999999
  19.254807305049955   40.586903100000001
  20.433355550577456   43.833932900000001
  21.659039564387733   46.938895299999999
  22.932783577231394   58.483566199999999
  24.255511819859098   55.764674100000001


# temperature  366.000000000000000
#   -0.096690470972011    7.900741869645390 -240.813992119528336 3248.717894806616187 -16342.893537434896643
  17.035421195840680   31.483792099999999
  18.122470597054591   36.345044700000003
  19.254807305049955   40.702760800000000
  20.433355550577456   43.952145600000001
  21.659039564387733   47.058969400000002
  22.932783577231394   58.607803500000003
  24.255511819859098   55.863708500000001


# temperature  367.000000000000000
#   -0.096847427880693    7.913336953624337 -241.191823942257486 3253.742171212310495 -16367.778149758485597
  17.035421195840680   31.589783499999999
  18.122470597054591   36.456757899999999
  19.254807305049955   40.818400799999999
  20.433355550577456   44.070123899999999
  21.659039564387733   47.178795600000001
  22.932783577231394   58.731762000000003
  24.255511819859098   55.962517499999997


# temperature  368.000000000000000
#   -0.097003886172015    7.925891586832823 -241.568428601345261 3258.749930956294975 -16392.579689768834214
  17.035421195840680   31.695620900000002
  18.122470597054591   36.568280600000001
  19.254807305049955   40.933823599999997
  20.433355550577456   44.187868500000000
  21.659039564387733   47.298374699999997
  22.932783577231394   58.855442500000002
  24.255511819859098   56.061102099999999


# temperature  369.000000000000000
#   -0.097159850158144    7.938406117030916 -241.943816563432108 3263.741313531238120 -16417.298852214327781
  17.035421195840680   31.801304500000001
  18.122470597054591   36.679613099999997
  19.254807305049955   41.049029800000000
  20.433355550577456   44.305380100000001
  21.659039564387733   47.417707499999999
  22.932783577231394   58.978846300000001
  24.255511819859098   56.159463199999998


# temperature  370.000000000000000
#   -0.097315322575042    7.950880767249421 -242.317994633700181 3268.716411204549786 -16441.936106294117053
  17.035421195840680   31.906834199999999
  18.122470597054591   36.790755699999998
  19.254807305049955   41.164019799999998
  20.433355550577456   44.422659400000001
  21.659039564387733   47.536794800000003
  22.932783577231394   59.101974400000003
  24.255511819859098   56.257601600000001


# temperature  371.000000000000000
#   -0.097470305884481    7.963315742233775 -242.690969172919750 3273.675311586834141 -16466.491903474492574
  17.035421195840680   32.012210000000003
  18.122470597054591   36.901708599999999
  19.254807305049955   41.278794200000000
  20.433355550577456   44.539706899999999
  21.659039564387733   47.655637300000002
  22.932783577231394   59.224827800000000
  24.255511819859098   56.355518300000000


# temperature  372.000000000000000
#   -0.097624802053277    7.975711196908298 -243.062744747919680 3278.618074582614099 -16490.966539094952168
  17.035421195840680   32.117432000000001
  18.122470597054591   37.012472199999998
  19.254807305049955   41.393353500000003
  20.433355550577456   44.656523499999999
  21.659039564387733   47.774236000000002
  22.932783577231394   59.347407699999998
  24.255511819859098   56.453214199999998


# temperature  373.000000000000000
#   -0.097778818209532    7.988067718912815 -243.433339437930158 3283.544946331864594 -16515.361264530893095
  17.035421195840680   32.222500099999998
  18.122470597054591   37.123046700000003
  19.254807305049955   41.507698200000000
  20.433355550577456   44.773109599999998
  21.659039564387733   47.892591400000001
  22.932783577231394   59.469715200000003
  24.255511819859098   56.550690099999997


# temperature  374.000000000000000
#   -0.097932351903508    8.000385104045765 -243.802746920243578 3288.455840768362123 -16539.675645072162297
  17.035421195840680   32.327414500000003
  18.122470597054591   37.233432499999999
  19.254807305049955   41.621828899999997
  20.433355550577456   44.889466100000000
  21.659039564387733   48.010704500000003
  22.932783577231394   59.591751199999997
  24.255511819859098   56.647946900000001


# temperature  375.000000000000000
#   -0.098085410341098    8.012663946177765 -244.170985455439506 3293.351006317307110 -16563.910942626229371
  17.035421195840680   32.432175100000002
  18.122470597054591   37.343629900000003
  19.254807305049955   41.735745999999999
  20.433355550577456   45.005593500000003
  21.659039564387733   48.128575900000001
  22.932783577231394   59.713516900000002
  24.255511819859098   56.744985600000000


# temperature  376.000000000000000
#   -0.098237994229125    8.024904294825538 -244.538056321184740 3298.230457482605743 -16588.067218565924122
  17.035421195840680   32.536782100000003
  18.122470597054591   37.453639199999998
  19.254807305049955   41.849450099999999
  20.433355550577456   45.121492500000002
  21.659039564387733   48.246206600000001
  22.932783577231394   59.835013300000000
  24.255511819859098   56.841806900000002


# temperature  377.000000000000000
#   -0.098390105035764    8.037106278056847 -244.903963694796090 3303.094254736265157 -16612.144800385325652
  17.035421195840680   32.641235399999999
  18.122470597054591   37.563460700000000
  19.254807305049955   41.962941800000003
  20.433355550577456   45.237163899999999
  21.659039564387733   48.363597200000001
  22.932783577231394   59.956241400000003
  24.255511819859098   56.938411799999997


# temperature  378.000000000000000
#   -0.098541749388881    8.049270435875918 -245.268723992933246 3307.942618934084294 -16636.144797719221970
  17.035421195840680   32.745534999999997
  18.122470597054591   37.673094700000000
  19.254807305049955   42.076221500000003
  20.433355550577456   45.352608099999998
  21.659039564387733   48.480748499999997
  22.932783577231394   60.077202300000003
  24.255511819859098   57.034801100000003


# temperature  379.000000000000000
#   -0.098692927646455    8.061396788848834 -245.632337590570586 3312.775552049222824 -16660.067206585772510
  17.035421195840680   32.849681199999999
  18.122470597054591   37.782541600000002
  19.254807305049955   42.189289700000003
  20.433355550577456   45.467826000000002
  21.659039564387733   48.597661400000000
  22.932783577231394   60.197897099999999
  24.255511819859098   57.130975599999999


# temperature  380.000000000000000
#   -0.098843642156703    8.073485540602704 -245.994811077433383 3317.593148485597339 -16683.912531868307269
  17.035421195840680   32.953673899999998
  18.122470597054591   37.891801700000002
  19.254807305049955   42.302147099999999
  20.433355550577456   45.582818199999998
  21.659039564387733   48.714336500000002
  22.932783577231394   60.318326700000000
  24.255511819859098   57.226936299999998


# temperature  381.000000000000000
#   -0.098993895185515    8.085536867161236 -246.356149547865186 3322.395473511187902 -16707.681086322594638
  17.035421195840680   33.057513200000002
  18.122470597054591   38.000875200000003
  19.254807305049955   42.414794100000002
  20.433355550577456   45.697585300000000
  21.659039564387733   48.830774699999999
  22.932783577231394   60.438492199999999
  24.255511819859098   57.322684000000002


# temperature  382.000000000000000
#   -0.099143691765416    8.097551187097096 -246.716366010210095 3327.182706236479589 -16731.373791574718780
  17.035421195840680   33.161199099999997
  18.122470597054591   38.109762600000003
  19.254807305049955   42.527231299999997
  20.433355550577456   45.812128000000001
  21.659039564387733   48.946976700000000
  22.932783577231394   60.558394600000000
  24.255511819859098   57.418219499999999


# temperature  383.000000000000000
#   -0.099293033322605    8.109528610182323 -247.075463605312990 3331.954886361013450 -16754.990834718890255
  17.035421195840680   33.264731900000001
  18.122470597054591   38.218464200000000
  19.254807305049955   42.639459199999997
  20.433355550577456   45.926446900000002
  21.659039564387733   49.062943300000001
  22.932783577231394   60.678034900000000
  24.255511819859098   57.513543599999998


# temperature  384.000000000000000
#   -0.099441922809937    8.121469383723580 -247.433450083044306 3336.712121714319437 -16778.532777769083623
  17.035421195840680   33.368111399999997
  18.122470597054591   38.326980300000002
  19.254807305049955   42.751478300000002
  20.433355550577456   46.040542799999997
  21.659039564387733   49.178675200000001
  22.932783577231394   60.797414199999999
  24.255511819859098   57.608657299999997


# temperature  385.000000000000000
#   -0.099590362853972    8.133373714965922 -247.790331540725049 3341.454491692011288 -16802.000006870046491
  17.035421195840680   33.471337900000002
  18.122470597054591   38.435311200000001
  19.254807305049955   42.863289199999997
  20.433355550577456   46.154416200000000
  21.659039564387733   49.294173299999997
  22.932783577231394   60.916533500000000
  24.255511819859098   57.703561299999997


# temperature  386.000000000000000
#   -0.099738354749705    8.145241714303799 -248.146111501431761 3346.182046266002544 -16825.392787591918022
  17.035421195840680   33.574411400000002
  18.122470597054591   38.543457300000000
  19.254807305049955   42.974892300000000
  20.433355550577456   46.268067899999998
  21.659039564387733   49.409438199999997
  22.932783577231394   61.035393700000000
  24.255511819859098   57.798256500000001


# temperature  387.000000000000000
#   -0.099885904636539    8.157073883329160 -248.500805264361418 3350.894992013563296 -16848.712161682040460
  17.035421195840680   33.677332100000001
  18.122470597054591   38.651418999999997
  19.254807305049955   43.086288300000000
  20.433355550577456   46.381498399999998
  21.659039564387733   49.524470700000002
  22.932783577231394   61.153995899999998
  24.255511819859098   57.892743600000003


# temperature  388.000000000000000
#   -0.100033011355403    8.168870123913479 -248.854409749640269 3355.593286613569489 -16871.957914468897798
  17.035421195840680   33.780099999999997
  18.122470597054591   38.759196500000002
  19.254807305049955   43.197477599999999
  20.433355550577456   46.494708500000002
  21.659039564387733   49.639271600000001
  22.932783577231394   61.272341099999998
  24.255511819859098   57.987023600000001


# temperature  389.000000000000000
#   -0.100179678599116    8.180630742471513 -249.206934458012540 3360.277060611157140 -16895.130716429237509
  17.035421195840680   33.882715200000000
  18.122470597054591   38.866790199999997
  19.254807305049955   43.308460900000000
  20.433355550577456   46.607698700000000
  21.659039564387733   49.753841700000002
  22.932783577231394   61.390430199999997
  24.255511819859098   58.081097300000003


# temperature  390.000000000000000
#   -0.100325909420334    8.192355983255716 -249.558386693034095 3364.946410871976695 -16918.231048501631449
  17.035421195840680   33.985177800000002
  18.122470597054591   38.974200500000002
  19.254807305049955   43.419238499999999
  20.433355550577456   46.720469799999996
  21.659039564387733   49.868181700000001
  22.932783577231394   61.508264199999999
  24.255511819859098   58.174965299999997


# temperature  391.000000000000000
#   -0.100471704796146    8.204045931772564 -249.908769242919448 3369.601377649077222 -16941.259127532306593
  17.035421195840680   34.087488000000000
  18.122470597054591   39.081427699999999
  19.254807305049955   43.529811199999997
  20.433355550577456   46.833022399999997
  21.659039564387733   49.982292299999997
  22.932783577231394   61.625844100000002
  24.255511819859098   58.268628700000001


# temperature  392.000000000000000
#   -0.100617070241756    8.215701030451472 -250.258095357600865 3374.242136662848225 -16964.215824461640295
  17.035421195840680   34.189645900000002
  18.122470597054591   39.188472200000000
  19.254807305049955   43.640179300000000
  20.433355550577456   46.945357199999997
  21.659039564387733   50.096174300000001
  22.932783577231394   61.743170999999997
  24.255511819859098   58.362088000000000


# temperature  393.000000000000000
#   -0.100762007062334    8.227321394835272 -250.606368837509621 3378.868743069980610 -16987.101437202400120
  17.035421195840680   34.291651600000002
  18.122470597054591   39.295334400000002
  19.254807305049955   43.750343399999998
  20.433355550577456   47.057474700000000
  21.659039564387733   50.209828399999999
  22.932783577231394   61.860245700000000
  24.255511819859098   58.455344300000000


# temperature  394.000000000000000
#   -0.100906515131022    8.238907007769850 -250.953588985853941 3383.481185731061487 -17009.915904007248173
  17.035421195840680   34.393505200000000
  18.122470597054591   39.402014500000000
  19.254807305049955   43.860304200000002
  20.433355550577456   47.169375700000003
  21.659039564387733   50.323255500000002
  22.932783577231394   61.977069200000003
  24.255511819859098   58.548398200000001


# temperature  395.000000000000000
#   -0.101050598924741    8.250458238081944 -251.299767135264716 3388.079618668379680 -17032.660006169615372
  17.035421195840680   34.495206799999998
  18.122470597054591   39.508512899999999
  19.254807305049955   43.970061999999999
  20.433355550577456   47.281060799999999
  21.659039564387733   50.436456100000001
  22.932783577231394   62.093642500000001
  24.255511819859098   58.641250599999999


# temperature  396.000000000000000
#   -0.101194262487084    8.261975413036129 -251.644913175759172 3392.664174248481231 -17055.334405546742346
  17.035421195840680   34.596756700000000
  18.122470597054591   39.614830099999999
  19.254807305049955   44.079617399999997
  20.433355550577456   47.392530600000001
  21.659039564387733   50.549431100000000
  22.932783577231394   62.209966600000001
  24.255511819859098   58.733902200000003


# temperature  397.000000000000000
#   -0.101337505365785    8.273458499342501 -251.989026230452993 3397.234842990798370 -17077.939068651128764
  17.035421195840680   34.698154899999999
  18.122470597054591   39.720966300000001
  19.254807305049955   44.188971100000003
  20.433355550577456   47.503785800000003
  21.659039564387733   50.662181199999999
  22.932783577231394   62.326042399999999
  24.255511819859098   58.826353900000001


# temperature  398.000000000000000
#   -0.101480330675371    8.284907746152200 -252.332113742011956 3401.791723403663127 -17100.474482927998906
  17.035421195840680   34.799401600000003
  18.122470597054591   39.826922000000003
  19.254807305049955   44.298123400000001
  20.433355550577456   47.614827099999999
  21.659039564387733   50.774707200000002
  22.932783577231394   62.441870799999997
  24.255511819859098   58.918606300000000


# temperature  399.000000000000000
#   -0.101622743791375    8.296323601469259 -252.674189645213715 3406.335007310336096 -17122.941634363498451
  17.035421195840680   34.900496799999999
  18.122470597054591   39.932697500000003
  19.254807305049955   44.407074999999999
  20.433355550577456   47.725655000000003
  21.659039564387733   50.887009700000000
  22.932783577231394   62.557452900000001
  24.255511819859098   59.010660399999999


# temperature  400.000000000000000
#   -0.101764741602179    8.307705799746365 -253.015245507355303 3410.864576684758958 -17145.339908395391831
  17.035421195840680   35.001440899999999
  18.122470597054591   40.038293099999997
  19.254807305049955   44.515826300000001
  20.433355550577456   47.836270200000001
  21.659039564387733   50.999089499999997
  22.932783577231394   62.672789399999999
  24.255511819859098   59.102516799999997


# temperature  401.000000000000000
#   -0.101906330655900    8.319054884720732 -253.355298201300485 3415.380663520655162 -17167.670497282419092
  17.035421195840680   35.102233800000000
  18.122470597054591   40.143709299999998
  19.254807305049955   44.624378000000000
  20.433355550577456   47.946673400000002
  21.659039564387733   51.110947400000001
  22.932783577231394   62.787881400000003
  24.255511819859098   59.194176300000002


# temperature  402.000000000000000
#   -0.102047512517380    8.330370977219992 -253.694351184472424 3419.883311325997965 -17189.933604008136172
  17.035421195840680   35.202875900000002
  18.122470597054591   40.248946400000001
  19.254807305049955   44.732730500000002
  20.433355550577456   48.056865199999997
  21.659039564387733   51.222583999999998
  22.932783577231394   62.902729899999997
  24.255511819859098   59.285639699999997


# temperature  403.000000000000000
#   -0.102188287176223    8.341654080369011 -254.032404701539235 3424.372525911729554 -17212.129272975129425
  17.035421195840680   35.303367100000003
  18.122470597054591   40.354004699999997
  19.254807305049955   44.840884299999999
  20.433355550577456   48.166846200000002
  21.659039564387733   51.334000099999997
  22.932783577231394   63.017335600000003
  24.255511819859098   59.376907799999998


# temperature  404.000000000000000
#   -0.102328659052102    8.352904553948807 -254.369469685793320 3428.848454354815658 -17234.258242880227044
  17.035421195840680   35.403707799999999
  18.122470597054591   40.458884699999999
  19.254807305049955   44.948840099999998
  20.433355550577456   48.276617100000003
  21.659039564387733   51.445196400000000
  22.932783577231394   63.131699599999997
  24.255511819859098   59.467981299999998


# temperature  405.000000000000000
#   -0.102468630451958    8.364122586919997 -254.705551925031187 3433.311175347521385 -17256.320914516392804
  17.035421195840680   35.503898000000000
  18.122470597054591   40.563586700000002
  19.254807305049955   45.056598299999997
  20.433355550577456   48.386178500000000
  21.659039564387733   51.556173600000001
  22.932783577231394   63.245822799999999
  24.255511819859098   59.558861000000000


# temperature  406.000000000000000
#   -0.102608203160702    8.375308330239807 -255.040656200631162 3437.760756140206013 -17278.317641723020643
  17.035421195840680   35.603937899999998
  18.122470597054591   40.668111199999998
  19.254807305049955   45.164159599999998
  20.433355550577456   48.495531100000001
  21.659039564387733   51.666932400000000
  22.932783577231394   63.359706000000003
  24.255511819859098   59.649547599999998


# temperature  407.000000000000000
#   -0.102747379523701    8.386461961422130 -255.374787487082727 3442.197257984373209 -17300.248704197783809
  17.035421195840680   35.703827699999998
  18.122470597054591   40.772458299999997
  19.254807305049955   45.271524300000003
  20.433355550577456   48.604675399999998
  21.659039564387733   51.777473600000000
  22.932783577231394   63.473350300000000
  24.255511819859098   59.740041800000000


# temperature  408.000000000000000
#   -0.102886161540152    8.397583655081856 -255.707951468637589 3446.620762646037292 -17322.114539922549739
  17.035421195840680   35.803567600000001
  18.122470597054591   40.876628699999998
  19.254807305049955   45.378692999999998
  20.433355550577456   48.713612099999999
  21.659039564387733   51.887797900000002
  22.932783577231394   63.586756399999999
  24.255511819859098   59.830344500000002


# temperature  409.000000000000000
#   -0.103024549663420    8.408673443227659 -256.040148993162745 3451.031280313249226 -17343.915196407397161
  17.035421195840680   35.903157700000001
  18.122470597054591   40.980622500000003
  19.254807305049955   45.485666399999999
  20.433355550577456   48.822341899999998
  21.659039564387733   51.997906000000000
  22.932783577231394   63.699925299999997
  24.255511819859098   59.920456299999998


# temperature  410.000000000000000
#   -0.103162550166755    8.419731842592524 -256.371395933880592 3455.429026567193432 -17365.651765732105559
  17.035421195840680   36.002598200000001
  18.122470597054591   41.084440299999997
  19.254807305049955   45.592444800000003
  20.433355550577456   48.930865300000001
  21.659039564387733   52.107798500000001
  22.932783577231394   63.812857899999997
  24.255511819859098   60.010378000000003


# temperature  411.000000000000000
#   -0.103300162871380    8.430758834542578 -256.701691623772717 3459.813991523250024 -17387.324195832308760
  17.035421195840680   36.101889300000003
  18.122470597054591   41.188082399999999
  19.254807305049955   45.699028900000002
  20.433355550577456   49.039183000000001
  21.659039564387733   52.217476300000001
  22.932783577231394   63.925555099999997
  24.255511819859098   60.100110299999997


# temperature  412.000000000000000
#   -0.103437388252910    8.441754455145395 -257.031037076131724 3464.186187743523988 -17408.932544611347112
  17.035421195840680   36.201031299999997
  18.122470597054591   41.291549099999997
  19.254807305049955   45.805419100000002
  20.433355550577456   49.147295600000000
  21.659039564387733   52.326939899999999
  22.932783577231394   64.038017699999997
  24.255511819859098   60.189653900000003


# temperature  413.000000000000000
#   -0.103574230606144    8.452719060829772 -257.359443354856069 3468.545767561085540 -17430.477596723165334
  17.035421195840680   36.300024200000003
  18.122470597054591   41.394840899999998
  19.254807305049955   45.911616100000003
  20.433355550577456   49.255203799999997
  21.659039564387733   52.436190199999999
  22.932783577231394   64.150246699999997
  24.255511819859098   60.279009600000002


# temperature  414.000000000000000
#   -0.103710692076892    8.463652826883235 -257.686915802261012 3472.892803052327054 -17451.959715324232093
  17.035421195840680   36.398868200000003
  18.122470597054591   41.497958099999998
  19.254807305049955   46.017620299999997
  20.433355550577456   49.362908099999999
  21.659039564387733   52.545227699999998
  22.932783577231394   64.262242900000004
  24.255511819859098   60.368178100000002


# temperature  415.000000000000000
#   -0.103846773477052    8.474555814286839 -258.013456123632068 3477.227315366140374 -17473.378998610263807
  17.035421195840680   36.497563599999999
  18.122470597054591   41.600901100000002
  19.254807305049955   46.123432200000003
  20.433355550577456   49.470409199999999
  21.659039564387733   52.654053200000000
  22.932783577231394   64.374007199999994
  24.255511819859098   60.457160100000003


# temperature  416.000000000000000
#   -0.103982475554501    8.485428085494357 -258.339066290093342 3481.549332430776758 -17494.735595991474838
  17.035421195840680   36.596110500000002
  18.122470597054591   41.703670299999999
  19.254807305049955   46.229052400000000
  20.433355550577456   49.577707799999999
  21.659039564387733   52.762667499999999
  22.932783577231394   64.485540400000005
  24.255511819859098   60.545956300000000


# temperature  417.000000000000000
#   -0.104117805495585    8.496270232352295 -258.663764474290758 3485.859100862970081 -17516.030755328218220
  17.035421195840680   36.694509199999999
  18.122470597054591   41.806266200000003
  19.254807305049955   46.334481400000001
  20.433355550577456   49.684804300000003
  21.659039564387733   52.871071100000002
  22.932783577231394   64.596843500000006
  24.255511819859098   60.634567500000003


# temperature  418.000000000000000
#   -0.104252760225608    8.507081994819840 -258.987542514527718 3490.156508087505699 -17537.263900712383474
  17.035421195840680   36.792759799999999
  18.122470597054591   41.908688900000001
  19.254807305049955   46.439719799999999
  20.433355550577456   49.791699500000000
  21.659039564387733   52.979264800000003
  22.932783577231394   64.707917300000005
  24.255511819859098   60.722994200000002


# temperature  419.000000000000000
#   -0.104387344910238    8.517863802981351 -259.310413758627078 3494.441737157912485 -17558.435967792720476
  17.035421195840680   36.890862599999998
  18.122470597054591   42.010939100000002
  19.254807305049955   46.544767999999998
  20.433355550577456   49.898393900000002
  21.659039564387733   53.087249200000002
  22.932783577231394   64.818762599999999
  24.255511819859098   60.811237300000002


# temperature  420.000000000000000
#   -0.104521559592682    8.528615656700952 -259.632378120283590 3498.714786328687751 -17579.546947498794907
  17.035421195840680   36.988817699999998
  18.122470597054591   42.113016999999999
  19.254807305049955   46.649626699999999
  20.433355550577456   50.004888200000003
  21.659039564387733   53.195025100000002
  22.932783577231394   64.929380300000005
  24.255511819859098   60.899297400000002


# temperature  421.000000000000000
#   -0.104655406986927    8.539337776428789 -259.953442277714259 3502.975745119496878 -17600.597287857181072
  17.035421195840680   37.086625300000001
  18.122470597054591   42.214922999999999
  19.254807305049955   46.754296199999999
  20.433355550577456   50.111182999999997
  21.659039564387733   53.302593100000003
  22.932783577231394   65.039771299999998
  24.255511819859098   60.987175299999997


# temperature  422.000000000000000
#   -0.104788888880076    8.550030308418490 -260.273610713036589 3507.224674538764702 -17621.587299691927910
  17.035421195840680   37.184285699999997
  18.122470597054591   42.316657499999998
  19.254807305049955   46.858777199999999
  20.433355550577456   50.217278800000003
  21.659039564387733   53.409953899999998
  22.932783577231394   65.149936299999993
  24.255511819859098   61.074871500000000


# temperature  423.000000000000000
#   -0.104922007137495    8.560693403523501 -260.592887985967252 3511.461635759729688 -17642.517290327956289
  17.035421195840680   37.281799100000001
  18.122470597054591   42.418221000000003
  19.254807305049955   46.963070100000003
  20.433355550577456   50.323176400000001
  21.659039564387733   53.517108299999997
  22.932783577231394   65.259876300000002
  24.255511819859098   61.162386900000001


# temperature  424.000000000000000
#   -0.105054765719381    8.571327388518565 -260.911284167209544 3515.686766226987856 -17663.387960536678293
  17.035421195840680   37.379165600000000
  18.122470597054591   42.519613700000001
  19.254807305049955   47.067175499999998
  20.433355550577456   50.428876199999998
  21.659039564387733   53.624056699999997
  22.932783577231394   65.369592100000006
  24.255511819859098   61.249721999999998


# temperature  425.000000000000000
#   -0.105187163259448    8.581932149641482 -261.228795737438077 3519.900018076259585 -17684.199068487436307
  17.035421195840680   37.476385600000000
  18.122470597054591   42.620836199999999
  19.254807305049955   47.171093999999997
  20.433355550577456   50.534379000000001
  21.659039564387733   53.730800100000003
  22.932783577231394   65.479084499999999
  24.255511819859098   61.336877700000002


# temperature  426.000000000000000
#   -0.105319203689882    8.592508006667037 -261.545432410674664 3524.101522045335514 -17704.951272033187706
  17.035421195840680   37.573459100000001
  18.122470597054591   42.721888700000001
  19.254807305049955   47.274825900000003
  20.433355550577456   50.639685299999996
  21.659039564387733   53.837338899999999
  22.932783577231394   65.588354300000006
  24.255511819859098   61.423854400000003


# temperature  427.000000000000000
#   -0.105450887326642    8.603054989053129 -261.861195205373690 3528.291293668416074 -17725.644658883760712
  17.035421195840680   37.670386499999999
  18.122470597054591   42.822771699999997
  19.254807305049955   47.378371999999999
  20.433355550577456   50.744795699999997
  21.659039564387733   53.943673900000000
  22.932783577231394   65.697402299999993
  24.255511819859098   61.510652999999998


# temperature  428.000000000000000
#   -0.105582217426527    8.613573357698593 -262.176091926475920 3532.469436428219524 -17746.279742395585345
  17.035421195840680   37.767167800000003
  18.122470597054591   42.923485499999998
  19.254807305049955   47.481732500000000
  20.433355550577456   50.849710799999997
  21.659039564387733   54.049805800000001
  22.932783577231394   65.806229400000007
  24.255511819859098   61.597274100000000


# temperature  429.000000000000000
#   -0.105713197094588    8.624063370163688 -262.490130545203556 3536.636059438052143 -17766.857079422334209
  17.035421195840680   37.863803500000003
  18.122470597054591   43.024030600000003
  19.254807305049955   47.584908200000001
  20.433355550577456   50.954431200000002
  21.659039564387733   54.155735100000001
  22.932783577231394   65.914836500000007
  24.255511819859098   61.683718399999997


# temperature  430.000000000000000
#   -0.105843825409016    8.634524949719109 -262.803308705596521 3540.791131171585221 -17787.376514895680884
  17.035421195840680   37.960293600000000
  18.122470597054591   43.124407300000001
  19.254807305049955   47.687899500000000
  20.433355550577456   51.058957499999998
  21.659039564387733   54.261462600000002
  22.932783577231394   66.023224200000001
  24.255511819859098   61.769986500000002


# temperature  431.000000000000000
#   -0.105974105873486    8.644958382106537 -263.115635106235118 3544.934768851262106 -17807.838638637396798
  17.035421195840680   38.056638399999997
  18.122470597054591   43.224616099999999
  19.254807305049955   47.790706900000004
  20.433355550577456   51.163290300000000
  21.659039564387733   54.366988999999997
  22.932783577231394   66.131393399999993
  24.255511819859098   61.856079100000002


# temperature  432.000000000000000
#   -0.106104040370500    8.655363816401710 -263.427114151618184 3549.067030111513759 -17828.243732438688312
  17.035421195840680   38.152838199999998
  18.122470597054591   43.324657299999998
  19.254807305049955   47.893330900000002
  20.433355550577456   51.267430200000000
  21.659039564387733   54.472314900000001
  22.932783577231394   66.239345000000000
  24.255511819859098   61.941996799999998


# temperature  433.000000000000000
#   -0.106233629293534    8.665741293516483 -263.737747377900121 3553.187939893221483 -17848.591944407275150
  17.035421195840680   38.248893099999997
  18.122470597054591   43.424531299999998
  19.254807305049955   47.995772100000003
  20.433355550577456   51.371377799999998
  21.659039564387733   54.577440799999998
  22.932783577231394   66.347079600000001
  24.255511819859098   62.027740299999998


# temperature  434.000000000000000
#   -0.106362875411199    8.676091030714176 -264.047541136206519 3557.297580279092927 -17868.883670346353028
  17.035421195840680   38.344803400000004
  18.122470597054591   43.524238500000003
  19.254807305049955   48.098030899999998
  20.433355550577456   51.475133700000001
  21.659039564387733   54.682367599999999
  22.932783577231394   66.454598200000007
  24.255511819859098   62.113310300000002


# temperature  435.000000000000000
#   -0.106491780399704    8.686413166795552 -264.356499734599197 3561.396010708531321 -17889.119217450330325
  17.035421195840680   38.440569300000000
  18.122470597054591   43.623779300000002
  19.254807305049955   48.200107899999999
  20.433355550577456   51.578698500000002
  21.659039564387733   54.787095899999997
  22.932783577231394   66.561901500000005
  24.255511819859098   62.198707300000002


# temperature  436.000000000000000
#   -0.106620346574923    8.696707894066380 -264.664629125880651 3565.483312651846973 -17909.299001452647644
  17.035421195840680   38.536191100000003
  18.122470597054591   43.723154100000002
  19.254807305049955   48.302003599999999
  20.433355550577456   51.682072699999999
  21.659039564387733   54.891626199999997
  22.932783577231394   66.668990300000004
  24.255511819859098   62.283932100000001


# temperature  437.000000000000000
#   -0.106748574730639    8.706975276879319 -264.971931272360166 3569.559512857355458 -17929.423159638961806
  17.035421195840680   38.631669000000002
  18.122470597054591   43.822363299999999
  19.254807305049955   48.403718499999997
  20.433355550577456   51.785256900000000
  21.659039564387733   54.995959200000001
  22.932783577231394   66.775865300000007
  24.255511819859098   62.368985299999999


# temperature  438.000000000000000
#   -0.106876468154558    8.717215582058870 -265.278414270945007 3573.624720333502864 -17949.492241378622566
  17.035421195840680   38.727003099999997
  18.122470597054591   43.921407299999998
  19.254807305049955   48.505253099999997
  20.433355550577456   51.888251799999999
  21.659039564387733   55.100095699999997
  22.932783577231394   66.882527499999995
  24.255511819859098   62.453867600000002


# temperature  439.000000000000000
#   -0.107004026895702    8.727428812159065 -265.584078156576425 3577.678935006569191 -17969.506243394182093
  17.035421195840680   38.822193800000001
  18.122470597054591   44.020286400000003
  19.254807305049955   48.606607900000000
  20.433355550577456   51.991057800000000
  21.659039564387733   55.204036100000003
  22.932783577231394   66.988977399999996
  24.255511819859098   62.538579400000003


# temperature  440.000000000000000
#   -0.107131252850345    8.737615123959092 -265.888927780939866 3581.722223575551652 -17989.465509123474476
  17.035421195840680   38.917241300000001
  18.122470597054591   44.119001099999998
  19.254807305049955   48.707783499999998
  20.433355550577456   52.093675699999999
  21.659039564387733   55.307781200000001
  22.932783577231394   67.095215999999994
  24.255511819859098   62.623121599999997


# temperature  441.000000000000000
#   -0.107258149191480    8.747774772546173 -266.192970788586308 3585.754687312819897 -18009.370538849478180
  17.035421195840680   39.012145900000000
  18.122470597054591   44.217551800000003
  19.254807305049955   48.808780200000001
  20.433355550577456   52.196105899999999
  21.659039564387733   55.411331599999997
  22.932783577231394   67.201244000000003
  24.255511819859098   62.707494699999998


# temperature  442.000000000000000
#   -0.107384716114261    8.757907778174232 -266.496207960720255 3589.776339466196532 -18029.221415168620297
  17.035421195840680   39.106907700000001
  18.122470597054591   44.315938799999998
  19.254807305049955   48.909598799999998
  20.433355550577456   52.298349000000002
  21.659039564387733   55.514688000000000
  22.932783577231394   67.307062099999996
  24.255511819859098   62.791699299999998


# temperature  443.000000000000000
#   -0.107510954236352    8.768014186929113 -266.798640564438756 3593.787195284884092 -18049.018205642558314
  17.035421195840680   39.201526999999999
  18.122470597054591   44.414162500000003
  19.254807305049955   49.010239499999997
  20.433355550577456   52.400405700000000
  21.659039564387733   55.617850900000001
  22.932783577231394   67.412671099999997
  24.255511819859098   62.875736099999997


# temperature  444.000000000000000
#   -0.107636869422980    8.778094485648174 -267.100283684349620 3597.787461583286586 -18068.761968473823799
  17.035421195840680   39.296004000000003
  18.122470597054591   44.512223400000003
  19.254807305049955   49.110703000000001
  20.433355550577456   52.502276400000000
  21.659039564387733   55.720820900000000
  22.932783577231394   67.518071800000001
  24.255511819859098   62.959605699999997


# temperature  445.000000000000000
#   -0.107762458562530    8.788148408784114 -267.401128887750133 3601.777020335347515 -18088.452089100101148
  17.035421195840680   39.390339099999998
  18.122470597054591   44.610121800000002
  19.254807305049955   49.210989699999999
  20.433355550577456   52.603961800000000
  21.659039564387733   55.823598799999999
  22.932783577231394   67.623264899999995
  24.255511819859098   63.043308699999997


# temperature  446.000000000000000
#   -0.107887725788669    8.798176299092530 -267.701186793054319 3605.756017258216616 -18108.089314638724318
  17.035421195840680   39.484532399999999
  18.122470597054591   44.707858100000003
  19.254807305049955   49.311100199999998
  20.433355550577456   52.705462400000002
  21.659039564387733   55.926185199999999
  22.932783577231394   67.728251200000003
  24.255511819859098   63.126845699999997


# temperature  447.000000000000000
#   -0.108012673704021    8.808178371201620 -268.000464008172742 3609.724542422928153 -18127.674103517925687
  17.035421195840680   39.578584100000000
  18.122470597054591   44.805432699999997
  19.254807305049955   49.411034899999997
  20.433355550577456   52.806778700000002
  21.659039564387733   56.028580599999998
  22.932783577231394   67.833031399999996
  24.255511819859098   63.210217299999996


# temperature  448.000000000000000
#   -0.108137300564687    8.818154478721894 -268.298955964682762 3613.682533075558240 -18147.206135243130120
  17.035421195840680   39.672494600000000
  18.122470597054591   44.902845999999997
  19.254807305049955   49.510794400000002
  20.433355550577456   52.907911499999997
  21.659039564387733   56.130785699999997
  22.932783577231394   67.937606299999999
  24.255511819859098   63.293424199999997


# temperature  449.000000000000000
#   -0.108261611605905    8.828105051476802 -268.596675827359832 3617.630167535816327 -18166.686310921384575
  17.035421195840680   39.766264100000001
  18.122470597054591   45.000098399999999
  19.254807305049955   49.610379100000003
  20.433355550577456   53.008861099999997
  21.659039564387733   56.232801000000002
  22.932783577231394   68.041976599999998
  24.255511819859098   63.376466899999997


# temperature  450.000000000000000
#   -0.108385606395732    8.838030051631938 -268.893622392855036 3621.567429375676056 -18186.114549047542823
  17.035421195840680   39.859892799999997
  18.122470597054591   45.097190300000001
  19.254807305049955   49.709789600000001
  20.433355550577456   53.109628299999997
  21.659039564387733   56.334627300000001
  22.932783577231394   68.146143100000003
  24.255511819859098   63.459345999999996


# temperature  451.000000000000000
#   -0.108509287311917    8.847929676391869 -269.189801753083827 3625.494401708176611 -18205.491271961858729
  17.035421195840680   39.953381000000000
  18.122470597054591   45.194122100000001
  19.254807305049955   49.809026299999999
  20.433355550577456   53.210213400000001
  21.659039564387733   56.436265100000000
  22.932783577231394   68.250106400000007
  24.255511819859098   63.542062199999997


# temperature  452.000000000000000
#   -0.108632654807604    8.857803956035827 -269.485214647442149 3629.411092434075272 -18224.816511021530459
  17.035421195840680   40.046728899999998
  18.122470597054591   45.290894100000003
  19.254807305049955   49.908089699999998
  20.433355550577456   53.310617200000003
  21.659039564387733   56.537715100000000
  22.932783577231394   68.353867399999999
  24.255511819859098   63.624616000000003


# temperature  453.000000000000000
#   -0.108755711939336    8.867653145607049 -269.779869014153348 3633.317610800158491 -18244.090826732448477
  17.035421195840680   40.139936800000001
  18.122470597054591   45.387506799999997
  19.254807305049955   50.006980300000002
  20.433355550577456   53.410840100000001
  21.659039564387733   56.638977799999999
  22.932783577231394   68.457426699999999
  24.255511819859098   63.707008000000002


# temperature  454.000000000000000
#   -0.108878459402558    8.877477306042467 -270.073766852170650 3637.213985929678984 -18263.314377612867247
  17.035421195840680   40.233004899999997
  18.122470597054591   45.483960600000003
  19.254807305049955   50.105698699999998
  20.433355550577456   53.510882700000003
  21.659039564387733   56.740053799999998
  22.932783577231394   68.560784999999996
  24.255511819859098   63.789238900000001


# temperature  455.000000000000000
#   -0.109000898408963    8.887276521727056 -270.366910290995349 3641.100240719241356 -18282.487250561705878
  17.035421195840680   40.325933499999998
  18.122470597054591   45.580255700000002
  19.254807305049955   50.204245200000003
  20.433355550577456   53.610745600000001
  21.659039564387733   56.840943799999998
  22.932783577231394   68.663943200000006
  24.255511819859098   63.871309099999998


# temperature  456.000000000000000
#   -0.109123030074344    8.897050894421479 -270.659302770931902 3644.976426304384404 -18301.609727108516381
  17.035421195840680   40.418722899999999
  18.122470597054591   45.676392700000001
  19.254807305049955   50.302620500000003
  20.433355550577456   53.710429300000001
  21.659039564387733   56.941648399999998
  22.932783577231394   68.766901799999999
  24.255511819859098   63.953219300000001


# temperature  457.000000000000000
#   -0.109244857791483    8.906800702414580 -270.950952816506685 3648.842658338543970 -18320.682393545375817
  17.035421195840680   40.511373200000001
  18.122470597054591   45.772371999999997
  19.254807305049955   50.400824900000003
  20.433355550577456   53.809934400000003
  21.659039564387733   57.042168099999998
  22.932783577231394   68.869661600000001
  24.255511819859098   64.034970099999995


# temperature  458.000000000000000
#   -0.109366382970146    8.916526054109491 -271.241863524387838 3652.698975819026600 -18339.705432366674358
  17.035421195840680   40.603884800000003
  18.122470597054591   45.868193800000000
  19.254807305049955   50.498859000000003
  20.433355550577456   53.909261299999997
  21.659039564387733   57.142503499999997
  22.932783577231394   68.972223400000004
  24.255511819859098   64.116562000000002


# temperature  459.000000000000000
#   -0.109487604212866    8.926226835041488 -271.532031419633711 3656.545332477272495 -18358.678615394714143
  17.035421195840680   40.696257899999999
  18.122470597054591   45.963858600000002
  19.254807305049955   50.596723200000000
  20.433355550577456   54.008410800000000
  21.659039564387733   57.242655300000003
  22.932783577231394   69.074587800000003
  24.255511819859098   64.197995599999999


# temperature  460.000000000000000
#   -0.109608526295403    8.935903442027811 -271.821468804432413 3660.381897000654590 -18377.602805511312908
  17.035421195840680   40.788492699999999
  18.122470597054591   46.059366799999999
  19.254807305049955   50.694418100000000
  20.433355550577456   54.107383200000001
  21.659039564387733   57.342624000000001
  22.932783577231394   69.176755499999999
  24.255511819859098   64.279271499999993


# temperature  461.000000000000000
#   -0.109729150060110    8.945555934985606 -272.110177229272153 3664.208686595276959 -18396.478070731278422
  17.035421195840680   40.880589600000000
  18.122470597054591   46.154718799999998
  19.254807305049955   50.791944000000001
  20.433355550577456   54.206179100000000
  21.659039564387733   57.442410299999999
  22.932783577231394   69.278727300000000
  24.255511819859098   64.360390300000006


# temperature  462.000000000000000
#   -0.109849476029196    8.955184364131160 -272.398158483689883 3668.025729293077347 -18415.304573467914452
  17.035421195840680   40.972548699999997
  18.122470597054591   46.249914900000000
  19.254807305049955   50.889301600000003
  20.433355550577456   54.304799099999997
  21.659039564387733   57.542014600000002
  22.932783577231394   69.380503800000000
  24.255511819859098   64.441352499999994


# temperature  463.000000000000000
#   -0.109969504650307    8.964788760199886 -272.685413329983817 3671.833033129457363 -18434.082343211874104
  17.035421195840680   41.064370400000001
  18.122470597054591   46.344955599999999
  19.254807305049955   50.986491299999997
  20.433355550577456   54.403243799999998
  21.659039564387733   57.641437699999997
  22.932783577231394   69.482085699999999
  24.255511819859098   64.522158700000006


# temperature  464.000000000000000
#   -0.110089239220082    8.974369393361329 -272.971950030063852 3675.630709890858725 -18452.811944472643518
  17.035421195840680   41.156054900000001
  18.122470597054591   46.439841199999996
  19.254807305049955   51.083513500000002
  20.433355550577456   54.501513600000003
  21.659039564387733   57.740679999999998
  22.932783577231394   69.583473699999999
  24.255511819859098   64.602809399999998


# temperature  465.000000000000000
#   -0.110208681618873    8.983926419062687 -273.257773393378670 3679.418825633775214 -18471.493716762768599
  17.035421195840680   41.247602399999998
  18.122470597054591   46.534572099999998
  19.254807305049955   51.180368799999997
  20.433355550577456   54.599609000000001
  21.659039564387733   57.839742200000003
  22.932783577231394   69.684668500000001
  24.255511819859098   64.683305200000007


# temperature  466.000000000000000
#   -0.110327830732316    8.993459740938869 -273.542880324577254 3683.197336630505106 -18490.127430489817925
  17.035421195840680   41.339013299999998
  18.122470597054591   46.629148700000002
  19.254807305049955   51.277057599999999
  20.433355550577456   54.697530700000002
  21.659039564387733   57.938624900000001
  22.932783577231394   69.785670800000005
  24.255511819859098   64.763646699999995


# temperature  467.000000000000000
#   -0.110446688752367    9.002969541436507 -273.827276495455351 3686.966320958757478 -18508.713486926513724
  17.035421195840680   41.430287800000002
  18.122470597054591   46.723571399999997
  19.254807305049955   51.373580300000000
  20.433355550577456   54.795279200000003
  21.659039564387733   58.037328500000001
  22.932783577231394   69.886481200000006
  24.255511819859098   64.843834400000006


# temperature  468.000000000000000
#   -0.110565260146082    9.012456189299121 -274.110973281139138 3690.725934103607415 -18527.252680388653971
  17.035421195840680   41.521425999999998
  18.122470597054591   46.817840599999997
  19.254807305049955   51.469937600000002
  20.433355550577456   54.892854900000003
  21.659039564387733   58.135853800000000
  22.932783577231394   69.987100499999997
  24.255511819859098   64.923868900000002


# temperature  469.000000000000000
#   -0.110683541103692    9.021919362708836 -274.393960547284451 3694.476035097818567 -18545.744279835620546
  17.035421195840680   41.612428399999999
  18.122470597054591   46.911956600000003
  19.254807305049955   51.566129699999998
  20.433355550577456   54.990258500000003
  21.659039564387733   58.234201200000001
  22.932783577231394   70.087529200000006
  24.255511819859098   65.003750600000004


# temperature  470.000000000000000
#   -0.110801539348801    9.031359701369720 -274.676258060987493 3698.216894064612461 -18564.189662310182030
  17.035421195840680   41.703295199999999
  18.122470597054591   47.005919900000002
  19.254807305049955   51.662157299999997
  20.433355550577456   55.087490299999999
  21.659039564387733   58.332371299999998
  22.932783577231394   70.187768199999994
  24.255511819859098   65.083480199999997


# temperature  471.000000000000000
#   -0.110919248930888    9.040776714264160 -274.957850736242733 3701.948306534207859 -18582.587796074491052
  17.035421195840680   41.794026600000002
  18.122470597054591   47.099730800000003
  19.254807305049955   51.758020799999997
  20.433355550577456   55.184551100000000
  21.659039564387733   58.430364800000000
  22.932783577231394   70.287817899999993
  24.255511819859098   65.163058199999995


# temperature  472.000000000000000
#   -0.111036676927601    9.050170981082369 -275.238756272384762 3705.670511312452618 -18600.939882344311627
  17.035421195840680   41.884622899999997
  18.122470597054591   47.193389699999997
  19.254807305049955   51.853720600000003
  20.433355550577456   55.281441200000003
  21.659039564387733   58.528182100000002
  22.932783577231394   70.387679199999994
  24.255511819859098   65.242485200000004


# temperature  473.000000000000000
#   -0.111153824212433    9.059542572927372 -275.518976850163085 3709.383538312419205 -18619.246075588125677
  17.035421195840680   41.975084299999999
  18.122470597054591   47.286897000000003
  19.254807305049955   51.949257199999998
  20.433355550577456   55.378161200000001
  21.659039564387733   58.625823799999999
  22.932783577231394   70.487352700000002
  24.255511819859098   65.321761600000002


# temperature  474.000000000000000
#   -0.111270689273421    9.068891365326586 -275.798508650750250 3713.087335816764153 -18637.506114594893006
  17.035421195840680   42.065411200000000
  18.122470597054591   47.380253099999997
  19.254807305049955   52.044631099999997
  20.433355550577456   55.474711599999999
  21.659039564387733   58.723290499999997
  22.932783577231394   70.586838900000004
  24.255511819859098   65.400887999999995


# temperature  475.000000000000000
#   -0.111387274576696    9.078217555481304 -276.077357560533244 3716.781981666096726 -18655.720384182484850
  17.035421195840680   42.155603800000002
  18.122470597054591   47.473458299999997
  19.254807305049955   52.139842700000003
  20.433355550577456   55.571092999999998
  21.659039564387733   58.820582799999997
  22.932783577231394   70.686138700000001
  24.255511819859098   65.479865000000004


# temperature  476.000000000000000
#   -0.111503583873048    9.087521459236143 -276.355533510022724 3720.467614003766357 -18673.889601178540033
  17.035421195840680   42.245662299999999
  18.122470597054591   47.566513100000002
  19.254807305049955   52.234892600000002
  20.433355550577456   55.667305800000001
  21.659039564387733   58.917701100000002
  22.932783577231394   70.785252600000007
  24.255511819859098   65.558693000000005


# temperature  477.000000000000000
#   -0.111619614205469    9.096802825099108 -276.633028531016066 3724.144121434721910 -18692.013185641029850
  17.035421195840680   42.335587099999998
  18.122470597054591   47.659417800000000
  19.254807305049955   52.329781099999998
  20.433355550577456   55.763350600000003
  21.659039564387733   59.014646100000000
  22.932783577231394   70.884181200000000
  24.255511819859098   65.637372600000006


# temperature  478.000000000000000
#   -0.111735370386187    9.106062048404407 -276.909854749946135 3727.811668628696680 -18710.091972712441930
  17.035421195840680   42.425378299999998
  18.122470597054591   47.752172700000003
  19.254807305049955   52.424508699999997
  20.433355550577456   55.859227799999999
  21.659039564387733   59.111418299999997
  22.932783577231394   70.982925300000005
  24.255511819859098   65.715904300000005


# temperature  479.000000000000000
#   -0.111850851754991    9.115299078461984 -277.186010740062443 3731.470238214890287 -18728.125885118268343
  17.035421195840680   42.515036299999998
  18.122470597054591   47.844778400000003
  19.254807305049955   52.519075999999998
  20.433355550577456   55.954938100000000
  21.659039564387733   59.208018299999999
  22.932783577231394   71.081485400000005
  24.255511819859098   65.794288600000002


# temperature  480.000000000000000
#   -0.111966059309061    9.124513990973860 -277.461498624828948 3735.119856317771337 -18746.115041746903444
  17.035421195840680   42.604561300000000
  18.122470597054591   47.937235000000001
  19.254807305049955   52.613483299999999
  20.433355550577456   56.050481800000000
  21.659039564387733   59.304446599999999
  22.932783577231394   71.179862200000002
  24.255511819859098   65.872526100000002


# temperature  481.000000000000000
#   -0.112080996941239    9.133707111802920 -277.736328588561321 3738.760663767793176 -18764.060168984306074
  17.035421195840680   42.693953600000000
  18.122470597054591   48.029543199999999
  19.254807305049955   52.707731099999997
  20.433355550577456   56.145859500000000
  21.659039564387733   59.400703700000001
  22.932783577231394   71.278056300000003
  24.255511819859098   65.950617300000005


# temperature  482.000000000000000
#   -0.112195664329731    9.142878405270523 -278.010499261733685 3742.392638465004893 -18781.961138239530555
  17.035421195840680   42.783213500000002
  18.122470597054591   48.121703099999998
  19.254807305049955   52.801819899999998
  20.433355550577456   56.241071699999999
  21.659039564387733   59.496790200000000
  22.932783577231394   71.376068500000002
  24.255511819859098   66.028562699999995


# temperature  483.000000000000000
#   -0.112310062077028    9.152027921427653 -278.284012209440391 3746.015802257075848 -18799.818063964528847
  17.035421195840680   42.872341200000001
  18.122470597054591   48.213715200000003
  19.254807305049955   52.895750000000000
  20.433355550577456   56.336118900000002
  21.659039564387733   59.592706700000001
  22.932783577231394   71.473899200000005
  24.255511819859098   66.106362700000005


# temperature  484.000000000000000
#   -0.112424190403137    9.161155685205232 -278.556868420123351 3749.630171812304525 -18817.631047821090760
  17.035421195840680   42.961336899999999
  18.122470597054591   48.305579799999997
  19.254807305049955   52.989522100000002
  20.433355550577456   56.431001700000003
  21.659039564387733   59.688453600000003
  22.932783577231394   71.571549099999999
  24.255511819859098   66.184017999999995


# temperature  485.000000000000000
#   -0.112538054202247    9.170262087031629 -278.829079494571829 3753.235899314487597 -18835.400833200270426
  17.035421195840680   43.050201100000002
  18.122470597054591   48.397297399999999
  19.254807305049955   53.083136500000002
  20.433355550577456   56.525720399999997
  21.659039564387733   59.784031599999999
  22.932783577231394   71.669018899999998
  24.255511819859098   66.261528900000002


# temperature  486.000000000000000
#   -0.112651652667474    9.179347070345584 -279.100644012461373 3756.832970008397751 -18853.127369259222178
  17.035421195840680   43.138933799999997
  18.122470597054591   48.488868300000000
  19.254807305049955   53.176593599999997
  20.433355550577456   56.620275599999999
  21.659039564387733   59.879441000000000
  22.932783577231394   71.766309100000001
  24.255511819859098   66.338896099999999


# temperature  487.000000000000000
#   -0.112764985938928    9.188410633031292 -279.371561505886575 3760.421372365723073 -18870.810572657752346
  17.035421195840680   43.227535500000002
  18.122470597054591   48.580292800000002
  19.254807305049955   53.269894000000001
  20.433355550577456   56.714667900000002
  21.659039564387733   59.974682600000001
  22.932783577231394   71.863420500000004
  24.255511819859098   66.416119899999998


# temperature  488.000000000000000
#   -0.112878056642450    9.197453000802359 -279.641839196886963 3764.001208359796692 -18888.450979285655194
  17.035421195840680   43.316006299999998
  18.122470597054591   48.671571399999998
  19.254807305049955   53.363038000000003
  20.433355550577456   56.808897600000002
  21.659039564387733   60.069756800000000
  22.932783577231394   71.960353499999997
  24.255511819859098   66.493200999999999


# temperature  489.000000000000000
#   -0.112990866123053    9.206474281768179 -279.911480337555815 3767.572521420217072 -18906.048806023962243
  17.035421195840680   43.404346599999997
  18.122470597054591   48.762704499999998
  19.254807305049955   53.456026199999997
  20.433355550577456   56.902965299999998
  21.659039564387733   60.164664100000003
  22.932783577231394   72.057108799999995
  24.255511819859098   66.570139800000007


# temperature  490.000000000000000
#   -0.113103416640340    9.215474657594859 -280.180490379549326 3771.135384011328370 -18923.604412953005522
  17.035421195840680   43.492556499999999
  18.122470597054591   48.853692299999999
  19.254807305049955   53.548858899999999
  20.433355550577456   56.996871400000003
  21.659039564387733   60.259405000000001
  22.932783577231394   72.153687099999999
  24.255511819859098   66.646936800000006


# temperature  491.000000000000000
#   -0.113215706370016    9.224453975044010 -280.448864531282311 3774.689730047541161 -18941.117460373916401
  17.035421195840680   43.580636499999997
  18.122470597054591   48.944535299999998
  19.254807305049955   53.641536600000002
  20.433355550577456   57.090616500000003
  21.659039564387733   60.353980200000002
  22.932783577231394   72.250088899999994
  24.255511819859098   66.723592499999995


# temperature  492.000000000000000
#   -0.113327737963963    9.233412456558099 -280.716609773901780 3778.235656707420276 -18958.588454178421671
  17.035421195840680   43.668586599999998
  18.122470597054591   49.035233800000000
  19.254807305049955   53.734059799999997
  20.433355550577456   57.184201100000003
  21.659039564387733   60.448390099999997
  22.932783577231394   72.346314800000002
  24.255511819859098   66.800107299999993


# temperature  493.000000000000000
#   -0.113439513169426    9.242350242290597 -280.983730277542008 3781.773218549460580 -18976.017658836022747
  17.035421195840680   43.756407299999999
  18.122470597054591   49.125788200000002
  19.254807305049955   53.826428800000002
  20.433355550577456   57.277625600000000
  21.659039564387733   60.542635099999998
  22.932783577231394   72.442365499999994
  24.255511819859098   66.876481900000002


# temperature  494.000000000000000
#   -0.113551031128384    9.251267260930746 -281.250223862451264 3785.302386569657301 -18993.404932336237835
  17.035421195840680   43.844098799999998
  18.122470597054591   49.216198900000002
  19.254807305049955   53.918644200000003
  20.433355550577456   57.370890500000002
  21.659039564387733   60.636716000000000
  22.932783577231394   72.538241400000004
  24.255511819859098   66.952716600000002


# temperature  495.000000000000000
#   -0.113662295705138    9.260163827773606 -281.516100124495267 3788.823289937914069 -19010.750923483545193
  17.035421195840680   43.931661300000002
  18.122470597054591   49.306466200000003
  19.254807305049955   54.010706300000002
  20.433355550577456   57.463996299999998
  21.659039564387733   60.730633099999999
  22.932783577231394   72.633943299999999
  24.255511819859098   67.028811899999994


# temperature  496.000000000000000
#   -0.113773307721265    9.269040012442510 -281.781361274198787 3792.335959822122277 -19028.055796429624024
  17.035421195840680   44.019095100000001
  18.122470597054591   49.396590600000003
  19.254807305049955   54.102615600000000
  20.433355550577456   57.556943500000003
  21.659039564387733   60.824387000000002
  22.932783577231394   72.729471700000005
  24.255511819859098   67.104768300000003


# temperature  497.000000000000000
#   -0.113884066768974    9.277895778150821 -282.046006080907887 3795.840378153929123 -19045.319452625364647
  17.035421195840680   44.106400600000001
  18.122470597054591   49.486572299999999
  19.254807305049955   54.194372600000001
  20.433355550577456   57.649732499999999
  21.659039564387733   60.917978099999999
  22.932783577231394   72.824827200000001
  24.255511819859098   67.180586300000002


# temperature  498.000000000000000
#   -0.113994574037498    9.286731223730094 -282.310037635356821 3799.336588093331557 -19062.542118796169234
  17.035421195840680   44.193577800000000
  18.122470597054591   49.576411700000001
  19.254807305049955   54.285977699999997
  20.433355550577456   57.742363900000001
  21.659039564387733   61.011407100000000
  22.932783577231394   72.920010399999995
  24.255511819859098   67.256266400000001


# temperature  499.000000000000000
#   -0.114104832915293    9.295546623147816 -282.573464181831525 3802.824699066985886 -19079.724335102997429
  17.035421195840680   44.280627199999998
  18.122470597054591   49.666109200000001
  19.254807305049955   54.377431199999997
  20.433355550577456   57.834837999999998
  21.659039564387733   61.104674299999999
  22.932783577231394   73.015021899999994
  24.255511819859098   67.331809000000007


# temperature  500.000000000000000
#   -0.114214844178024    9.304342044128289 -282.836287939666761 3806.304743422654155 -19096.866277821649419
  17.035421195840680   44.367548999999997
  18.122470597054591   49.755665299999997
  19.254807305049955   54.468733700000001
  20.433355550577456   57.927155399999997
  21.659039564387733   61.197780399999999
  22.932783577231394   73.109862300000003
  24.255511819859098   67.407214699999997


# temperature  501.000000000000000
#   -0.114324604096367    9.313117173370399 -283.098499103369306 3809.776585704891204 -19113.967249921963230
  17.035421195840680   44.454343500000000
  18.122470597054591   49.845080099999997
  19.254807305049955   54.559885500000000
  20.433355550577456   58.019316600000003
  21.659039564387733   61.290725799999997
  22.932783577231394   73.204532000000000
  24.255511819859098   67.482483799999997


# temperature  502.000000000000000
#   -0.114434118881232    9.321872524339312 -283.360113510799863 3813.240441972577173 -19131.028351008200843
  17.035421195840680   44.541010900000003
  18.122470597054591   49.934354100000000
  19.254807305049955   54.650887099999998
  20.433355550577456   58.111322000000001
  21.659039564387733   61.383510999999999
  22.932783577231394   73.299031799999995
  24.255511819859098   67.557616899999999


# temperature  503.000000000000000
#   -0.114543387813241    9.330608036779672 -283.621129298779067 3816.696287030057192 -19148.049454958763818
  17.035421195840680   44.627551500000003
  18.122470597054591   50.023487699999997
  19.254807305049955   54.741739000000003
  20.433355550577456   58.203172100000003
  21.659039564387733   61.476136599999997
  22.932783577231394   73.393362100000004
  24.255511819859098   67.632614300000000


# temperature  504.000000000000000
#   -0.114652414847048    9.339324036254519 -283.881556455222608 3820.144256276430497 -19165.031246072569047
  17.035421195840680   44.713965500000000
  18.122470597054591   50.112481199999998
  19.254807305049955   54.832441500000002
  20.433355550577456   58.294867300000000
  21.659039564387733   61.568602900000002
  22.932783577231394   73.487523699999997
  24.255511819859098   67.707476700000001


# temperature  505.000000000000000
#   -0.114761196410876    9.348020224111826 -284.141385680118788 3823.584221886404521 -19181.973069540494180
  17.035421195840680   44.800253400000003
  18.122470597054591   50.201335000000000
  19.254807305049955   54.922995100000001
  20.433355550577456   58.386408099999997
  21.659039564387733   61.660910600000001
  22.932783577231394   73.581516899999997
  24.255511819859098   67.782204399999998


# temperature  506.000000000000000
#   -0.114869736779934    9.356696953088431 -284.400627843743052 3827.016332204448190 -19198.875681663266732
  17.035421195840680   44.886415200000002
  18.122470597054591   50.290049400000001
  19.254807305049955   55.013400099999998
  20.433355550577456   58.477795000000000
  21.659039564387733   61.753059999999998
  22.932783577231394   73.675342400000005
  24.255511819859098   67.856797799999995


# temperature  507.000000000000000
#   -0.114978035185803    9.365354156844173 -284.659280818151956 3830.440557214685668 -19215.738925008725346
  17.035421195840680   44.972451300000003
  18.122470597054591   50.378624700000003
  19.254807305049955   55.103657100000000
  20.433355550577456   58.569028400000001
  21.659039564387733   61.845051800000000
  22.932783577231394   73.769000800000001
  24.255511819859098   67.931257500000001


# temperature  508.000000000000000
#   -0.115086093533707    9.373991999034054 -284.917349849856123 3833.856971288048953 -19232.563192342840921
  17.035421195840680   45.058361900000001
  18.122470597054591   50.467061500000000
  19.254807305049955   55.193766400000001
  20.433355550577456   58.660108899999997
  21.659039564387733   61.936886299999998
  22.932783577231394   73.862492500000002
  24.255511819859098   68.005583900000005


# temperature  509.000000000000000
#   -0.115193914116113    9.382610657286088 -285.174840044924053 3837.265638991447759 -19249.348786502669100
  17.035421195840680   45.144147400000001
  18.122470597054591   50.555359899999999
  19.254807305049955   55.283728500000002
  20.433355550577456   58.751036700000000
  21.659039564387733   62.028564099999997
  22.932783577231394   73.955818300000004
  24.255511819859098   68.079777500000006


# temperature  510.000000000000000
#   -0.115301495581695    9.391210024294674 -285.431748257894299 3840.666520057641719 -19266.095517526970070
  17.035421195840680   45.229807899999997
  18.122470597054591   50.643520400000000
  19.254807305049955   55.373543699999999
  20.433355550577456   58.841812500000003
  21.659039564387733   62.120085699999997
  22.932783577231394   74.048978500000004
  24.255511819859098   68.153838600000000


# temperature  511.000000000000000
#   -0.115408839553998    9.399790232083722 -285.688078486369761 3844.059667939872270 -19282.803651477875974
  17.035421195840680   45.315343800000001
  18.122470597054591   50.731543299999998
  19.254807305049955   55.463212499999997
  20.433355550577456   58.932436699999997
  21.659039564387733   62.211451500000003
  22.932783577231394   74.141973800000002
  24.255511819859098   68.227767799999995


# temperature  512.000000000000000
#   -0.115515949520775    9.408351565062855 -285.943839386692616 3847.445199218054768 -19299.473774251677241
  17.035421195840680   45.400755400000001
  18.122470597054591   50.819429000000000
  19.254807305049955   55.552735400000003
  20.433355550577456   59.022909599999998
  21.659039564387733   62.302662099999999
  22.932783577231394   74.234804800000006
  24.255511819859098   68.301565499999995


# temperature  513.000000000000000
#   -0.115622824238656    9.416893922785833 -286.199027946484307 3850.823074194947822 -19316.105691816672334
  17.035421195840680   45.486042800000000
  18.122470597054591   50.907177799999999
  19.254807305049955   55.642112599999997
  20.433355550577456   59.113231800000001
  21.659039564387733   62.393717799999997
  22.932783577231394   74.327471900000006
  24.255511819859098   68.375232100000005


# temperature  514.000000000000000
#   -0.115729463979156    9.425417326341636 -286.453644783339655 3854.193300995686059 -19332.699444364046940
  17.035421195840680   45.571206400000001
  18.122470597054591   50.994790100000003
  19.254807305049955   55.731344700000001
  20.433355550577456   59.203403799999997
  21.659039564387733   62.484619199999997
  22.932783577231394   74.419975699999995
  24.255511819859098   68.448768099999995


# temperature  515.000000000000000
#   -0.115835872421104    9.433922072712258 -286.707698842348975 3857.555998813599672 -19349.255624671441183
  17.035421195840680   45.656246400000001
  18.122470597054591   51.082266199999999
  19.254807305049955   55.820431999999997
  20.433355550577456   59.293425900000003
  21.659039564387733   62.575366799999998
  22.932783577231394   74.512316799999994
  24.255511819859098   68.522173800000004


# temperature  516.000000000000000
#   -0.115942047859271    9.442408029556494 -286.961186315202838 3860.911119559932104 -19365.774007862200961
  17.035421195840680   45.741163000000000
  18.122470597054591   51.169606500000000
  19.254807305049955   55.909374999999997
  20.433355550577456   59.383298600000003
  21.659039564387733   62.665961099999997
  22.932783577231394   74.604495600000007
  24.255511819859098   68.595449900000006


# temperature  517.000000000000000
#   -0.116047993640779    9.450875463127952 -287.214115089079712 3864.258766358438152 -19382.255095725544379
  17.035421195840680   45.825956699999999
  18.122470597054591   51.256811300000003
  19.254807305049955   55.998174100000000
  20.433355550577456   59.473022299999997
  21.659039564387733   62.756402399999999
  22.932783577231394   74.696512799999994
  24.255511819859098   68.668596600000001


# temperature  518.000000000000000
#   -0.116153709439275    9.459324347093595 -287.466484390193330 3867.598929485862300 -19398.698844354254106
  17.035421195840680   45.910627599999998
  18.122470597054591   51.343881000000003
  19.254807305049955   56.086829600000002
  20.433355550577456   59.562597599999997
  21.659039564387733   62.846691300000003
  22.932783577231394   74.788368899999995
  24.255511819859098   68.741614400000003


# temperature  519.000000000000000
#   -0.116259195885024    9.467754733244250 -287.718295802028535 3870.931630315485563 -19415.105360978126555
  17.035421195840680   45.995176000000001
  18.122470597054591   51.430815899999999
  19.254807305049955   56.175341899999999
  20.433355550577456   59.652024699999998
  21.659039564387733   62.936828300000002
  22.932783577231394   74.880064300000001
  24.255511819859098   68.814503799999997


# temperature  520.000000000000000
#   -0.116364455693657    9.476166847772866 -287.969556376245123 3874.256966367980567 -19431.475149840309314
  17.035421195840680   46.079602100000002
  18.122470597054591   51.517616400000001
  19.254807305049955   56.263711600000001
  20.433355550577456   59.741304300000003
  21.659039564387733   63.026813699999998
  22.932783577231394   74.971599699999999
  24.255511819859098   68.887265099999993


# temperature  521.000000000000000
#   -0.116469489389909    9.484560724016308 -288.220266821944733 3877.574942903116607 -19447.808214953980496
  17.035421195840680   46.163906300000001
  18.122470597054591   51.604282800000000
  19.254807305049955   56.351938900000000
  20.433355550577456   59.830436599999999
  21.659039564387733   63.116648200000000
  22.932783577231394   75.062975600000001
  24.255511819859098   68.959898800000005


# temperature  522.000000000000000
#   -0.116574295946835    9.492936287435061 -288.470425175184573 3880.885537906143327 -19464.104469033409259
  17.035421195840680   46.248088799999998
  18.122470597054591   51.690815499999999
  19.254807305049955   56.440024399999999
  20.433355550577456   59.919422200000000
  21.659039564387733   63.206332099999997
  22.932783577231394   75.154192399999999
  24.255511819859098   69.032405400000002


# temperature  523.000000000000000
#   -0.116678877956695    9.501293743916593 -288.720037533915729 3884.188831262210897 -19480.364302629284794
  17.035421195840680   46.332149800000003
  18.122470597054591   51.777214800000003
  19.254807305049955   56.527968299999998
  20.433355550577456   60.008261500000003
  21.659039564387733   63.295865900000003
  22.932783577231394   75.245250700000000
  24.255511819859098   69.104785199999995


# temperature  524.000000000000000
#   -0.116783236052139    9.509633144140411 -288.969105414964986 3887.484843103744424 -19496.587815490845969
  17.035421195840680   46.416089599999999
  18.122470597054591   51.863481000000000
  19.254807305049955   56.615771000000002
  20.433355550577456   60.096954900000000
  21.659039564387733   63.385249999999999
  22.932783577231394   75.336151000000001
  24.255511819859098   69.177038600000003


# temperature  525.000000000000000
#   -0.116887371575799    9.517954597327227 -289.217632137084195 3890.773618101208740 -19512.775231979754608
  17.035421195840680   46.499908599999998
  18.122470597054591   51.949614500000003
  19.254807305049955   56.703433099999998
  20.433355550577456   60.185502800000002
  21.659039564387733   63.474485000000001
  22.932783577231394   75.426893899999996
  24.255511819859098   69.249166099999997


# temperature  526.000000000000000
#   -0.116991284732520    9.526258123752735 -289.465618436204068 3894.055167932522181 -19528.926620323552925
  17.035421195840680   46.583606899999999
  18.122470597054591   52.035615700000001
  19.254807305049955   56.790954800000002
  20.433355550577456   60.273905700000000
  21.659039564387733   63.563571300000000
  22.932783577231394   75.517479800000004
  24.255511819859098   69.321168200000002


# temperature  527.000000000000000
#   -0.117094977561328    9.534543887067615 -289.713069218414944 3897.329557742666566 -19545.042303584363253
  17.035421195840680   46.667184800000001
  18.122470597054591   52.121484799999998
  19.254807305049955   56.878336599999997
  20.433355550577456   60.362164000000000
  21.659039564387733   63.652509199999997
  22.932783577231394   75.607909300000003
  24.255511819859098   69.393045099999995


# temperature  528.000000000000000
#   -0.117198449794846    9.542811866911901 -289.959983913758379 3900.596780632190985 -19561.122251167642389
  17.035421195840680   46.750642599999999
  18.122470597054591   52.207222299999998
  19.254807305049955   56.965578899999997
  20.433355550577456   60.450278099999998
  21.659039564387733   63.741299400000003
  22.932783577231394   75.698182799999998
  24.255511819859098   69.464797399999995


# temperature  529.000000000000000
#   -0.117301703172795    9.551062200576803 -290.206366562520373 3903.856889201438207 -19577.166718578759173
  17.035421195840680   46.833980599999997
  18.122470597054591   52.292828399999998
  19.254807305049955   57.052682099999998
  20.433355550577456   60.538248500000002
  21.659039564387733   63.829942199999998
  22.932783577231394   75.788301000000004
  24.255511819859098   69.536425399999999


# temperature  530.000000000000000
#   -0.117404738279313    9.559294936224678 -290.452218648525218 3907.109903716263943 -19593.175809118831239
  17.035421195840680   46.917198999999997
  18.122470597054591   52.378303500000001
  19.254807305049955   57.139646399999997
  20.433355550577456   60.626075499999999
  21.659039564387733   63.918438100000003
  22.932783577231394   75.878264200000004
  24.255511819859098   69.607929499999997


# temperature  531.000000000000000
#   -0.117507556753635    9.567510214102418 -290.697544653650823 3910.355887573983182 -19609.149857147029252
  17.035421195840680   47.000298100000002
  18.122470597054591   52.463647999999999
  19.254807305049955   57.226472500000000
  20.433355550577456   60.713759600000003
  21.659039564387733   64.006787500000002
  22.932783577231394   75.968073000000004
  24.255511819859098   69.679310200000003


# temperature  532.000000000000000
#   -0.117610158743587    9.575708038548928 -290.942344472448326 3913.594836205588308 -19625.088824222370022
  17.035421195840680   47.083278100000001
  18.122470597054591   52.548862100000001
  19.254807305049955   57.313160500000002
  20.433355550577456   60.801301299999999
  21.659039564387733   64.094990800000005
  22.932783577231394   76.057727999999997
  24.255511819859098   69.750567899999993


# temperature  533.000000000000000
#   -0.117712545653907    9.583888528943799 -291.186621901072328 3916.826803105445379 -19640.992991553939646
  17.035421195840680   47.166139299999998
  18.122470597054591   52.633946299999998
  19.254807305049955   57.399711000000003
  20.433355550577456   60.888700900000003
  21.659039564387733   64.183048600000006
  22.932783577231394   76.147229499999995
  24.255511819859098   69.821702900000005


# temperature  534.000000000000000
#   -0.117814718496498    9.592051762185434 -291.430379098556841 3920.051814813823967 -19656.862479358769633
  17.035421195840680   47.248882000000002
  18.122470597054591   52.718900800000000
  19.254807305049955   57.486124199999999
  20.433355550577456   60.975958800000001
  21.659039564387733   64.270961200000002
  22.932783577231394   76.236578100000003
  24.255511819859098   69.892715600000002


# temperature  535.000000000000000
#   -0.117916675728943    9.600197614865234 -291.673612400873367 3923.269823556188385 -19672.697056706772855
  17.035421195840680   47.331506400000002
  18.122470597054591   52.803725900000003
  19.254807305049955   57.572400700000003
  20.433355550577456   61.063075499999997
  21.659039564387733   64.358729199999999
  22.932783577231394   76.325774300000006
  24.255511819859098   69.963606600000006


# temperature  536.000000000000000
#   -0.118018420788734    9.608326367035442 -291.916330317070219 3926.480943579388168 -19688.497295069268148
  17.035421195840680   47.414012900000003
  18.122470597054591   52.888422100000000
  19.254807305049955   57.658540700000003
  20.433355550577456   61.150051400000002
  21.659039564387733   64.446352800000000
  22.932783577231394   76.414818499999996
  24.255511819859098   70.034375999999995


# temperature  537.000000000000000
#   -0.118119954831521    9.616438114405632 -292.158535819100564 3929.685215986061394 -19704.263408017501206
  17.035421195840680   47.496401499999997
  18.122470597054591   52.972989599999998
  19.254807305049955   57.744544699999999
  20.433355550577456   61.236886900000002
  21.659039564387733   64.533832700000005
  22.932783577231394   76.503711400000000
  24.255511819859098   70.105024499999999


# temperature  538.000000000000000
#   -0.118221278189449    9.624532881160290 -292.400229551321445 3932.882648137317119 -19719.995425047316530
  17.035421195840680   47.578672699999998
  18.122470597054591   53.057428799999997
  19.254807305049955   57.830413000000000
  20.433355550577456   61.323582399999999
  21.659039564387733   64.621169100000003
  22.932783577231394   76.592453300000003
  24.255511819859098   70.175552199999998


# temperature  539.000000000000000
#   -0.118322392675498    9.632610818303931 -292.641416206969041 3936.073304581538196 -19735.693677397717693
  17.035421195840680   47.660826700000001
  18.122470597054591   53.141740100000000
  19.254807305049955   57.916145999999998
  20.433355550577456   61.410138199999999
  21.659039564387733   64.708362600000001
  22.932783577231394   76.681044700000001
  24.255511819859098   70.245959700000000


# temperature  540.000000000000000
#   -0.118423294668533    9.640671624654978 -292.882086451926682 3939.257057614506266 -19751.357514108753094
  17.035421195840680   47.742863800000002
  18.122470597054591   53.225923600000002
  19.254807305049955   58.001744100000003
  20.433355550577456   61.496554900000000
  21.659039564387733   64.795413499999995
  22.932783577231394   76.769486099999995
  24.255511819859098   70.316247399999995


# temperature  541.000000000000000
#   -0.118523989992745    9.648715777644632 -293.122254907171794 3942.434105520273533 -19766.987939633607311
  17.035421195840680   47.824784100000002
  18.122470597054591   53.309979800000001
  19.254807305049955   58.087207700000000
  20.433355550577456   61.582832900000000
  21.659039564387733   64.882322400000007
  22.932783577231394   76.857778100000004
  24.255511819859098   70.386415499999998


# temperature  542.000000000000000
#   -0.118624478025609    9.656743230073872 -293.361920227541987 3945.604431171044780 -19782.584871259663487
  17.035421195840680   47.906587999999999
  18.122470597054591   53.393909000000001
  19.254807305049955   58.172537100000000
  20.433355550577456   61.668972400000001
  21.659039564387733   64.969089499999995
  22.932783577231394   76.945920999999998
  24.255511819859098   70.456464600000004


# temperature  543.000000000000000
#   -0.118724760605930    9.664754127946713 -293.601086756912025 3948.768092033182711 -19798.148594075213623
  17.035421195840680   47.988275700000003
  18.122470597054591   53.477711599999999
  19.254807305049955   58.257732699999998
  20.433355550577456   61.754973999999997
  21.659039564387733   65.055715399999997
  22.932783577231394   77.033915399999998
  24.255511819859098   70.526394900000000


# temperature  544.000000000000000
#   -0.118824836474398    9.672748365954083 -293.839751210842110 3951.925042872972426 -19813.678875835172221
  17.035421195840680   48.069847500000002
  18.122470597054591   53.561387699999997
  19.254807305049955   58.342795000000002
  20.433355550577456   61.840837999999998
  21.659039564387733   65.142200500000001
  22.932783577231394   77.121761800000002
  24.255511819859098   70.596206899999999


# temperature  545.000000000000000
#   -0.118924706922210    9.680726053736851 -294.077917063933000 3955.075332389244522 -19829.175970841064554
  17.035421195840680   48.151303599999999
  18.122470597054591   53.644937900000002
  19.254807305049955   58.427724099999999
  20.433355550577456   61.926564900000002
  21.659039564387733   65.228545199999999
  22.932783577231394   77.209460500000006
  24.255511819859098   70.665901000000005


# temperature  546.000000000000000
#   -0.119024374050484    9.688687361573850 -294.315589469857457 3958.219029656971543 -19844.640224814753310
  17.035421195840680   48.232644299999997
  18.122470597054591   53.728362300000001
  19.254807305049955   58.512520700000003
  20.433355550577456   62.012154899999999
  21.659039564387733   65.314749899999995
  22.932783577231394   77.297012100000003
  24.255511819859098   70.735477500000002


# temperature  547.000000000000000
#   -0.119123837720312    9.696632275012252 -294.552767897877970 3961.356126400317862 -19860.071590708004805
  17.035421195840680   48.313869900000000
  18.122470597054591   53.811661399999998
  19.254807305049955   58.597184900000002
  20.433355550577456   62.097608700000002
  21.659039564387733   65.400814999999994
  22.932783577231394   77.384417099999993
  24.255511819859098   70.804936799999993


# temperature  548.000000000000000
#   -0.119223099493922    9.704560922882024 -294.789456314115682 3964.486676669695498 -19875.470343457032868
  17.035421195840680   48.394980599999997
  18.122470597054591   53.894835399999998
  19.254807305049955   58.681717200000001
  20.433355550577456   62.182926399999999
  21.659039564387733   65.486740999999995
  22.932783577231394   77.471675899999994
  24.255511819859098   70.874279299999998


# temperature  549.000000000000000
#   -0.119322159260419    9.712473297730359 -295.025654544517067 3967.610678896107856 -19890.836479032321222
  17.035421195840680   48.475976699999997
  18.122470597054591   53.977884699999997
  19.254807305049955   58.766117899999998
  20.433355550577456   62.268108499999997
  21.659039564387733   65.572528199999994
  22.932783577231394   77.558788899999996
  24.255511819859098   70.943505400000006


# temperature  550.000000000000000
#   -0.119421018685647    9.720369529617251 -295.261366387183784 3970.728182333056793 -19906.170236750826007
  17.035421195840680   48.556858400000003
  18.122470597054591   54.060809599999999
  19.254807305049955   58.850387400000002
  20.433355550577456   62.353155500000000
  21.659039564387733   65.658177199999997
  22.932783577231394   77.645756700000007
  24.255511819859098   71.012615299999993


# temperature  551.000000000000000
#   -0.119519676724073    9.728249536854420 -295.496589458610231 3973.839156202767754 -19921.471467935265537
  17.035421195840680   48.637625999999997
  18.122470597054591   54.143610299999999
  19.254807305049955   58.934526099999999
  20.433355550577456   62.438067699999998
  21.659039564387733   65.743688199999994
  22.932783577231394   77.732579700000002
  24.255511819859098   71.081609599999993


# temperature  552.000000000000000
#   -0.119618137681403    9.736113672782782 -295.731334579968404 3976.943747087115753 -19936.740913211902807
  17.035421195840680   48.718279799999998
  18.122470597054591   54.226287300000003
  19.254807305049955   59.018534400000000
  20.433355550577456   62.522845400000001
  21.659039564387733   65.829061699999997
  22.932783577231394   77.819258399999995
  24.255511819859098   71.150488600000003


# temperature  553.000000000000000
#   -0.119716400221530    9.743961827799414 -295.965598413487726 3980.041910300509244 -19951.978350535133359
  17.035421195840680   48.798819899999998
  18.122470597054591   54.308840900000000
  19.254807305049955   59.102412500000000
  20.433355550577456   62.607489100000002
  21.659039564387733   65.914298099999996
  22.932783577231394   77.905793099999997
  24.255511819859098   71.219252600000004


# temperature  554.000000000000000
#   -0.119814465312641    9.751794072200198 -296.199382827754334 3983.133667321194935 -19967.183869131004030
  17.035421195840680   48.879246700000003
  18.122470597054591   54.391271300000000
  19.254807305049955   59.186160800000003
  20.433355550577456   62.691999199999998
  21.659039564387733   65.999397900000005
  22.932783577231394   77.992184499999993
  24.255511819859098   71.287902000000003


# temperature  555.000000000000000
#   -0.119912331989664    9.759610336344409 -296.432685997937995 3986.218997777140885 -19982.357388320710015
  17.035421195840680   48.959560400000001
  18.122470597054591   54.473578900000000
  19.254807305049955   59.269779800000002
  20.433355550577456   62.776376100000000
  21.659039564387733   66.084361400000006
  22.932783577231394   78.078432800000002
  24.255511819859098   71.356437200000002


# temperature  556.000000000000000
#   -0.120010002464861    9.767410794603434 -296.665513039547875 3989.297967904671623 -19997.499227371521556
  17.035421195840680   49.039761300000002
  18.122470597054591   54.555763900000002
  19.254807305049955   59.353269800000000
  20.433355550577456   62.860620099999998
  21.659039564387733   66.169189000000003
  22.932783577231394   78.164538600000000
  24.255511819859098   71.424858499999999


# temperature  557.000000000000000
#   -0.120107481041742    9.775195805021722 -296.897875073014916 3992.370730527571141 -20012.610170024832769
  17.035421195840680   49.119849500000001
  18.122470597054591   54.637826799999999
  19.254807305049955   59.436631100000000
  20.433355550577456   62.944731599999997
  21.659039564387733   66.253881100000001
  22.932783577231394   78.250502400000002
  24.255511819859098   71.493166299999999


# temperature  558.000000000000000
#   -0.120204764034507    9.782965057308539 -297.129762350694818 3995.437150251395451 -20027.689514507022977
  17.035421195840680   49.199825500000003
  18.122470597054591   54.719767800000000
  19.254807305049955   59.519863999999998
  20.433355550577456   63.028710900000000
  21.659039564387733   66.338438199999999
  22.932783577231394   78.336324500000003
  24.255511819859098   71.561361000000005


# temperature  559.000000000000000
#   -0.120301853748623    9.790718745512223 -297.361180990072967 3998.497312663231696 -20042.737708580498293
  17.035421195840680   49.279689400000002
  18.122470597054591   54.801587300000001
  19.254807305049955   59.602969000000002
  20.433355550577456   63.112558600000000
  21.659039564387733   66.422860600000007
  22.932783577231394   78.422005400000003
  24.255511819859098   71.629442800000007


# temperature  560.000000000000000
#   -0.120398749663532    9.798456826541603 -297.592129655040935 4001.551199426330641 -20057.754658222143917
  17.035421195840680   49.359441400000001
  18.122470597054591   54.883285500000000
  19.254807305049955   59.685946399999999
  20.433355550577456   63.196274899999999
  21.659039564387733   66.507148799999996
  22.932783577231394   78.507545500000006
  24.255511819859098   71.697412299999996


# temperature  561.000000000000000
#   -0.120495454228202    9.806179494462549 -297.822614077393268 4004.598885331965448 -20072.740726921874739
  17.035421195840680   49.439081899999998
  18.122470597054591   54.964862699999998
  19.254807305049955   59.768796500000001
  20.433355550577456   63.279860300000003
  21.659039564387733   66.591302999999996
  22.932783577231394   78.592945400000005
  24.255511819859098   71.765269599999996


# temperature  562.000000000000000
#   -0.120591966715781    9.813886695908877 -298.052632824583554 4007.640353848345057 -20087.695845959879080
  17.035421195840680   49.518611100000001
  18.122470597054591   55.046319300000000
  19.254807305049955   59.851519799999998
  20.433355550577456   63.363315100000001
  21.659039564387733   66.675323800000001
  22.932783577231394   78.678205399999996
  24.255511819859098   71.833015300000000


# temperature  563.000000000000000
#   -0.120688289462468    9.821578618641938 -298.282191522952644 4010.675679498357113 -20102.620383352008503
  17.035421195840680   49.598029199999999
  18.122470597054591   55.127655599999997
  19.254807305049955   59.934116400000001
  20.433355550577456   63.446639599999997
  21.659039564387733   66.759211500000006
  22.932783577231394   78.763325899999998
  24.255511819859098   71.900649599999994


# temperature  564.000000000000000
#   -0.120784422551090    9.829255270067168 -298.511290434693819 4013.704866552938256 -20117.514365128026839
  17.035421195840680   49.677336500000003
  18.122470597054591   55.208871899999998
  19.254807305049955   60.016586900000000
  20.433355550577456   63.529834299999997
  21.659039564387733   66.842966500000003
  22.932783577231394   78.848307399999996
  24.255511819859098   71.968172800000005


# temperature  565.000000000000000
#   -0.120880366519132    9.836916691150906 -298.739930712211674 4016.727929216908251 -20132.377855898077541
  17.035421195840680   49.756533200000000
  18.122470597054591   55.289968399999999
  19.254807305049955   60.098931499999999
  20.433355550577456   63.612899499999997
  21.659039564387733   66.926589199999995
  22.932783577231394   78.933150400000002
  24.255511819859098   72.035585400000002


# temperature  566.000000000000000
#   -0.120976122912873    9.844563011253996 -298.968116403523197 4019.744923611964168 -20147.211145954734093
  17.035421195840680   49.835619600000001
  18.122470597054591   55.370945599999999
  19.254807305049955   60.181150600000002
  20.433355550577456   63.695835600000002
  21.659039564387733   67.010080000000002
  22.932783577231394   79.017855200000000
  24.255511819859098   72.102887600000003


# temperature  567.000000000000000
#   -0.121071690615055    9.852194135085682 -299.195844477994228 4022.755807191511394 -20162.014012711468240
  17.035421195840680   49.914596000000003
  18.122470597054591   55.451803699999999
  19.254807305049955   60.263244499999999
  20.433355550577456   63.778643000000002
  21.659039564387733   67.093439300000000
  22.932783577231394   79.102422300000001
  24.255511819859098   72.170079900000005


# temperature  568.000000000000000
#   -0.121167073884965    9.859810414050916 -299.423125763666917 4025.760727657561802 -20176.787208443889540
  17.035421195840680   49.993462500000000
  18.122470597054591   55.532542999999997
  19.254807305049955   60.345213600000001
  20.433355550577456   63.861322000000001
  21.659039564387733   67.176667399999999
  22.932783577231394   79.186852200000004
  24.255511819859098   72.237162499999997


# temperature  569.000000000000000
#   -0.121262268639900    9.867411513380711 -299.649950023964607 4028.759546686851991 -20191.530035969281016
  17.035421195840680   50.072219400000002
  18.122470597054591   55.613163800000002
  19.254807305049955   60.427058199999998
  20.433355550577456   63.943873000000004
  21.659039564387733   67.259764799999999
  22.932783577231394   79.271145099999998
  24.255511819859098   72.304135900000006


# temperature  570.000000000000000
#   -0.121357279471058    9.874997803404304 -299.876328392992320 4031.752412161263237 -20206.243227118342475
  17.035421195840680   50.150867099999999
  18.122470597054591   55.693666399999998
  19.254807305049955   60.508778599999999
  20.433355550577456   64.026296299999998
  21.659039564387733   67.342731700000002
  22.932783577231394   79.355301600000004
  24.255511819859098   72.371000199999997


# temperature  571.000000000000000
#   -0.121452106018736    9.882569259926854 -300.102260316475622 4034.739319481402617 -20220.926775070372969
  17.035421195840680   50.229405600000000
  18.122470597054591   55.774051100000001
  19.254807305049955   60.590375299999998
  20.433355550577456   64.108592400000006
  21.659039564387733   67.425568699999999
  22.932783577231394   79.439322200000007
  24.255511819859098   72.437755999999993


# temperature  572.000000000000000
#   -0.121546747510671    9.890125814186698 -300.327743512304494 4037.720235178157054 -20235.580496518487053
  17.035421195840680   50.307835400000002
  18.122470597054591   55.854318300000003
  19.254807305049955   60.671848400000002
  20.433355550577456   64.190761600000002
  21.659039564387733   67.508276100000003
  22.932783577231394   79.523207099999993
  24.255511819859098   72.504403499999995


# temperature  573.000000000000000
#   -0.121641205857614    9.897667627519759 -300.552783079953429 4040.695230774000265 -20250.204766713231948
  17.035421195840680   50.386156499999998
  18.122470597054591   55.934468099999997
  19.254807305049955   60.753198500000003
  20.433355550577456   64.272804199999996
  21.659039564387733   67.590854199999995
  22.932783577231394   79.606956800000006
  24.255511819859098   72.570943000000000


# temperature  574.000000000000000
#   -0.121735482068861    9.905194776206310 -300.777381136642703 4043.664331762756319 -20264.799697099329933
  17.035421195840680   50.464369400000002
  18.122470597054591   56.014501000000003
  19.254807305049955   60.834425699999997
  20.433355550577456   64.354720599999993
  21.659039564387733   67.673303500000003
  22.932783577231394   79.690571800000001
  24.255511819859098   72.637375000000006


# temperature  575.000000000000000
#   -0.121829579345379    9.912707532816910 -301.001546358250323 4046.627660426295279 -20279.365930984880833
  17.035421195840680   50.542474100000000
  18.122470597054591   56.094417300000003
  19.254807305049955   60.915530599999997
  20.433355550577456   64.436511100000004
  21.659039564387733   67.755624200000000
  22.932783577231394   79.774052400000002
  24.255511819859098   72.703699599999993


# temperature  576.000000000000000
#   -0.121923492365713    9.920205445838135 -301.225264455260458 4049.585016958673350 -20293.902427052969870
  17.035421195840680   50.620471000000002
  18.122470597054591   56.174217100000000
  19.254807305049955   60.996513200000003
  20.433355550577456   64.518176199999999
  21.659039564387733   67.837816900000007
  22.932783577231394   79.857399099999995
  24.255511819859098   72.769917399999997


# temperature  577.000000000000000
#   -0.122017226725494    9.927688981538035 -301.448549931778871 4052.536600928716325 -20308.410209565488913
  17.035421195840680   50.698360299999997
  18.122470597054591   56.253900799999997
  19.254807305049955   61.077374100000000
  20.433355550577456   64.599716099999995
  21.659039564387733   67.919881799999999
  22.932783577231394   79.940612299999998
  24.255511819859098   72.836028499999998


# temperature  578.000000000000000
#   -0.122110780659591    9.935157996243502 -301.671398432649028 4055.482354075687908 -20322.888987970734888
  17.035421195840680   50.776142299999997
  18.122470597054591   56.333468799999999
  19.254807305049955   61.158113600000000
  20.433355550577456   64.681131300000004
  21.659039564387733   68.001819299999994
  22.932783577231394   80.023692299999993
  24.255511819859098   72.902033299999999


# temperature  579.000000000000000
#   -0.122204155622000    9.942612604997278 -301.893813346931722 4058.422320518718152 -20337.338976528946660
  17.035421195840680   50.853817100000001
  18.122470597054591   56.412921200000000
  19.254807305049955   61.238731899999998
  20.433355550577456   64.762422000000001
  21.659039564387733   68.083629799999997
  22.932783577231394   80.106639599999994
  24.255511819859098   72.967932200000007


# temperature  580.000000000000000
#   -0.122297354044082    9.950053005273803 -302.115800665386985 4061.356580708260935 -20351.760578294863080
  17.035421195840680   50.931385100000000
  18.122470597054591   56.492258499999998
  19.254807305049955   61.319229399999998
  20.433355550577456   64.843588699999998
  21.659039564387733   68.165313699999999
  22.932783577231394   80.189454699999999
  24.255511819859098   73.033725399999994


# temperature  581.000000000000000
#   -0.122390374583939    9.957479089618785 -302.337357179675621 4064.285092320909371 -20366.153584934545506
  17.035421195840680   51.008846499999997
  18.122470597054591   56.571480899999997
  19.254807305049955   61.399606400000003
  20.433355550577456   64.924631599999998
  21.659039564387733   68.246871299999995
  22.932783577231394   80.272137799999996
  24.255511819859098   73.099413299999995


# temperature  582.000000000000000
#   -0.122483217828315    9.964890906812771 -302.558484415436794 4067.207876668987865 -20380.518108421540092
  17.035421195840680   51.086201400000000
  18.122470597054591   56.650588599999999
  19.254807305049955   61.479863299999998
  20.433355550577456   65.005551100000005
  21.659039564387733   68.328303000000005
  22.932783577231394   80.354689399999998
  24.255511819859098   73.164996299999999


# temperature  583.000000000000000
#   -0.122575884143435    9.972288480668455 -302.779182907927861 4070.124938336785817 -20394.854157892783405
  17.035421195840680   51.163450300000001
  18.122470597054591   56.729582000000001
  19.254807305049955   61.560000400000000
  20.433355550577456   65.086347599999996
  21.659039564387733   68.409609200000006
  22.932783577231394   80.437109899999996
  24.255511819859098   73.230474599999994


# temperature  584.000000000000000
#   -0.122668375533077    9.979671979985799 -302.999457975481221 4073.036351607513552 -20409.162121134100744
  17.035421195840680   51.240593199999999
  18.122470597054591   56.808461399999999
  19.254807305049955   61.640017999999998
  20.433355550577456   65.167021500000004
  21.659039564387733   68.490790200000006
  22.932783577231394   80.519399699999994
  24.255511819859098   73.295848500000005


# temperature  585.000000000000000
#   -0.122760691537532    9.987041366498570 -303.219308417221043 4075.942099667679486 -20423.441909379856952
  17.035421195840680   51.317630500000000
  18.122470597054591   56.887227000000003
  19.254807305049955   61.719916499999997
  20.433355550577456   65.247573000000003
  21.659039564387733   68.571846300000004
  22.932783577231394   80.601559199999997
  24.255511819859098   73.361118500000003


# temperature  586.000000000000000
#   -0.122852835474273    9.994396905868703 -303.438742170531555 4078.842287415982355 -20437.694039896527102
  17.035421195840680   51.394562399999998
  18.122470597054591   56.965879200000003
  19.254807305049955   61.799695999999997
  20.433355550577456   65.328002400000003
  21.659039564387733   68.652777999999998
  22.932783577231394   80.683588799999995
  24.255511819859098   73.426284699999997


# temperature  587.000000000000000
#   -0.122944804917670   10.001738405425741 -303.657753560043091 4081.736841448536779 -20451.918160936522327
  17.035421195840680   51.471389000000002
  18.122470597054591   57.044418200000003
  19.254807305049955   61.879357100000000
  20.433355550577456   65.408310299999997
  21.659039564387733   68.733585599999998
  22.932783577231394   80.765488899999994
  24.255511819859098   73.491347500000003


# temperature  588.000000000000000
#   -0.123036600305952   10.009065897361694 -303.876343431791497 4084.625770997002746 -20466.114305980321660
  17.035421195840680   51.548110800000003
  18.122470597054591   57.122844299999997
  19.254807305049955   61.958900000000000
  20.433355550577456   65.488496799999993
  21.659039564387733   68.814269400000001
  22.932783577231394   80.847259800000003
  24.255511819859098   73.556307300000000


# temperature  589.000000000000000
#   -0.123128225901811   10.016379732044101 -304.094522551042132 4087.509222642022451 -20480.283221072502783
  17.035421195840680   51.624727800000002
  18.122470597054591   57.201157899999998
  19.254807305049955   62.038325000000000
  20.433355550577456   65.568562299999996
  21.659039564387733   68.894829900000005
  22.932783577231394   80.928901999999994
  24.255511819859098   73.621164300000004


# temperature  590.000000000000000
#   -0.123219677433112   10.023679555723358 -304.312279985584439 4090.387046965185164 -20494.424143953317980
  17.035421195840680   51.701240400000003
  18.122470597054591   57.279359100000001
  19.254807305049955   62.117632399999998
  20.433355550577456   65.648507199999997
  21.659039564387733   68.975267299999999
  22.932783577231394   81.010415800000004
  24.255511819859098   73.685918900000004


# temperature  591.000000000000000
#   -0.123310959412086   10.030965737275450 -304.529626991317571 4093.259395924583714 -20508.537840186290850
  17.035421195840680   51.777648800000001
  18.122470597054591   57.357448300000001
  19.254807305049955   62.196822500000003
  20.433355550577456   65.728331800000007
  21.659039564387733   69.055582000000001
  22.932783577231394   81.091801700000005
  24.255511819859098   73.750571300000004


# temperature  592.000000000000000
#   -0.123402071978344   10.038238294782474 -304.746564333522770 4096.126282856878788 -20522.624392328951217
  17.035421195840680   51.853953199999999
  18.122470597054591   57.435425799999997
  19.254807305049955   62.275895800000001
  20.433355550577456   65.808036400000006
  21.659039564387733   69.135774299999994
  22.932783577231394   81.173060000000007
  24.255511819859098   73.815121899999994


# temperature  593.000000000000000
#   -0.123493013909333   10.045497119759917 -304.963088445476842 4098.987656283204160 -20536.683524918989860
  17.035421195840680   51.930153799999999
  18.122470597054591   57.513291799999998
  19.254807305049955   62.354852399999999
  20.433355550577456   65.887621400000000
  21.659039564387733   69.215844700000005
  22.932783577231394   81.254191100000000
  24.255511819859098   73.879570999999999


# temperature  594.000000000000000
#   -0.123583787158593   10.052742374787515 -305.179204374086112 4101.843585439916751 -20550.715591735395719
  17.035421195840680   52.006250899999998
  18.122470597054591   57.591046599999999
  19.254807305049955   62.433692700000002
  20.433355550577456   65.967087000000006
  21.659039564387733   69.295793399999994
  22.932783577231394   81.335195299999995
  24.255511819859098   73.943918800000006


# temperature  595.000000000000000
#   -0.123674393303544   10.059974188260831 -305.394916017296396 4104.694122672894082 -20564.720854911767674
  17.035421195840680   52.082244799999998
  18.122470597054591   57.668690599999998
  19.254807305049955   62.512416999999999
  20.433355550577456   66.046433699999994
  21.659039564387733   69.375620799999993
  22.932783577231394   81.416073200000000
  24.255511819859098   74.008165800000000


# temperature  596.000000000000000
#   -0.123764828628162   10.067192256213010 -305.610214120546857 4107.539143711599536 -20578.698693295635167
  17.035421195840680   52.158135600000001
  18.122470597054591   57.746223899999997
  19.254807305049955   62.591025700000003
  20.433355550577456   66.125661800000003
  21.659039564387733   69.455327299999993
  22.932783577231394   81.496824899999993
  24.255511819859098   74.072312199999999


# temperature  597.000000000000000
#   -0.123855099283460   10.074397080777471 -305.825113974855640 4110.378854442995362 -20592.650140916364762
  17.035421195840680   52.233923500000003
  18.122470597054591   57.823646900000000
  19.254807305049955   62.669519000000001
  20.433355550577456   66.204771600000001
  21.659039564387733   69.534913200000005
  22.932783577231394   81.577450999999996
  24.255511819859098   74.136358200000004


# temperature  598.000000000000000
#   -0.123945204161623   10.081588570045406 -306.039612716529746 4113.213215158195453 -20606.574990802164393
  17.035421195840680   52.309609000000002
  18.122470597054591   57.900959899999997
  19.254807305049955   62.747897199999997
  20.433355550577456   66.283763300000004
  21.659039564387733   69.614378799999997
  22.932783577231394   81.657951800000006
  24.255511819859098   74.200304299999999


# temperature  599.000000000000000
#   -0.124035142009370   10.088766621819410 -306.253707269994777 4116.042185442580376 -20620.473047437411878
  17.035421195840680   52.385192000000004
  18.122470597054591   57.978163000000002
  19.254807305049955   62.826160600000001
  20.433355550577456   66.362637399999997
  21.659039564387733   69.693724399999994
  22.932783577231394   81.738327600000005
  24.255511819859098   74.264150599999994


# temperature  600.000000000000000
#   -0.124124914968930   10.095931412362713 -306.467403037556664 4118.865838386693213 -20634.344678662480874
  17.035421195840680   52.460673000000000
  18.122470597054591   58.055256700000001
  19.254807305049955   62.904309699999999
  20.433355550577456   66.441394200000005
  21.659039564387733   69.772950499999993
  22.932783577231394   81.818578900000006
  24.255511819859098   74.327897600000000


# temperature  601.000000000000000
#   -0.124214522666609   10.103082908047767 -306.680698909288708 4121.684158039352042 -20648.189799957672221
  17.035421195840680   52.536052099999999
  18.122470597054591   58.132241200000003
  19.254807305049955   62.982344599999998
  20.433355550577456   66.520033999999995
  21.659039564387733   69.852057400000007
  22.932783577231394   81.898705899999996
  24.255511819859098   74.391545399999998


# temperature  602.000000000000000
#   -0.124303968757284   10.110221409708855 -306.893604111044795 4124.497269375326141 -20662.009042195833899
  17.035421195840680   52.611329499999997
  18.122470597054591   58.209116700000003
  19.254807305049955   63.060265600000001
  20.433355550577456   66.598557000000000
  21.659039564387733   69.931045299999994
  22.932783577231394   81.978709199999997
  24.255511819859098   74.455094500000001


# temperature  603.000000000000000
#   -0.124393249385050   10.117346600520337 -307.106108959338144 4127.305041908936801 -20675.801750833070400
  17.035421195840680   52.686505500000003
  18.122470597054591   58.285883499999997
  19.254807305049955   63.138073200000001
  20.433355550577456   66.676963799999996
  21.659039564387733   70.009914600000002
  22.932783577231394   82.058588999999998
  24.255511819859098   74.518545000000003


# temperature  604.000000000000000
#   -0.124482368143014   10.124458771133071 -307.318222201780998 4130.107591743661942 -20689.568499122953654
  17.035421195840680   52.761580400000000
  18.122470597054591   58.362541899999997
  19.254807305049955   63.215767499999998
  20.433355550577456   66.755254399999998
  21.659039564387733   70.088665700000007
  22.932783577231394   82.138345700000002
  24.255511819859098   74.581897299999994


# temperature  605.000000000000000
#   -0.124571323015997   10.131557759328654 -307.529938990645348 4132.904855181609491 -20703.308976420150429
  17.035421195840680   52.836554300000003
  18.122470597054591   58.439092199999997
  19.254807305049955   63.293348799999997
  20.433355550577456   66.833429400000000
  21.659039564387733   70.167298900000006
  22.932783577231394   82.217979600000007
  24.255511819859098   74.645151700000000


# temperature  606.000000000000000
#   -0.124660118201222   10.138643908020978 -307.741269782258598 4135.696973281003920 -20717.023892858924228
  17.035421195840680   52.911427400000001
  18.122470597054591   58.515534600000002
  19.254807305049955   63.370817600000002
  20.433355550577456   66.911488899999995
  21.659039564387733   70.245814600000003
  22.932783577231394   82.297491199999996
  24.255511819859098   74.708308400000007


# temperature  607.000000000000000
#   -0.124748752433340   10.145717114183091 -307.952211437275594 4138.483903596832533 -20730.713033234766044
  17.035421195840680   52.986200099999998
  18.122470597054591   58.591869500000001
  19.254807305049955   63.448174000000002
  20.433355550577456   66.989433399999996
  21.659039564387733   70.324212900000006
  22.932783577231394   82.376880799999995
  24.255511819859098   74.771367799999993


# temperature  608.000000000000000
#   -0.124837225450284   10.152777353406602 -308.162763130233202 4141.265634093932022 -20744.376333384996542
  17.035421195840680   53.060872500000002
  18.122470597054591   58.668097000000003
  19.254807305049955   63.525418400000000
  20.433355550577456   67.067262999999997
  21.659039564387733   70.402494399999995
  22.932783577231394   82.456148700000000
  24.255511819859098   74.834330199999997


# temperature  609.000000000000000
#   -0.124925537427397   10.159824640524119 -308.372925340243967 4144.042171744260486 -20758.013831299951562
  17.035421195840680   53.135444900000003
  18.122470597054591   58.744217499999998
  19.254807305049955   63.602551099999999
  20.433355550577456   67.144978300000005
  21.659039564387733   70.480659299999999
  22.932783577231394   82.535295300000001
  24.255511819859098   74.897195800000006


# temperature  610.000000000000000
#   -0.125013692809758   10.166859341698466 -308.582709315467866 4146.813669285135802 -20771.626300422776694
  17.035421195840680   53.209917400000002
  18.122470597054591   58.820231200000002
  19.254807305049955   63.679572399999998
  20.433355550577456   67.222579300000007
  21.659039564387733   70.558707900000002
  22.932783577231394   82.614321000000004
  24.255511819859098   74.959964900000003


# temperature  611.000000000000000
#   -0.125101689047126   10.173881242150280 -308.792108314471932 4149.580033270334752 -20785.213257810868527
  17.035421195840680   53.284290400000003
  18.122470597054591   58.896138399999998
  19.254807305049955   63.756482499999997
  20.433355550577456   67.300066599999994
  21.659039564387733   70.636640499999999
  22.932783577231394   82.693226199999998
  24.255511819859098   75.022637799999998


# temperature  612.000000000000000
#   -0.125189527464530   10.180890454508841 -309.001125914972818 4152.341314029493333 -20798.774967690773337
  17.035421195840680   53.358564000000001
  18.122470597054591   58.971939399999997
  19.254807305049955   63.833281800000002
  20.433355550577456   67.377440300000004
  21.659039564387733   70.714457600000003
  22.932783577231394   82.772011100000000
  24.255511819859098   75.085214800000003


# temperature  613.000000000000000
#   -0.125277207875941   10.187886958756179 -309.209761358562162 4155.097499346125005 -20812.311358454619040
  17.035421195840680   53.432738499999999
  18.122470597054591   59.047634400000000
  19.254807305049955   63.909970500000000
  20.433355550577456   67.454700799999998
  21.659039564387733   70.792159400000003
  22.932783577231394   82.850676100000001
  24.255511819859098   75.147696100000005


# temperature  614.000000000000000
#   -0.125364731683157   10.194870873678269 -309.418018400419157 4157.848641715526355 -20825.822703611102042
  17.035421195840680   53.506814100000000
  18.122470597054591   59.123223699999997
  19.254807305049955   63.986548999999997
  20.433355550577456   67.531848400000001
  21.659039564387733   70.869746199999994
  22.932783577231394   82.929221600000005
  24.255511819859098   75.210082099999994


# temperature  615.000000000000000
#   -0.125452098225733   10.201842143325036 -309.625895275505343 4160.594716585749666 -20839.308875945414911
  17.035421195840680   53.580790999999998
  18.122470597054591   59.198707499999998
  19.254807305049955   64.063017500000001
  20.433355550577456   67.608883399999996
  21.659039564387733   70.947218300000003
  22.932783577231394   83.007647899999995
  24.255511819859098   75.272373099999996


# temperature  616.000000000000000
#   -0.125539310000020   10.208800970724823 -309.833398157448357 4163.335807156173360 -20852.770294466336054
  17.035421195840680   53.654669400000003
  18.122470597054591   59.274086099999998
  19.254807305049955   64.139376400000003
  20.433355550577456   67.685806099999994
  21.659039564387733   71.024576100000004
  22.932783577231394   83.085955400000003
  24.255511819859098   75.334569200000004


# temperature  617.000000000000000
#   -0.125626366182762   10.215747290994942 -310.040525136927727 4166.071888560621119 -20866.206837912486662
  17.035421195840680   53.728449599999998
  18.122470597054591   59.349359900000003
  19.254807305049955   64.215625900000006
  20.433355550577456   67.762616899999998
  21.659039564387733   71.101819899999995
  22.932783577231394   83.164144399999998
  24.255511819859098   75.396670900000004


# temperature  618.000000000000000
#   -0.125713266748358   10.222681094161258 -310.247275666471694 4168.802950137637708 -20879.618436202948942
  17.035421195840680   53.802131799999998
  18.122470597054591   59.424528899999999
  19.254807305049955   64.291766199999998
  20.433355550577456   67.839315900000003
  21.659039564387733   71.178950000000000
  22.932783577231394   83.242215200000004
  24.255511819859098   75.458678300000003


# temperature  619.000000000000000
#   -0.125800014252328   10.229602592817503 -310.453656356139845 4171.529082911504702 -20893.005557193846471
  17.035421195840680   53.875716300000001
  18.122470597054591   59.499593599999997
  19.254807305049955   64.367797800000005
  20.433355550577456   67.915903599999993
  21.659039564387733   71.255966799999996
  22.932783577231394   83.320168300000006
  24.255511819859098   75.520591699999997


# temperature  620.000000000000000
#   -0.125886608044593   10.236511739754237 -310.659665950849615 4174.250272516102996 -20906.368141747519985
  17.035421195840680   53.949203099999998
  18.122470597054591   59.574554100000000
  19.254807305049955   64.443720900000002
  20.433355550577456   67.992380199999999
  21.659039564387733   71.332870400000004
  22.932783577231394   83.398003900000006
  24.255511819859098   75.582411500000006


# temperature  621.000000000000000
#   -0.125973049883322   10.243408668866453 -310.865308233022574 4176.966565904936942 -20919.706405507342424
  17.035421195840680   54.022592600000003
  18.122470597054591   59.649410799999998
  19.254807305049955   64.519535700000006
  20.433355550577456   68.068746000000004
  21.659039564387733   71.409661400000005
  22.932783577231394   83.475722399999995
  24.255511819859098   75.644137799999996


# temperature  622.000000000000000
#   -0.126059337463180   10.250293196650675 -311.070577762597281 4179.677891900733812 -20933.020001464115921
  17.035421195840680   54.095885000000003
  18.122470597054591   59.724163799999999
  19.254807305049955   64.595242600000006
  20.433355550577456   68.145001399999998
  21.659039564387733   71.486339799999996
  22.932783577231394   83.553324099999998
  24.255511819859098   75.705770999999999


# temperature  623.000000000000000
#   -0.126145475392353   10.257165696509848 -311.275485825484850 4182.384401327482010 -20946.309681429338525
  17.035421195840680   54.169080500000000
  18.122470597054591   59.798813500000001
  19.254807305049955   64.670841800000005
  20.433355550577456   68.221146500000003
  21.659039564387733   71.562906200000000
  22.932783577231394   83.630809400000004
  24.255511819859098   75.767311300000003


# temperature  624.000000000000000
#   -0.126231459902345   10.264025861292653 -311.480023089271583 4185.085968929615774 -20959.574818652989052
  17.035421195840680   54.242179299999997
  18.122470597054591   59.873359999999998
  19.254807305049955   64.746333600000000
  20.433355550577456   68.297181800000004
  21.659039564387733   71.639360699999997
  22.932783577231394   83.708178599999997
  24.255511819859098   75.828759099999999


# temperature  625.000000000000000
#   -0.126317294684560   10.270873995548953 -311.684198939567978 4187.782722738329539 -20972.816064962484234
  17.035421195840680   54.315181600000003
  18.122470597054591   59.947803800000003
  19.254807305049955   64.821718300000001
  20.433355550577456   68.373107599999997
  21.659039564387733   71.715703700000006
  22.932783577231394   83.785432000000000
  24.255511819859098   75.890114499999996


# temperature  626.000000000000000
#   -0.126402979050059   10.277710034428802 -311.888011128578114 4190.474628721294721 -20986.033230067881959
  17.035421195840680   54.388087700000000
  18.122470597054591   60.022144900000001
  19.254807305049955   64.896996200000004
  20.433355550577456   68.448924000000005
  21.659039564387733   71.791935600000002
  22.932783577231394   83.862570000000005
  24.255511819859098   75.951377800000003


# temperature  627.000000000000000
#   -0.126488514033681   10.284534071139239 -312.091462765816402 4193.161732442541506 -20999.226561213443347
  17.035421195840680   54.460897799999998
  18.122470597054591   60.096383699999997
  19.254807305049955   64.972167600000006
  20.433355550577456   68.524631400000004
  21.659039564387733   71.868056499999994
  22.932783577231394   83.939592899999994
  24.255511819859098   76.012549399999997


# temperature  628.000000000000000
#   -0.126573898492587   10.291346003946060 -312.294550502997367 4195.843985587925999 -21012.395800119484193
  17.035421195840680   54.533612099999999
  18.122470597054591   60.170520400000001
  19.254807305049955   65.047232600000001
  20.433355550577456   68.600230199999999
  21.659039564387733   71.944066800000002
  22.932783577231394   84.016501000000005
  24.255511819859098   76.073629400000002


# temperature  629.000000000000000
#   -0.126659133970378   10.298145965013846 -312.497278561324777 4198.521447747534694 -21025.541260137291829
  17.035421195840680   54.606230799999999
  18.122470597054591   60.244555200000001
  19.254807305049955   65.122191799999996
  20.433355550577456   68.675720499999997
  21.659039564387733   72.019966800000006
  22.932783577231394   84.093294599999993
  24.255511819859098   76.134618099999997


# temperature  630.000000000000000
#   -0.126744222865592   10.304934145371828 -312.699652602502852 4201.194192966587252 -21038.663301758384478
  17.035421195840680   54.678754099999999
  18.122470597054591   60.318488500000001
  19.254807305049955   65.197045099999997
  20.433355550577456   68.751102700000004
  21.659039564387733   72.095756899999998
  22.932783577231394   84.169974199999999
  24.255511819859098   76.195515900000004


# temperature  631.000000000000000
#   -0.126829163758260   10.311710436558126 -312.901669573194795 4203.862183757913044 -21051.761755682528019
  17.035421195840680   54.751182200000002
  18.122470597054591   60.392320499999997
  19.254807305049955   65.271793099999996
  20.433355550577456   68.826377100000002
  21.659039564387733   72.171437200000000
  22.932783577231394   84.246539900000002
  24.255511819859098   76.256322900000001


# temperature  632.000000000000000
#   -0.126913957175504   10.318474870798363 -313.103330115846575 4206.525424140460927 -21064.836618542551150
  17.035421195840680   54.823515399999998
  18.122470597054591   60.466051399999998
  19.254807305049955   65.346435900000003
  20.433355550577456   68.901544000000001
  21.659039564387733   72.247008199999996
  22.932783577231394   84.322992200000002
  24.255511819859098   76.317039399999999


# temperature  633.000000000000000
#   -0.126998603920037   10.325227515790299 -313.304636357771358 4209.183943640564394 -21077.888042864437011
  17.035421195840680   54.895753900000003
  18.122470597054591   60.539681399999999
  19.254807305049955   65.420973799999999
  20.433355550577456   68.976603600000004
  21.659039564387733   72.322470100000004
  22.932783577231394   84.399331399999994
  24.255511819859098   76.377665699999994


# temperature  634.000000000000000
#   -0.127083104575727   10.331968424919554 -313.505590119147200 4211.837769645579101 -21090.916181615441019
  17.035421195840680   54.967897800000003
  18.122470597054591   60.613210899999999
  19.254807305049955   65.495407099999994
  20.433355550577456   69.051556300000001
  21.659039564387733   72.397823200000005
  22.932783577231394   84.475557699999996
  24.255511819859098   76.438202000000004


# temperature  635.000000000000000
#   -0.127167461506547   10.338697787687325 -313.706197044704481 4214.486976204002531 -21103.921395489371207
  17.035421195840680   55.039947499999997
  18.122470597054591   60.686640099999998
  19.254807305049955   65.569736100000000
  20.433355550577456   69.126402200000001
  21.659039564387733   72.473067799999995
  22.932783577231394   84.551671600000006
  24.255511819859098   76.498648700000004


# temperature  636.000000000000000
#   -0.127251670934385   10.345415293498569 -313.906447632300626 4217.131435115307795 -21116.903040673973010
  17.035421195840680   55.111903099999999
  18.122470597054591   60.759969200000000
  19.254807305049955   65.643961000000004
  20.433355550577456   69.201141800000002
  21.659039564387733   72.548204200000001
  22.932783577231394   84.627673200000004
  24.255511819859098   76.559005900000002


# temperature  637.000000000000000
#   -0.127335735840649   10.352121184831322 -314.106349235802554 4219.771244978774121 -21129.861610196709080
  17.035421195840680   55.183764799999999
  18.122470597054591   60.833198400000001
  19.254807305049955   65.718082100000004
  20.433355550577456   69.275775300000006
  21.659039564387733   72.623232700000003
  22.932783577231394   84.703563000000003
  24.255511819859098   76.619273899999996


# temperature  638.000000000000000
#   -0.127419658385920   10.358815639837470 -314.305907338787790 4222.406480466770518 -21142.797483348756941
  17.035421195840680   55.255532799999997
  18.122470597054591   60.906328000000002
  19.254807305049955   65.792099699999994
  20.433355550577456   69.350302900000003
  21.659039564387733   72.698153599999998
  22.932783577231394   84.779341299999999
  24.255511819859098   76.679452900000001


# temperature  639.000000000000000
#   -0.127503436092196   10.365498457377138 -314.505115848895059 4225.037059961669001 -21155.710251771874027
  17.035421195840680   55.327207399999999
  18.122470597054591   60.979358300000001
  19.254807305049955   65.866014000000007
  20.433355550577456   69.424724999999995
  21.659039564387733   72.772967100000002
  22.932783577231394   84.855008299999994
  24.255511819859098   76.739543299999994


# temperature  640.000000000000000
#   -0.127587071063782   10.372169804962500 -314.703979748554218 4227.663049129853789 -21168.600238904247817
  17.035421195840680   55.398788799999998
  18.122470597054591   61.052289600000002
  19.254807305049955   65.939825299999995
  20.433355550577456   69.499041899999995
  21.659039564387733   72.847673700000001
  22.932783577231394   84.930564399999994
  24.255511819859098   76.799545199999997


# temperature  641.000000000000000
#   -0.127670563171655   10.378829674981619 -314.902498890914046 4230.284447107831511 -21181.467445818609121
  17.035421195840680   55.470277099999997
  18.122470597054591   61.125121900000003
  19.254807305049955   66.013533899999999
  20.433355550577456   69.573253699999995
  21.659039564387733   72.922273500000003
  22.932783577231394   85.006009899999995
  24.255511819859098   76.859459000000001


# temperature  642.000000000000000
#   -0.127753912784935   10.385478090172798 -315.100673746513849 4232.901257298766723 -21194.311874845934653
  17.035421195840680   55.541672699999999
  18.122470597054591   61.197855599999997
  19.254807305049955   66.087140000000005
  20.433355550577456   69.647360899999995
  21.659039564387733   72.996766899999997
  22.932783577231394   85.081345200000001
  24.255511819859098   76.919284800000000


# temperature  643.000000000000000
#   -0.127837121174026   10.392115166352141 -315.298508220162319 4235.513537469261792 -21207.133842436302075
  17.035421195840680   55.612975599999999
  18.122470597054591   61.270491000000000
  19.254807305049955   66.160643899999997
  20.433355550577456   69.721363600000004
  21.659039564387733   73.071154100000001
  22.932783577231394   85.156570400000007
  24.255511819859098   76.979022999999998


# temperature  644.000000000000000
#   -0.127920188315713   10.398740892434219 -315.496001697729923 4238.121275717012395 -21219.933270928104321
  17.035421195840680   55.684186099999998
  18.122470597054591   61.343028199999999
  19.254807305049955   66.234045899999998
  20.433355550577456   69.795262199999996
  21.659039564387733   73.145435399999997
  22.932783577231394   85.231685999999996
  24.255511819859098   77.038673700000004


# temperature  645.000000000000000
#   -0.128003117108814   10.405355508751727 -315.693161609181630 4240.724573551555295 -21232.710677159568149
  17.035421195840680   55.755304400000000
  18.122470597054591   61.415467599999999
  19.254807305049955   66.307346199999998
  20.433355550577456   69.869056900000004
  21.659039564387733   73.219611099999995
  22.932783577231394   85.306692299999995
  24.255511819859098   77.098237200000000


# temperature  646.000000000000000
#   -0.128085903410949   10.411958670933426 -315.889977279570758 4243.323284765027893 -21245.465314426055556
  17.035421195840680   55.826330800000001
  18.122470597054591   61.487809300000002
  19.254807305049955   66.380545100000006
  20.433355550577456   69.942747999999995
  21.659039564387733   73.293681599999999
  22.932783577231394   85.381589500000004
  24.255511819859098   77.157713799999996


# temperature  647.000000000000000
#   -0.128168550247475   10.418550633319885 -316.086456691499848 4245.917520199879618 -21258.197756986101012
  17.035421195840680   55.897265300000001
  18.122470597054591   61.560053600000003
  19.254807305049955   66.453642799999997
  20.433355550577456   70.016335799999993
  21.659039564387733   73.367647000000005
  22.932783577231394   85.456377900000007
  24.255511819859098   77.217103699999996


# temperature  648.000000000000000
#   -0.128251057762856   10.425131402955230 -316.282599907984604 4248.507278588578629 -21270.907987235805194
  17.035421195840680   55.968108299999997
  18.122470597054591   61.632200699999999
  19.254807305049955   66.526639700000004
  20.433355550577456   70.089820500000002
  21.659039564387733   73.441507700000003
  22.932783577231394   85.531057899999993
  24.255511819859098   77.276407199999994


# temperature  649.000000000000000
#   -0.128333427882621   10.431701135419196 -316.478411619248163 4251.092622460661005 -21283.596316035542259
  17.035421195840680   56.038860000000000
  18.122470597054591   61.704250899999998
  19.254807305049955   66.599535900000006
  20.433355550577456   70.163202400000003
  21.659039564387733   73.515263899999994
  22.932783577231394   85.605629800000003
  24.255511819859098   77.335624400000000


# temperature  650.000000000000000
#   -0.128415658792839   10.438259686214160 -316.673887543666240 4253.673495916436877 -21296.262471963913413
  17.035421195840680   56.109520500000002
  18.122470597054591   61.776204399999997
  19.254807305049955   66.672331700000001
  20.433355550577456   70.236481800000007
  21.659039564387733   73.588915900000003
  22.932783577231394   85.680093799999995
  24.255511819859098   77.394755700000005


# temperature  651.000000000000000
#   -0.128497751255407   10.444807115361082 -316.869029453390681 4256.249922239157058 -21308.906569750484778
  17.035421195840680   56.180090000000000
  18.122470597054591   61.848061399999999
  19.254807305049955   66.745027500000006
  20.433355550577456   70.309658999999996
  21.659039564387733   73.662464099999994
  22.932783577231394   85.754450300000002
  24.255511819859098   77.453801299999995


# temperature  652.000000000000000
#   -0.128579707538639   10.451343606141535 -317.063842856603742 4258.821974383788984 -21321.528968462593184
  17.035421195840680   56.250568800000003
  18.122470597054591   61.919822199999999
  19.254807305049955   66.817623299999994
  20.433355550577456   70.382734200000002
  21.659039564387733   73.735908600000002
  22.932783577231394   85.828699599999993
  24.255511819859098   77.512761400000002


# temperature  653.000000000000000
#   -0.128661525864602   10.457869014205821 -317.258323399676442 4261.389594553424104 -21334.129382870934933
  17.035421195840680   56.320957100000001
  18.122470597054591   61.991486999999999
  19.254807305049955   66.890119600000006
  20.433355550577456   70.455707700000005
  21.659039564387733   73.809249800000003
  22.932783577231394   85.902841899999999
  24.255511819859098   77.571636200000000


# temperature  654.000000000000000
#   -0.128743209635520   10.464383621224746 -317.452479774076778 4263.952901239215862 -21346.708415082553984
  17.035421195840680   56.391255000000001
  18.122470597054591   62.063056099999997
  19.254807305049955   66.962516500000007
  20.433355550577456   70.528579699999995
  21.659039564387733   73.882487900000001
  22.932783577231394   85.976877599999995
  24.255511819859098   77.630426099999994


# temperature  655.000000000000000
#   -0.128824755109043   10.470887111490995 -317.646302067362456 4266.511757162172216 -21359.265357236552518
  17.035421195840680   56.461462800000000
  18.122470597054591   62.134529600000000
  19.254807305049955   67.034814299999994
  20.433355550577456   70.601350600000004
  21.659039564387733   73.955623299999999
  22.932783577231394   86.050806899999998
  24.255511819859098   77.689131099999997


# temperature  656.000000000000000
#   -0.128906166249502   10.477379819209842 -317.839800772687965 4269.066307740385128 -21371.800959587602847
  17.035421195840680   56.531580699999999
  18.122470597054591   62.205907900000000
  19.254807305049955   67.107013300000006
  20.433355550577456   70.674020600000006
  21.659039564387733   74.028656100000006
  22.932783577231394   86.124630199999999
  24.255511819859098   77.747751699999995


# temperature  657.000000000000000
#   -0.128987442133654   10.483861662256414 -318.032973189139000 4271.616514039693357 -21384.315014330470149
  17.035421195840680   56.601608800000001
  18.122470597054591   62.277191100000003
  19.254807305049955   67.179113599999994
  20.433355550577456   70.746589900000004
  21.659039564387733   74.101586699999999
  22.932783577231394   86.198347699999999
  24.255511819859098   77.806287999999995


# temperature  658.000000000000000
#   -0.129068584183328   10.490332756564662 -318.225822851961141 4274.162423835490699 -21396.807762534441281
  17.035421195840680   56.671547400000001
  18.122470597054591   62.348379399999999
  19.254807305049955   67.251115700000000
  20.433355550577456   70.819058799999993
  21.659039564387733   74.174415300000007
  22.932783577231394   86.271959800000005
  24.255511819859098   77.864740100000006


# temperature  659.000000000000000
#   -0.129149591936913   10.496793066879407 -318.418348753007479 4276.704024328640116 -21409.279143070896680
  17.035421195840680   56.741396700000003
  18.122470597054591   62.419473199999999
  19.254807305049955   67.323019599999995
  20.433355550577456   70.891427600000000
  21.659039564387733   74.247142199999999
  22.932783577231394   86.345466700000003
  24.255511819859098   77.923108499999998


# temperature  660.000000000000000
#   -0.129230465779206   10.503242620631228 -318.610551617271881 4279.241323972471946 -21421.729192580136441
  17.035421195840680   56.811156900000000
  18.122470597054591   62.490472599999997
  19.254807305049955   67.394825699999998
  20.433355550577456   70.963696600000006
  21.659039564387733   74.319767700000000
  22.932783577231394   86.418868799999998
  24.255511819859098   77.981393299999993


# temperature  661.000000000000000
#   -0.129311207346836   10.509681557448880 -318.802435884818976 4281.774385117852034 -21434.158237049046875
  17.035421195840680   56.880828100000002
  18.122470597054591   62.561377899999997
  19.254807305049955   67.466534199999998
  20.433355550577456   71.035865900000005
  21.659039564387733   74.392291999999998
  22.932783577231394   86.492166200000000
  24.255511819859098   78.039594699999995


# temperature  662.000000000000000
#   -0.129391815620369   10.516109785420287 -318.993998486427643 4284.303162783474363 -21446.566032083497703
  17.035421195840680   56.950410599999998
  18.122470597054591   62.632189199999999
  19.254807305049955   67.538145299999996
  20.433355550577456   71.107935900000001
  21.659039564387733   74.464715400000003
  22.932783577231394   86.565359400000006
  24.255511819859098   78.097712999999999


# temperature  663.000000000000000
#   -0.129472291464631   10.522527382402153 -319.185242026816866 4286.827695319612758 -21458.952786957193894
  17.035421195840680   57.019904599999997
  18.122470597054591   62.702906900000002
  19.254807305049955   67.609659399999998
  20.433355550577456   71.179906799999998
  21.659039564387733   74.537038199999998
  22.932783577231394   86.638448499999996
  24.255511819859098   78.155748399999993


# temperature  664.000000000000000
#   -0.129552635326754   10.528934379092892 -319.376167266342975 4289.347990701910931 -21471.318530885942891
  17.035421195840680   57.089310200000000
  18.122470597054591   62.773531100000000
  19.254807305049955   67.681076599999997
  20.433355550577456   71.251778900000005
  21.659039564387733   74.609260699999993
  22.932783577231394   86.711433900000003
  24.255511819859098   78.213701099999994


# temperature  665.000000000000000
#   -0.129632845910235   10.535330669900251 -319.566770985914843 4291.864005367324353 -21483.663042736716307
  17.035421195840680   57.158627799999998
  18.122470597054591   62.844062000000001
  19.254807305049955   67.752397200000004
  20.433355550577456   71.323552399999997
  21.659039564387733   74.681382999999997
  22.932783577231394   86.784315800000002
  24.255511819859098   78.271571399999999


# temperature  666.000000000000000
#   -0.129712928122759   10.541716658179057 -319.757065569854774 4294.375907685607672 -21495.987177512586641
  17.035421195840680   57.227857399999998
  18.122470597054591   62.914499999999997
  19.254807305049955   67.823621399999993
  20.433355550577456   71.395227599999998
  21.659039564387733   74.753405500000000
  22.932783577231394   86.857094599999996
  24.255511819859098   78.329359400000001


# temperature  667.000000000000000
#   -0.129792878307237   10.548092044267829 -319.947041861745731 4296.883574029975534 -21508.290312768025615
  17.035421195840680   57.296999200000002
  18.122470597054591   62.984845200000002
  19.254807305049955   67.894749500000003
  20.433355550577456   71.466804800000006
  21.659039564387733   74.825328499999998
  22.932783577231394   86.929770500000004
  24.255511819859098   78.387065500000006


# temperature  668.000000000000000
#   -0.129872699080316   10.554457040361974 -320.136706270525849 4299.387089826459487 -21520.572872250457294
  17.035421195840680   57.366053500000000
  18.122470597054591   63.055097799999999
  19.254807305049955   67.965781699999994
  20.433355550577456   71.538284099999998
  21.659039564387733   74.897152100000000
  22.932783577231394   87.002343800000006
  24.255511819859098   78.444689800000006


# temperature  669.000000000000000
#   -0.129952389593372   10.560811576864685 -320.326056677692065 4301.886426728590777 -21532.834715058030270
  17.035421195840680   57.435020500000000
  18.122470597054591   63.125258100000003
  19.254807305049955   68.036718300000004
  20.433355550577456   71.609665899999996
  21.659039564387733   74.968876699999996
  22.932783577231394   87.074814799999999
  24.255511819859098   78.502232599999999


# temperature  670.000000000000000
#   -0.130031952006986   10.567155831927906 -320.515098566823838 4304.381659408769337 -21545.076220582195674
  17.035421195840680   57.503900299999998
  18.122470597054591   63.195326299999998
  19.254807305049955   68.107559499999994
  20.433355550577456   71.680950300000006
  21.659039564387733   75.040502500000002
  22.932783577231394   87.147183699999999
  24.255511819859098   78.559693999999993


# temperature  671.000000000000000
#   -0.130111383706661   10.573489586984804 -320.703825124033244 4306.872694018903530 -21557.296906854124245
  17.035421195840680   57.572693200000003
  18.122470597054591   63.265302599999998
  19.254807305049955   68.178305499999993
  20.433355550577456   71.752137800000000
  21.659039564387733   75.112029800000002
  22.932783577231394   87.219450899999998
  24.255511819859098   78.617074400000007


# temperature  672.000000000000000
#   -0.130190687939545   10.579813111281702 -320.892244680034139 4309.359644539493274 -21569.497355491734197
  17.035421195840680   57.641399300000003
  18.122470597054591   63.335187200000000
  19.254807305049955   68.248956600000000
  20.433355550577456   71.823228400000005
  21.659039564387733   75.183458799999997
  22.932783577231394   87.291616599999998
  24.255511819859098   78.674373900000006


# temperature  673.000000000000000
#   -0.130269865180566   10.586126440787636 -321.080358243396631 4311.842523365739908 -21581.677622476712713
  17.035421195840680   57.710018900000001
  18.122470597054591   63.404980399999999
  19.254807305049955   68.319513000000001
  20.433355550577456   71.894222400000004
  21.659039564387733   75.254789799999998
  22.932783577231394   87.363681099999994
  24.255511819859098   78.731592699999993


# temperature  674.000000000000000
#   -0.130348913667710   10.592429432484780 -321.268161502724183 4314.321273343173743 -21593.837426704605605
  17.035421195840680   57.778551999999998
  18.122470597054591   63.474682299999998
  19.254807305049955   68.389975000000007
  20.433355550577456   71.965120200000001
  21.659039564387733   75.326023100000000
  22.932783577231394   87.435644699999997
  24.255511819859098   78.788731100000007


# temperature  675.000000000000000
#   -0.130427835950252   10.598722294125880 -321.455660750743675 4316.795978389735865 -21605.977183549515757
  17.035421195840680   57.846998999999997
  18.122470597054591   63.544293199999998
  19.254807305049955   68.460342699999998
  20.433355550577456   72.035921799999997
  21.659039564387733   75.397158800000000
  22.932783577231394   87.507507599999997
  24.255511819859098   78.845789300000007


# temperature  676.000000000000000
#   -0.130506631213372   10.605004960965587 -321.642854096205156 4319.266614503630990 -21618.096781416756130
  17.035421195840680   57.915360000000000
  18.122470597054591   63.613813399999998
  19.254807305049955   68.530616499999994
  20.433355550577456   72.106627700000004
  21.659039564387733   75.468197300000000
  22.932783577231394   87.579270100000002
  24.255511819859098   78.902767499999996


# temperature  677.000000000000000
#   -0.130585297549658   10.611277274052600 -321.829736591861604 4321.733113555907039 -21630.195870055897103
  17.035421195840680   57.983635200000002
  18.122470597054591   63.683242900000003
  19.254807305049955   68.600796599999995
  20.433355550577456   72.177238000000003
  21.659039564387733   75.539138800000003
  22.932783577231394   87.650932400000002
  24.255511819859098   78.959665999999999


# temperature  678.000000000000000
#   -0.130663840214156   10.617539658628829 -322.016321074080679 4324.195646859029694 -21642.275302081397967
  17.035421195840680   58.051824900000000
  18.122470597054591   63.752582099999998
  19.254807305049955   68.670883200000006
  20.433355550577456   72.247753000000003
  21.659039564387733   75.609983600000007
  22.932783577231394   87.722494999999995
  24.255511819859098   79.016484800000001


# temperature  679.000000000000000
#   -0.130742256977689   10.623791943829961 -322.202602691040624 4326.654154002759242 -21654.334799512333120
  17.035421195840680   58.119928999999999
  18.122470597054591   63.821831199999998
  19.254807305049955   68.740876499999999
  20.433355550577456   72.318172899999993
  21.659039564387733   75.680731899999998
  22.932783577231394   87.793957899999995
  24.255511819859098   79.073224400000001


# temperature  680.000000000000000
#   -0.130820549612623   10.630034261179713 -322.388585028970283 4329.108677402730791 -21666.374544658014202
  17.035421195840680   58.187947999999999
  18.122470597054591   63.890990299999999
  19.254807305049955   68.810776700000005
  20.433355550577456   72.388497900000004
  21.659039564387733   75.751383899999993
  22.932783577231394   87.865321600000001
  24.255511819859098   79.129884799999999


# temperature  681.000000000000000
#   -0.130898717663125   10.636266581894647 -322.574267500799351 4331.559213486466433 -21678.394543102869648
  17.035421195840680   58.255881899999999
  18.122470597054591   63.960059800000003
  19.254807305049955   68.880584200000001
  20.433355550577456   72.458728399999998
  21.659039564387733   75.821939999999998
  22.932783577231394   87.936586199999994
  24.255511819859098   79.186466199999998


# temperature  682.000000000000000
#   -0.130976759771097   10.642488790260508 -322.759646411971573 4334.005709926720556 -21690.394517640943377
  17.035421195840680   58.323731000000002
  18.122470597054591   64.029039699999998
  19.254807305049955   68.950299099999995
  20.433355550577456   72.528864499999997
  21.659039564387733   75.892400300000006
  22.932783577231394   88.007751999999996
  24.255511819859098   79.242969000000002


# temperature  683.000000000000000
#   -0.131054677124340   10.648700979713196 -322.944724508265551 4336.448202475633479 -21702.374642160652002
  17.035421195840680   58.391495499999998
  18.122470597054591   64.097930300000002
  19.254807305049955   69.019921600000004
  20.433355550577456   72.598906499999998
  21.659039564387733   75.962765200000007
  22.932783577231394   88.078819300000006
  24.255511819859098   79.299393300000006


# temperature  684.000000000000000
#   -0.131132473344399   10.654903456756019 -323.129511464872110 4338.886826125798507 -21714.335618809487642
  17.035421195840680   58.459175399999999
  18.122470597054591   64.166731900000002
  19.254807305049955   69.089451999999994
  20.433355550577456   72.668854600000003
  21.659039564387733   76.033034799999996
  22.932783577231394   88.149788400000006
  24.255511819859098   79.355739400000004


# temperature  685.000000000000000
#   -0.131210145537545   10.661095975278355 -323.313999487848889 4341.321471944643235 -21726.276880328085099
  17.035421195840680   58.526771099999998
  18.122470597054591   64.235444599999994
  19.254807305049955   69.158890600000007
  20.433355550577456   72.738709099999994
  21.659039564387733   76.103209399999997
  22.932783577231394   88.220659499999996
  24.255511819859098   79.412007299999999


# temperature  686.000000000000000
#   -0.131287694550719   10.667278609617453 -323.498190996898586 4343.752174580280553 -21738.198610808292869
  17.035421195840680   58.594282700000001
  18.122470597054591   64.304068700000002
  19.254807305049955   69.228237500000006
  20.433355550577456   72.808470200000002
  21.659039564387733   76.173289199999999
  22.932783577231394   88.291432799999995
  24.255511819859098   79.468197399999994


# temperature  687.000000000000000
#   -0.131365121917624   10.673451481566360 -323.682089599519543 4346.178981316564204 -21750.101041692894796
  17.035421195840680   58.661710300000003
  18.122470597054591   64.372604300000006
  19.254807305049955   69.297492899999995
  20.433355550577456   72.878138100000001
  21.659039564387733   76.243274499999998
  22.932783577231394   88.362108699999993
  24.255511819859098   79.524309900000006


# temperature  688.000000000000000
#   -0.131442426757752   10.679614517196535 -323.865692987048590 4348.601860341927932 -21761.984009323656210
  17.035421195840680   58.729054300000001
  18.122470597054591   64.441051700000003
  19.254807305049955   69.366657200000006
  20.433355550577456   72.947713100000001
  21.659039564387733   76.313165600000005
  22.932783577231394   88.432687400000006
  24.255511819859098   79.580344900000000


# temperature  689.000000000000000
#   -0.131519611041075   10.685767880456607 -324.049006250567913 4351.020881594960883 -21773.847872279508010
  17.035421195840680   58.796314700000003
  18.122470597054591   64.509411099999994
  19.254807305049955   69.435730500000005
  20.433355550577456   73.017195400000006
  21.659039564387733   76.382962699999993
  22.932783577231394   88.503169200000002
  24.255511819859098   79.636302700000002


# temperature  690.000000000000000
#   -0.131596673267459   10.691911449144937 -324.232025671543568 4353.435994955313618 -21785.692377784325799
  17.035421195840680   58.863491799999998
  18.122470597054591   64.577682699999997
  19.254807305049955   69.504712999999995
  20.433355550577456   73.086585200000002
  21.659039564387733   76.452665900000000
  22.932783577231394   88.573554200000004
  24.255511819859098   79.692183499999999


# temperature  691.000000000000000
#   -0.131673614929790   10.698045337377600 -324.414754502306494 4355.847241463677165 -21797.517719484047120
  17.035421195840680   58.930585700000002
  18.122470597054591   64.645866600000005
  19.254807305049955   69.573605000000001
  20.433355550577456   73.155882800000001
  21.659039564387733   76.522275699999994
  22.932783577231394   88.643842899999996
  24.255511819859098   79.747987400000000


# temperature  692.000000000000000
#   -0.131750437501370   10.704169675813759 -324.597197036698503 4358.254683096940425 -21809.324228744138964
  17.035421195840680   58.997596600000001
  18.122470597054591   64.713963199999995
  19.254807305049955   69.642406699999995
  20.433355550577456   73.225088400000004
  21.659039564387733   76.591792100000006
  22.932783577231394   88.714035400000000
  24.255511819859098   79.803714700000000


# temperature  693.000000000000000
#   -0.131827137423451   10.710284168207627 -324.779344081658110 4360.658193853376360 -21821.111261886446300
  17.035421195840680   59.064524700000000
  18.122470597054591   64.781972600000003
  19.254807305049955   69.711118299999995
  20.433355550577456   73.294202299999995
  21.659039564387733   76.661215499999997
  22.932783577231394   88.784131900000006
  24.255511819859098   79.859365699999998


# temperature  694.000000000000000
#   -0.131903719679784   10.716389220441485 -324.961207964426251 4363.057939207573327 -21832.879647086836485
  17.035421195840680   59.131370199999999
  18.122470597054591   64.849895000000004
  19.254807305049955   69.779740000000004
  20.433355550577456   73.363224599999995
  21.659039564387733   76.730546000000004
  22.932783577231394   88.854132800000002
  24.255511819859098   79.914940400000006


# temperature  695.000000000000000
#   -0.131980182144105   10.722484659251947 -325.142783430622103 4365.453848891616872 -21844.629034436187794
  17.035421195840680   59.198133300000002
  18.122470597054591   64.917730700000007
  19.254807305049955   69.848272100000003
  20.433355550577456   73.432155699999996
  21.659039564387733   76.799784000000002
  22.932783577231394   88.924038300000007
  24.255511819859098   79.970439099999993


# temperature  696.000000000000000
#   -0.132056525446169   10.728570536392773 -325.324072061786296 4367.845944218994191 -21856.359530789268319
  17.035421195840680   59.264814100000002
  18.122470597054591   64.985479699999999
  19.254807305049955   69.916714799999994
  20.433355550577456   73.500995599999996
  21.659039564387733   76.868929600000001
  22.932783577231394   88.993848600000007
  24.255511819859098   80.025862000000004


# temperature  697.000000000000000
#   -0.132132750832947   10.734646954865243 -325.505077040128754 4370.234268766729656 -21868.071358981771482
  17.035421195840680   59.331412800000003
  18.122470597054591   65.053142399999999
  19.254807305049955   69.985068299999995
  20.433355550577456   73.569744700000001
  21.659039564387733   76.937983099999997
  22.932783577231394   89.063564000000000
  24.255511819859098   80.081209299999998


# temperature  698.000000000000000
#   -0.132208857911883   10.740713879116216 -325.685797172510604 4372.618804942072529 -21879.764422568270675
  17.035421195840680   59.397929699999999
  18.122470597054591   65.120718999999994
  19.254807305049955   70.053332800000007
  20.433355550577456   73.638403299999993
  21.659039564387733   77.006944700000005
  22.932783577231394   89.133184799999995
  24.255511819859098   80.136481200000006


# temperature  699.000000000000000
#   -0.132284845406065   10.746771207245269 -325.866229433459353 4374.999513170521823 -21891.438529168724926
  17.035421195840680   59.464364799999998
  18.122470597054591   65.188209499999999
  19.254807305049955   70.121508599999999
  20.433355550577456   73.706971400000000
  21.659039564387733   77.075814699999995
  22.932783577231394   89.202711100000002
  24.255511819859098   80.191677999999996


# temperature  700.000000000000000
#   -0.132360719274699   10.752819427046980 -326.046388714830812 4377.376594378547452 -21903.094689303343330
  17.035421195840680   59.530718399999998
  18.122470597054591   65.255614399999999
  19.254807305049955   70.189595800000006
  20.433355550577456   73.775449300000005
  21.659039564387733   77.144593200000003
  22.932783577231394   89.272143299999996
  24.255511819859098   80.246799699999997


# temperature  701.000000000000000
#   -0.132436472415227   10.758857948955606 -326.226256774542662 4379.749799265789079 -21914.731633297287772
  17.035421195840680   59.596990699999999
  18.122470597054591   65.322933599999999
  19.254807305049955   70.257594699999999
  20.433355550577456   73.843837399999998
  21.659039564387733   77.213280600000004
  22.932783577231394   89.341481599999995
  24.255511819859098   80.301846600000005


# temperature  702.000000000000000
#   -0.132512110041656   10.764887205511149 -326.405846990641351 4382.119310645208316 -21926.350292200640979
  17.035421195840680   59.663181799999997
  18.122470597054591   65.390167500000004
  19.254807305049955   70.325505399999997
  20.433355550577456   73.912135699999993
  21.659039564387733   77.281877100000003
  22.932783577231394   89.410726199999999
  24.255511819859098   80.356818899999993


# temperature  703.000000000000000
#   -0.132587632768009   10.770907250727619 -326.585161135032649 4384.485154188850174 -21937.950804277468706
  17.035421195840680   59.729291900000000
  18.122470597054591   65.457316300000002
  19.254807305049955   70.393328299999993
  20.433355550577456   73.980344500000001
  21.659039564387733   77.350382800000006
  22.932783577231394   89.479877400000007
  24.255511819859098   80.411716799999994


# temperature  704.000000000000000
#   -0.132663037871602   10.776917853918873 -326.764191922459020 4386.847228297498987 -21949.532641589303239
  17.035421195840680   59.795321199999997
  18.122470597054591   65.524380100000002
  19.254807305049955   70.461063400000000
  20.433355550577456   74.048464100000004
  21.659039564387733   77.418797999999995
  22.932783577231394   89.548935400000005
  24.255511819859098   80.466540499999994


# temperature  705.000000000000000
#   -0.132738327954591   10.782919231343975 -326.942946064578905 4389.205625162560864 -21961.096276795506128
  17.035421195840680   59.861269800000002
  18.122470597054591   65.591359100000005
  19.254807305049955   70.528711099999995
  20.433355550577456   74.116494599999996
  21.659039564387733   77.487122999999997
  22.932783577231394   89.617900500000005
  24.255511819859098   80.521290199999996


# temperature  706.000000000000000
#   -0.132813503457824   10.788911419343677 -327.121424679059089 4391.560359956008142 -21972.641786236414191
  17.035421195840680   59.927137999999999
  18.122470597054591   65.658253599999995
  19.254807305049955   70.596271599999994
  20.433355550577456   74.184436300000002
  21.659039564387733   77.555357900000004
  22.932783577231394   89.686772899999994
  24.255511819859098   80.575965999999994


# temperature  707.000000000000000
#   -0.132888564999010   10.794894465671813 -327.299629138690477 4393.911450107239943 -21984.169252380001126
  17.035421195840680   59.992925900000003
  18.122470597054591   65.725063800000001
  19.254807305049955   70.663745000000006
  20.433355550577456   74.252289399999995
  21.659039564387733   77.623503099999994
  22.932783577231394   89.755552899999998
  24.255511819859098   80.630568199999999


# temperature  708.000000000000000
#   -0.132963509580995   10.800868126579855 -327.477552050148631 4396.258796481602985 -21995.678179220431048
  17.035421195840680   60.058633700000001
  18.122470597054591   65.791789699999995
  19.254807305049955   70.731131599999998
  20.433355550577456   74.320054099999993
  21.659039564387733   77.691558599999993
  22.932783577231394   89.824240599999996
  24.255511819859098   80.685096999999999


# temperature  709.000000000000000
#   -0.133038340407459   10.806832661351359 -327.655201241483326 4398.602503589939261 -22007.169087200665672
  17.035421195840680   60.124261599999997
  18.122470597054591   65.858431699999997
  19.254807305049955   70.798431500000007
  20.433355550577456   74.387730700000006
  21.659039564387733   77.759524799999994
  22.932783577231394   89.892836399999993
  24.255511819859098   80.739552599999996


# temperature  710.000000000000000
#   -0.133113060144820   10.812788290032961 -327.832583496810571 4400.942664025567865 -22018.642448106576921
  17.035421195840680   60.189809699999998
  18.122470597054591   65.924989999999994
  19.254807305049955   70.865645000000001
  20.433355550577456   74.455319299999999
  21.659039564387733   77.827401899999998
  22.932783577231394   89.961340500000006
  24.255511819859098   80.793935000000005


# temperature  711.000000000000000
#   -0.133187662500481   10.818734498842231 -328.009683167564731 4403.279067094120364 -22030.097203719575191
  17.035421195840680   60.255278199999999
  18.122470597054591   65.991464600000000
  19.254807305049955   70.932772400000005
  20.433355550577456   74.522820199999998
  21.659039564387733   77.895190099999994
  22.932783577231394   90.029752999999999
  24.255511819859098   80.848244699999995


# temperature  712.000000000000000
#   -0.133262153958110   10.824671814133792 -328.186516191053613 4405.611926103293627 -22041.534418639035721
  17.035421195840680   60.320667299999997
  18.122470597054591   66.057855900000007
  19.254807305049955   70.999813700000004
  20.433355550577456   74.590233600000005
  21.659039564387733   77.962889599999997
  22.932783577231394   90.098074299999993
  24.255511819859098   80.902481600000002


# temperature  713.000000000000000
#   -0.133336532308326   10.830600056931235 -328.363077157231771 4407.941168741763249 -22052.953732104033406
  17.035421195840680   60.385977199999999
  18.122470597054591   66.124163999999993
  19.254807305049955   71.066769199999996
  20.433355550577456   74.657559699999993
  21.659039564387733   78.030500599999996
  22.932783577231394   90.166304600000004
  24.255511819859098   80.956646100000000


# temperature  714.000000000000000
#   -0.133410800047479   10.836519430262888 -328.539372239726163 4410.266878208903108 -22064.355563223387435
  17.035421195840680   60.451208000000001
  18.122470597054591   66.190389100000004
  19.254807305049955   71.133639200000005
  20.433355550577456   74.724798699999994
  21.659039564387733   78.098023400000002
  22.932783577231394   90.234444199999999
  24.255511819859098   81.010738200000006


# temperature  715.000000000000000
#   -0.133484953024986   10.842429594880263 -328.715391083810914 4412.588914613657835 -22075.739205966285226
  17.035421195840680   60.516359999999999
  18.122470597054591   66.256531400000000
  19.254807305049955   71.200423799999996
  20.433355550577456   74.791950799999995
  21.659039564387733   78.165458200000003
  22.932783577231394   90.302493100000007
  24.255511819859098   81.064758299999994


# temperature  716.000000000000000
#   -0.133558996181587   10.848330953692406 -328.891145960824929 4414.907443429444356 -22087.105493827304599
  17.035421195840680   60.581433199999999
  18.122470597054591   66.322591099999997
  19.254807305049955   71.267123200000000
  20.433355550577456   74.859016299999993
  21.659039564387733   78.232805200000001
  22.932783577231394   90.370451799999998
  24.255511819859098   81.118706399999994


# temperature  717.000000000000000
#   -0.133632927165629   10.854223315975199 -329.066631098446351 4417.222387370535216 -22098.454040234260901
  17.035421195840680   60.646427899999999
  18.122470597054591   66.388568399999997
  19.254807305049955   71.333737700000000
  20.433355550577456   74.925995400000005
  21.659039564387733   78.300064599999999
  22.932783577231394   90.438320399999995
  24.255511819859098   81.172582800000001


# temperature  718.000000000000000
#   -0.133706746184152   10.860106697300814 -329.241846933347517 4419.533751872954781 -22109.784870499512181
  17.035421195840680   60.711344199999999
  18.122470597054591   66.454463500000003
  19.254807305049955   71.400267400000004
  20.433355550577456   74.992888300000004
  21.659039564387733   78.367236700000007
  22.932783577231394   90.506099100000000
  24.255511819859098   81.226387700000004


# temperature  719.000000000000000
#   -0.133780455208810   10.865981256877317 -329.416798255408537 4421.841600573605319 -22121.098299511868390
  17.035421195840680   60.776182300000002
  18.122470597054591   66.520276499999994
  19.254807305049955   71.466712500000000
  20.433355550577456   75.059695099999999
  21.659039564387733   78.434321600000004
  22.932783577231394   90.573788199999996
  24.255511819859098   81.280121199999996


# temperature  720.000000000000000
#   -0.133854055329068   10.871847084724919 -329.591487847052633 4424.145971599567019 -22132.394522392278304
  17.035421195840680   60.840942400000003
  18.122470597054591   66.586007699999996
  19.254807305049955   71.533073299999998
  20.433355550577456   75.126416100000000
  21.659039564387733   78.501319600000002
  22.932783577231394   90.641388000000006
  24.255511819859098   81.333783499999996


# temperature  721.000000000000000
#   -0.133927542273537   10.877703832391106 -329.765905116301610 4426.446722773373949 -22143.672827896531089
  17.035421195840680   60.905624600000003
  18.122470597054591   66.651657200000002
  19.254807305049955   71.599350000000001
  20.433355550577456   75.193051600000004
  21.659039564387733   78.568230900000003
  22.932783577231394   90.708898500000004
  24.255511819859098   81.387374800000003


# temperature  722.000000000000000
#   -0.134000923245991   10.883552088252259 -329.940067974055012 4428.744094945427605 -22154.934423073285870
  17.035421195840680   60.970229099999997
  18.122470597054591   66.717225299999996
  19.254807305049955   71.665542700000003
  20.433355550577456   75.259601599999996
  21.659039564387733   78.635055699999995
  22.932783577231394   90.776320200000001
  24.255511819859098   81.440895299999994


# temperature  723.000000000000000
#   -0.134074192320299   10.889391367598826 -330.113961645298048 4431.037889186880420 -22166.178309481609176
  17.035421195840680   61.034756100000003
  18.122470597054591   66.782712099999998
  19.254807305049955   71.731651700000000
  20.433355550577456   75.326066499999996
  21.659039564387733   78.701794199999995
  22.932783577231394   90.843653099999997
  24.255511819859098   81.494345199999998


# temperature  724.000000000000000
#   -0.134147354196868   10.895222052953370 -330.287597739390151 4433.328261250271680 -22177.405266471749201
  17.035421195840680   61.099205699999999
  18.122470597054591   66.848117799999997
  19.254807305049955   71.797677100000001
  20.433355550577456   75.392446399999997
  21.659039564387733   78.768446600000004
  22.932783577231394   90.910897599999998
  24.255511819859098   81.547724599999995


# temperature  725.000000000000000
#   -0.134220405060888   10.901043829943866 -330.460966591655279 4435.615079771559067 -22188.614627730472421
  17.035421195840680   61.163578200000003
  18.122470597054591   66.913442599999996
  19.254807305049955   71.863619099999994
  20.433355550577456   75.458741599999996
  21.659039564387733   78.835013200000006
  22.932783577231394   90.978053799999998
  24.255511819859098   81.601033799999996


# temperature  726.000000000000000
#   -0.134293349470952   10.906857076334884 -330.634079895944353 4437.898504997451710 -22199.807213190459152
  17.035421195840680   61.227873600000002
  18.122470597054591   66.978686699999997
  19.254807305049955   71.929478099999997
  20.433355550577456   75.524952200000001
  21.659039564387733   78.901494200000002
  22.932783577231394   91.045122000000006
  24.255511819859098   81.654272800000001


# temperature  727.000000000000000
#   -0.134366185106328   10.912661598707450 -330.806931621389708 4440.178453579045708 -22210.982592067466612
  17.035421195840680   61.292092199999999
  18.122470597054591   67.043850300000003
  19.254807305049955   71.995254000000003
  20.433355550577456   75.591078499999995
  21.659039564387733   78.967889700000001
  22.932783577231394   91.112102399999998
  24.255511819859098   81.707442000000000


# temperature  728.000000000000000
#   -0.134438914321317   10.918457590071778 -330.979527687818234 4442.455006028681964 -22222.141173812105990
  17.035421195840680   61.356234100000002
  18.122470597054591   67.108933500000006
  19.254807305049955   72.060947299999995
  20.433355550577456   75.657120599999999
  21.659039564387733   79.034199999999998
  22.932783577231394   91.178995299999997
  24.255511819859098   81.760541399999994


# temperature  729.000000000000000
#   -0.134511534196849   10.924244811217706 -331.151860776727005 4444.728063269414633 -22233.282457472698297
  17.035421195840680   61.420299499999999
  18.122470597054591   67.173936600000005
  19.254807305049955   72.126557899999995
  20.433355550577456   75.723078799999996
  21.659039564387733   79.100425299999998
  22.932783577231394   91.245800700000004
  24.255511819859098   81.813571300000007


# temperature  730.000000000000000
#   -0.134584048065561   10.930023532462613 -331.323939078017645 4446.997735190413550 -22244.406993950506148
  17.035421195840680   61.484288499999998
  18.122470597054591   67.238859700000006
  19.254807305049955   72.192086200000006
  20.433355550577456   75.788953300000003
  21.659039564387733   79.166565899999995
  22.932783577231394   91.312519100000003
  24.255511819859098   81.866531800000004


# temperature  731.000000000000000
#   -0.134656453952390   10.935793595635698 -331.495757864582401 4449.263959276084279 -22255.514474287592748
  17.035421195840680   61.548201300000002
  18.122470597054591   67.303702900000005
  19.254807305049955   72.257532400000002
  20.433355550577456   75.854744199999999
  21.659039564387733   79.232621800000004
  22.932783577231394   91.379150499999994
  24.255511819859098   81.919423100000003


# temperature  732.000000000000000
#   -0.134728755437607   10.941555292573847 -331.667326009685041 4451.526854807401833 -22266.605496441159630
  17.035421195840680   61.612038099999999
  18.122470597054591   67.368466600000005
  19.254807305049955   72.322896600000007
  20.433355550577456   75.920451799999995
  21.659039564387733   79.298593299999993
  22.932783577231394   91.445695299999997
  24.255511819859098   81.972245400000006


# temperature  733.000000000000000
#   -0.134800950113289   10.947308421913172 -331.838637239854677 4453.786335492630315 -22277.679618085807306
  17.035421195840680   61.675799099999999
  18.122470597054591   67.433150900000001
  19.254807305049955   72.388178999999994
  20.433355550577456   75.986076299999993
  21.659039564387733   79.364480700000001
  22.932783577231394   91.512153600000005
  24.255511819859098   82.024998800000006


# temperature  734.000000000000000
#   -0.134873038906305   10.953053066470739 -332.009694301704542 4456.042441431928637 -22288.737056648922589
  17.035421195840680   61.739484300000001
  18.122470597054591   67.497755900000001
  19.254807305049955   72.453379900000002
  20.433355550577456   76.051617800000002
  21.659039564387733   79.430284099999994
  22.932783577231394   91.578525600000006
  24.255511819859098   82.077683600000000


# temperature  735.000000000000000
#   -0.134945021571240   10.958789194933729 -332.180495891922533 4458.295150296607062 -22299.777675422330503
  17.035421195840680   61.803094100000003
  18.122470597054591   67.562281900000002
  19.254807305049955   72.518499300000002
  20.433355550577456   76.117076699999998
  21.659039564387733   79.496003799999997
  22.932783577231394   91.644811599999997
  24.255511819859098   82.130299800000003


# temperature  736.000000000000000
#   -0.135016898986162   10.964516889294448 -332.351044830646856 4460.544504547769066 -22310.801710863266635
  17.035421195840680   61.866628400000003
  18.122470597054591   67.626728900000003
  19.254807305049955   72.583537600000000
  20.433355550577456   76.182452999999995
  21.659039564387733   79.561639900000003
  22.932783577231394   91.711011799999994
  24.255511819859098   82.182847800000005


# temperature  737.000000000000000
#   -0.135088671042148   10.970236135667086 -332.521340536093135 4462.790494087202205 -22321.809099874208187
  17.035421195840680   61.930087600000000
  18.122470597054591   67.691097299999996
  19.254807305049955   72.648494799999995
  20.433355550577456   76.247747000000004
  21.659039564387733   79.627192600000001
  22.932783577231394   91.777126300000006
  24.255511819859098   82.235327600000005


# temperature  738.000000000000000
#   -0.135160339729936   10.975947096914721 -332.691387989823568 4465.033186480664881 -22332.800185322368634
  17.035421195840680   61.993471700000001
  18.122470597054591   67.755387099999993
  19.254807305049955   72.713371300000006
  20.433355550577456   76.312958800000004
  21.659039564387733   79.692662200000001
  22.932783577231394   91.843155499999995
  24.255511819859098   82.287739400000007


# temperature  739.000000000000000
#   -0.135231904290524   10.981649711942094 -332.861185354971155 4467.272557263824638 -22343.774845172549249
  17.035421195840680   62.056780900000000
  18.122470597054591   67.819598600000006
  19.254807305049955   72.778167100000005
  20.433355550577456   76.378088700000006
  21.659039564387733   79.758048799999997
  22.932783577231394   91.909099499999996
  24.255511819859098   82.340083399999997


# temperature  740.000000000000000
#   -0.135303365655871   10.987344057788363 -333.030735014172933 4469.508639113821118 -22354.733246831030556
  17.035421195840680   62.120015400000000
  18.122470597054591   67.883731999999995
  19.254807305049955   72.842882599999996
  20.433355550577456   76.443136899999999
  21.659039564387733   79.823352700000001
  22.932783577231394   91.974958599999994
  24.255511819859098   82.392359799999994


# temperature  741.000000000000000
#   -0.135374721103291   10.993029903767249 -333.200029682167099 4471.741330431377719 -22365.674862459050928
  17.035421195840680   62.183175300000002
  18.122470597054591   67.947787300000002
  19.254807305049955   72.907517700000000
  20.433355550577456   76.508103599999998
  21.659039564387733   79.888574100000000
  22.932783577231394   92.040732899999995
  24.255511819859098   82.444568700000005


# temperature  742.000000000000000
#   -0.135445974648568   10.998707587194639 -333.369079926081440 4473.970777500157055 -22376.600446659431327
  17.035421195840680   62.246260800000002
  18.122470597054591   68.011764799999995
  19.254807305049955   72.972072900000001
  20.433355550577456   76.572988899999999
  21.659039564387733   79.953713100000002
  22.932783577231394   92.106422699999996
  24.255511819859098   82.496710300000004


# temperature  743.000000000000000
#   -0.135517124797632   11.004376978497040 -333.537881561597430 4476.196920716144632 -22387.509683378499176
  17.035421195840680   62.309272100000001
  18.122470597054591   68.075664700000004
  19.254807305049955   73.036548100000005
  20.433355550577456   76.637793099999996
  21.659039564387733   80.018770000000004
  22.932783577231394   92.172028200000000
  24.255511819859098   82.548784800000007


# temperature  744.000000000000000
#   -0.135588172840921   11.010038190638452 -333.706438273587537 4478.419813126002737 -22398.402856626664288
  17.035421195840680   62.372209300000002
  18.122470597054591   68.139487200000005
  19.254807305049955   73.100943700000002
  20.433355550577456   76.702516299999999
  21.659039564387733   80.083744899999999
  22.932783577231394   92.237549500000000
  24.255511819859098   82.600792299999995


# temperature  745.000000000000000
#   -0.135659118453528   11.015691187285267 -333.874748648774926 4480.639431523639360 -22409.279828766186256
  17.035421195840680   62.435072599999998
  18.122470597054591   68.203232299999996
  19.254807305049955   73.165259800000001
  20.433355550577456   76.767158699999996
  21.659039564387733   80.148638099999999
  22.932783577231394   92.302987000000002
  24.255511819859098   82.652732999999998


# temperature  746.000000000000000
#   -0.135729961883542   11.021335996946473 -334.042813817282706 4482.855794769326167 -22420.140713046388555
  17.035421195840680   62.497862099999999
  18.122470597054591   68.266900399999997
  19.254807305049955   73.229496600000004
  20.433355550577456   76.831720599999997
  21.659039564387733   80.213449800000006
  22.932783577231394   92.368340799999999
  24.255511819859098   82.704607199999998


# temperature  747.000000000000000
#   -0.135800702962585   11.026972597863335 -334.210632867424010 4485.068887167496541 -22430.985413000438712
  17.035421195840680   62.560578100000001
  18.122470597054591   68.330491499999994
  19.254807305049955   73.293654300000000
  20.433355550577456   76.896202099999996
  21.659039564387733   80.278180100000000
  22.932783577231394   92.433611099999993
  24.255511819859098   82.756414800000002


# temperature  748.000000000000000
#   -0.135871342680101   11.032601081380935 -334.378208919468648 4487.278755521855601 -22441.814188772026682
  17.035421195840680   62.623220500000002
  18.122470597054591   68.394005899999996
  19.254807305049955   73.357733100000004
  20.433355550577456   76.960603500000005
  21.659039564387733   80.342829199999997
  22.932783577231394   92.498798100000002
  24.255511819859098   82.808156199999999


# temperature  749.000000000000000
#   -0.135941881324800   11.038221459857986 -334.545541990972822 4489.485395009997774 -22452.626989500055060
  17.035421195840680   62.685789700000001
  18.122470597054591   68.457443699999999
  19.254807305049955   73.421733099999997
  20.433355550577456   77.024924799999994
  21.659039564387733   80.407397399999994
  22.932783577231394   92.563901999999999
  24.255511819859098   82.859831400000004


# temperature  750.000000000000000
#   -0.136012318958962   11.043833743514920 -334.712632562120689 4491.688814562984589 -22463.423873278752581
  17.035421195840680   62.748285699999997
  18.122470597054591   68.520804999999996
  19.254807305049955   73.485654600000004
  20.433355550577456   77.089166300000002
  21.659039564387733   80.471884799999998
  22.932783577231394   92.628923099999994
  24.255511819859098   82.911440700000000


# temperature  751.000000000000000
#   -0.136082656276894   11.049437986200648 -334.879482180382524 4493.889033668689081 -22474.204930411378882
  17.035421195840680   62.810708800000000
  18.122470597054591   68.584090200000006
  19.254807305049955   73.549497599999995
  20.433355550577456   77.153328200000004
  21.659039564387733   80.536291700000007
  22.932783577231394   92.693861499999997
  24.255511819859098   82.962984199999994


# temperature  752.000000000000000
#   -0.136152892429681   11.055034120010953 -335.046088833787849 4496.086026208233307 -22484.970035674359679
  17.035421195840680   62.873058999999998
  18.122470597054591   68.647299200000006
  19.254807305049955   73.613262500000005
  20.433355550577456   77.217410700000002
  21.659039564387733   80.600618200000000
  22.932783577231394   92.758717500000003
  24.255511819859098   83.014462100000003


# temperature  753.000000000000000
#   -0.136223028503674   11.060622234310861 -335.212455261002560 4498.279829202463588 -22495.719374941501883
  17.035421195840680   62.935336599999999
  18.122470597054591   68.710432400000002
  19.254807305049955   73.676949399999998
  20.433355550577456   77.281413999999998
  21.659039564387733   80.664864499999993
  22.932783577231394   92.823491200000007
  24.255511819859098   83.065874500000007


# temperature  754.000000000000000
#   -0.136293067276648   11.066202554968941 -335.378588316448315 4500.470534693316040 -22506.453409696805466
  17.035421195840680   62.997541599999998
  18.122470597054591   68.773489900000001
  19.254807305049955   73.740558399999998
  20.433355550577456   77.345338200000000
  21.659039564387733   80.729030800000004
  22.932783577231394   92.888182900000004
  24.255511819859098   83.117221499999999


# temperature  755.000000000000000
#   -0.136363001970717   11.071774523493017 -335.544470833030630 4502.657909405359533 -22517.170957462702063
  17.035421195840680   63.059674299999998
  18.122470597054591   68.836471700000004
  19.254807305049955   73.804089800000000
  20.433355550577456   77.409183600000006
  21.659039564387733   80.793117400000000
  22.932783577231394   92.952792700000003
  24.255511819859098   83.168503500000000


# temperature  756.000000000000000
#   -0.136432841474814   11.077338873936039 -335.710125424536272 4504.842261300321297 -22527.873582110456482
  17.035421195840680   63.121734799999999
  18.122470597054591   68.899378299999995
  19.254807305049955   73.867543699999999
  20.433355550577456   77.472950299999994
  21.659039564387733   80.857124299999995
  22.932783577231394   93.017320900000001
  24.255511819859098   83.219720400000000


# temperature  757.000000000000000
#   -0.136502579455291   11.082895079578661 -335.875535748945879 4507.023366259541945 -22538.560137484244478
  17.035421195840680   63.183723299999997
  18.122470597054591   68.962209500000000
  19.254807305049955   73.930920299999997
  20.433355550577456   77.536638499999995
  21.659039564387733   80.921051800000001
  22.932783577231394   93.081767700000000
  24.255511819859098   83.270872600000004


# temperature  758.000000000000000
#   -0.136572220561108   11.088443531983970 -336.040714121976464 4509.201395652775318 -22549.231513098638970
  17.035421195840680   63.245639799999999
  18.122470597054591   69.024965800000004
  19.254807305049955   73.994219900000004
  20.433355550577456   77.600248399999998
  21.659039564387733   80.984900100000004
  22.932783577231394   93.146133199999994
  24.255511819859098   83.321960099999998


# temperature  759.000000000000000
#   -0.136641764874404   11.093984226307727 -336.205660020767482 4511.376337101267382 -22559.887618649245269
  17.035421195840680   63.307484600000002
  18.122470597054591   69.087647200000006
  19.254807305049955   74.057442399999999
  20.433355550577456   77.663780099999997
  21.659039564387733   81.048669300000000
  22.932783577231394   93.210417699999994
  24.255511819859098   83.372983000000005


# temperature  760.000000000000000
#   -0.136711208410757   11.099516838149270 -336.370363616920315 4513.548059315571663 -22570.527801539548818
  17.035421195840680   63.369257800000000
  18.122470597054591   69.150253800000002
  19.254807305049955   74.120588299999994
  20.433355550577456   77.727233999999996
  21.659039564387733   81.112359799999993
  22.932783577231394   93.274621400000001
  24.255511819859098   83.423941600000006


# temperature  761.000000000000000
#   -0.136780554362238   11.105041632952197 -336.534833121478414 4515.716674244661590 -22581.152629217314825
  17.035421195840680   63.430959600000001
  18.122470597054591   69.212785900000000
  19.254807305049955   74.183657499999995
  20.433355550577456   77.790610099999995
  21.659039564387733   81.175971500000003
  22.932783577231394   93.338744399999996
  24.255511819859098   83.474836100000005


# temperature  762.000000000000000
#   -0.136849804185503   11.110558731575932 -336.699072300825662 4517.882234128145683 -22591.762373408841086
  17.035421195840680   63.492590000000000
  18.122470597054591   69.275243700000004
  19.254807305049955   74.246650399999993
  20.433355550577456   77.853908599999997
  21.659039564387733   81.239504800000006
  22.932783577231394   93.402786899999995
  24.255511819859098   83.525666500000000


# temperature  763.000000000000000
#   -0.136918955327182   11.116067915055270 -336.863074139952118 4520.044639519675002 -22602.356507936641719
  17.035421195840680   63.554149400000000
  18.122470597054591   69.337627200000000
  19.254807305049955   74.309567000000001
  20.433355550577456   77.917129700000004
  21.659039564387733   81.302959799999996
  22.932783577231394   93.466749199999995
  24.255511819859098   83.576433100000003


# temperature  764.000000000000000
#   -0.136988010738246   11.121569430462785 -337.026846377340291 4522.203997855190210 -22612.935590296492592
  17.035421195840680   63.615637700000001
  18.122470597054591   69.399936699999998
  19.254807305049955   74.372407499999994
  20.433355550577456   77.980273699999998
  21.659039564387733   81.366336700000005
  22.932783577231394   93.530631499999998
  24.255511819859098   83.627135899999999


# temperature  765.000000000000000
#   -0.137056968965198   11.127063159262143 -337.190385396054410 4524.360260181464582 -22623.499372315502114
  17.035421195840680   63.677055199999998
  18.122470597054591   69.462172300000006
  19.254807305049955   74.435172199999997
  20.433355550577456   78.043340599999993
  21.659039564387733   81.429635700000006
  22.932783577231394   93.594433899999999
  24.255511819859098   83.677775199999999


# temperature  766.000000000000000
#   -0.137125829902231   11.132549088222547 -337.353690658061339 4526.513417506434962 -22634.047800242908124
  17.035421195840680   63.738402100000002
  18.122470597054591   69.524334199999998
  19.254807305049955   74.497861200000003
  20.433355550577456   78.106330700000001
  21.659039564387733   81.492857000000001
  22.932783577231394   93.658156599999998
  24.255511819859098   83.728351000000004


# temperature  767.000000000000000
#   -0.137194595847107   11.138027413021433 -337.516768373189507 4528.663556899871764 -22644.581329202261259
  17.035421195840680   63.799678299999997
  18.122470597054591   69.586422499999998
  19.254807305049955   74.560474700000000
  20.433355550577456   78.169244100000000
  21.659039564387733   81.556000699999998
  22.932783577231394   93.721799899999993
  24.255511819859098   83.778863700000002


# temperature  768.000000000000000
#   -0.137263265779708   11.143498041648172 -337.679615467494784 4530.810633213548499 -22655.099712777740933
  17.035421195840680   63.860884200000001
  18.122470597054591   69.648437400000006
  19.254807305049955   74.623012799999998
  20.433355550577456   78.232080999999994
  21.659039564387733   81.619067000000001
  22.932783577231394   93.785363899999993
  24.255511819859098   83.829313200000001


# temperature  769.000000000000000
#   -0.137331840691672   11.148961060744275 -337.842234761986163 4532.954687009239933 -22665.603167997833225
  17.035421195840680   63.922019900000002
  18.122470597054591   69.710379200000006
  19.254807305049955   74.685475800000006
  20.433355550577456   78.294841599999998
  21.659039564387733   81.682056200000005
  22.932783577231394   93.848848799999999
  24.255511819859098   83.879699799999997


# temperature  770.000000000000000
#   -0.137400318285925   11.154416274730902 -338.004620051559925 4535.095631384117951 -22676.091241660695232
  17.035421195840680   63.983085500000001
  18.122470597054591   69.772247800000002
  19.254807305049955   74.747863699999996
  20.433355550577456   78.357526100000001
  21.659039564387733   81.744968400000005
  22.932783577231394   93.912254799999999
  24.255511819859098   83.930023599999998


# temperature  771.000000000000000
#   -0.137468702736266   11.159864033941938 -338.166782305070456 4537.233618131528601 -22686.564716758632130
  17.035421195840680   64.044081100000000
  18.122470597054591   69.834043600000001
  19.254807305049955   74.810176799999994
  20.433355550577456   78.420134599999997
  21.659039564387733   81.807803800000002
  22.932783577231394   93.975582099999997
  24.255511819859098   83.980284800000007


# temperature  772.000000000000000
#   -0.137536992628048   11.165304217246698 -338.328717663168106 4539.368593039742336 -22697.023309898708249
  17.035421195840680   64.105006900000006
  18.122470597054591   69.895766600000002
  19.254807305049955   74.872415300000000
  20.433355550577456   78.482667399999997
  21.659039564387733   81.870562500000005
  22.932783577231394   94.038831000000002
  24.255511819859098   84.030483500000003


# temperature  773.000000000000000
#   -0.137605188384791   11.170736859171413 -338.490427166137181 4541.500569818496842 -22707.467087520435598
  17.035421195840680   64.165863099999996
  18.122470597054591   69.957417100000001
  19.254807305049955   74.934579200000002
  20.433355550577456   78.545124500000000
  21.659039564387733   81.933244799999997
  22.932783577231394   94.102001500000000
  24.255511819859098   84.080619900000002


# temperature  774.000000000000000
#   -0.137673286971418   11.176161707216529 -338.651903000777736 4543.629441908988156 -22717.895509015645075
  17.035421195840680   64.226649800000004
  18.122470597054591   70.018995099999998
  19.254807305049955   74.996668799999995
  20.433355550577456   78.607506299999997
  21.659039564387733   81.995850899999994
  22.932783577231394   94.165093799999994
  24.255511819859098   84.130694000000005


# temperature  775.000000000000000
#   -0.137741294494490   11.181579271850634 -338.813161062552979 4545.755427819892247 -22728.309693079787394
  17.035421195840680   64.287367099999997
  18.122470597054591   70.080500900000004
  19.254807305049955   75.058684299999996
  20.433355550577456   78.669812699999994
  21.659039564387733   82.058380799999995
  22.932783577231394   94.228108199999994
  24.255511819859098   84.180706200000003


# temperature  776.000000000000000
#   -0.137809207085308   11.186989226950745 -338.974191118983072 4547.878385940343833 -22738.708910165969428
  17.035421195840680   64.348015200000006
  18.122470597054591   70.141934599999999
  19.254807305049955   75.120625799999999
  20.433355550577456   78.732044200000004
  21.659039564387733   82.120834799999997
  22.932783577231394   94.291044900000003
  24.255511819859098   84.230656499999995


# temperature  777.000000000000000
#   -0.137877026019130   11.192391677295012 -339.134996372610942 4549.998359432751386 -22749.093376662545779
  17.035421195840680   64.408594199999996
  18.122470597054591   70.203296300000005
  19.254807305049955   75.182493399999998
  20.433355550577456   78.794200700000005
  21.659039564387733   82.183213100000003
  22.932783577231394   94.353904000000000
  24.255511819859098   84.280545099999998


# temperature  778.000000000000000
#   -0.137944751752256   11.197786662186996 -339.295578087086142 4552.115366231942971 -22759.463186966277135
  17.035421195840680   64.469104400000006
  18.122470597054591   70.264586300000005
  19.254807305049955   75.244287400000005
  20.433355550577456   78.856282500000006
  21.659039564387733   82.245515800000007
  22.932783577231394   94.416685700000002
  24.255511819859098   84.330372100000005


# temperature  779.000000000000000
#   -0.138012386432928   11.203174357470946 -339.455941643761037 4554.229479353663010 -22769.818711759289727
  17.035421195840680   64.529545700000000
  18.122470597054591   70.325804599999998
  19.254807305049955   75.306008000000006
  20.433355550577456   78.918289700000003
  21.659039564387733   82.307743099999996
  22.932783577231394   94.479390300000006
  24.255511819859098   84.380137599999998


# temperature  780.000000000000000
#   -0.138079926181858   11.208554443257896 -339.616077197032894 4556.340564744696167 -22780.159269549163582
  17.035421195840680   64.589918400000002
  18.122470597054591   70.386951499999995
  19.254807305049955   75.367655200000002
  20.433355550577456   78.980222600000005
  21.659039564387733   82.369895299999996
  22.932783577231394   94.542017799999996
  24.255511819859098   84.429841900000000


# temperature  781.000000000000000
#   -0.138147374418404   11.213927199440953 -339.775993283151877 4558.448737357387472 -22790.485436909340933
  17.035421195840680   64.650222700000000
  18.122470597054591   70.448027100000004
  19.254807305049955   75.429229199999995
  20.433355550577456   79.042081199999998
  21.659039564387733   82.431972400000006
  22.932783577231394   94.604568499999999
  24.255511819859098   84.479485100000005


# temperature  782.000000000000000
#   -0.138214731620847   11.219292667904508 -339.935691292738170 4560.554017874384954 -22800.797329509427072
  17.035421195840680   64.710458500000001
  18.122470597054591   70.509031500000006
  19.254807305049955   75.490730299999996
  20.433355550577456   79.103865799999994
  21.659039564387733   82.493974600000001
  22.932783577231394   94.667042600000002
  24.255511819859098   84.529067200000000


# temperature  783.000000000000000
#   -0.138281996746139   11.224650760564209 -340.095168436495612 4562.656367048433822 -22811.094740178810753
  17.035421195840680   64.770626199999995
  18.122470597054591   70.569964999999996
  19.254807305049955   75.552158599999999
  20.433355550577456   79.165576500000000
  21.659039564387733   82.555902200000006
  22.932783577231394   94.729440199999999
  24.255511819859098   84.578588499999995


# temperature  784.000000000000000
#   -0.138349168170910   11.230001345457740 -340.254420719603502 4564.755731533457947 -22821.377403802220215
  17.035421195840680   64.830725799999996
  18.122470597054591   70.630827600000003
  19.254807305049955   75.613514199999997
  20.433355550577456   79.227213599999999
  21.659039564387733   82.617755200000005
  22.932783577231394   94.791761500000007
  24.255511819859098   84.628049200000007


# temperature  785.000000000000000
#   -0.138416248264975   11.235344611605569 -340.413453763051621 4566.852185195928541 -22831.645682168073108
  17.035421195840680   64.890757500000007
  18.122470597054591   70.691619500000002
  19.254807305049955   75.674797299999994
  20.433355550577456   79.288777100000004
  21.659039564387733   82.679534000000004
  22.932783577231394   94.854006699999999
  24.255511819859098   84.677449300000006


# temperature  786.000000000000000
#   -0.138483238648484   11.240680695599563 -340.572271857035560 4568.945787504297186 -22841.899881957018806
  17.035421195840680   64.950721500000000
  18.122470597054591   70.752340899999993
  19.254807305049955   75.736008100000006
  20.433355550577456   79.350267200000005
  21.659039564387733   82.741238499999994
  22.932783577231394   94.916175999999993
  24.255511819859098   84.726788900000003


# temperature  787.000000000000000
#   -0.138550137559938   11.246009454458900 -340.730870692100893 4571.036481363866187 -22852.139722739608260
  17.035421195840680   65.010617699999997
  18.122470597054591   70.812991900000000
  19.254807305049955   75.797146799999993
  20.433355550577456   79.411684199999996
  21.659039564387733   82.802869099999995
  22.932783577231394   94.978269600000004
  24.255511819859098   84.776068300000006


# temperature  788.000000000000000
#   -0.138616946289080   11.251330988897820 -340.889253168063476 4573.124303171565771 -22862.365371891857649
  17.035421195840680   65.070446500000003
  18.122470597054591   70.873572699999997
  19.254807305049955   75.858213399999997
  20.433355550577456   79.473028099999993
  21.659039564387733   82.864425900000001
  22.932783577231394   95.040287699999993
  24.255511819859098   84.825287700000004


# temperature  789.000000000000000
#   -0.138683663671784   11.256645206851360 -341.047416594733306 4575.209218515294197 -22872.576666695989843
  17.035421195840680   65.130207999999996
  18.122470597054591   70.934083500000000
  19.254807305049955   75.919208200000000
  20.433355550577456   79.534299200000007
  21.659039564387733   82.925909000000004
  22.932783577231394   95.102230300000002
  24.255511819859098   84.874447000000004


# temperature  790.000000000000000
#   -0.138750292625202   11.261952347009967 -341.205368253519453 4577.291325592419525 -22882.774101252900437
  17.035421195840680   65.189902200000006
  18.122470597054591   70.994524299999995
  19.254807305049955   75.980131400000005
  20.433355550577456   79.595497499999993
  21.659039564387733   82.987318599999995
  22.932783577231394   95.164097799999993
  24.255511819859098   84.923546500000000


# temperature  791.000000000000000
#   -0.138816830833926   11.267252215437065 -341.363102087873983 4579.370540812285981 -22892.957245098165004
  17.035421195840680   65.249529400000000
  18.122470597054591   71.054895400000007
  19.254807305049955   76.040982999999997
  20.433355550577456   79.656623400000001
  21.659039564387733   83.048654900000002
  22.932783577231394   95.225890300000003
  24.255511819859098   84.972586300000003


# temperature  792.000000000000000
#   -0.138883279116635   11.272544882830106 -341.520620373031704 4581.446896523797477 -22903.126269588836294
  17.035421195840680   65.309089599999993
  18.122470597054591   71.115196900000001
  19.254807305049955   76.101763199999994
  20.433355550577456   79.717676900000001
  21.659039564387733   83.109918100000002
  22.932783577231394   95.287607899999998
  24.255511819859098   85.021566600000000


# temperature  793.000000000000000
#   -0.138949638503116   11.277830429606951 -341.677925453042917 4583.520422969389074 -22913.281320323734690
  17.035421195840680   65.368583000000001
  18.122470597054591   71.175428900000000
  19.254807305049955   76.162472300000005
  20.433355550577456   79.778658199999995
  21.659039564387733   83.171108399999994
  22.932783577231394   95.349250900000001
  24.255511819859098   85.070487400000005


# temperature  794.000000000000000
#   -0.139015909018731   11.283108860481654 -341.835017537089357 4585.591123629331378 -22923.422416843226529
  17.035421195840680   65.428009799999998
  18.122470597054591   71.235591600000006
  19.254807305049955   76.223110300000002
  20.433355550577456   79.839567400000007
  21.659039564387733   83.232225799999995
  22.932783577231394   95.410819399999994
  24.255511819859098   85.119349000000000


# temperature  795.000000000000000
#   -0.139082090320696   11.288380147752223 -341.991895807206788 4587.658988078114817 -22933.549510740136611
  17.035421195840680   65.487370100000007
  18.122470597054591   71.295685199999994
  19.254807305049955   76.283677499999996
  20.433355550577456   79.900404800000004
  21.659039564387733   83.293270600000000
  22.932783577231394   95.472313600000007
  24.255511819859098   85.168151499999993


# temperature  796.000000000000000
#   -0.139148181748565   11.293644235468577 -342.148558498356579 4589.723991763788035 -22943.662474999531696
  17.035421195840680   65.546663899999999
  18.122470597054591   71.355709700000006
  19.254807305049955   76.344173900000001
  20.433355550577456   79.961170499999994
  21.659039564387733   83.354242900000003
  22.932783577231394   95.533733600000005
  24.255511819859098   85.216894999999994


# temperature  797.000000000000000
#   -0.139214184641341   11.298901232159226 -342.305008883590745 4591.786178190807732 -22953.761524260964507
  17.035421195840680   65.605891600000007
  18.122470597054591   71.415665399999995
  19.254807305049955   76.404599800000000
  20.433355550577456   80.021864699999995
  21.659039564387733   83.415142900000006
  22.932783577231394   95.595079699999999
  24.255511819859098   85.265579700000004


# temperature  798.000000000000000
#   -0.139280100876261   11.304151292616313 -342.461251728604566 4593.845612309493845 -22963.846989190078602
  17.035421195840680   65.665053099999994
  18.122470597054591   71.475552399999998
  19.254807305049955   76.464955200000006
  20.433355550577456   80.082487400000005
  21.659039564387733   83.475970799999999
  22.932783577231394   95.656351999999998
  24.255511819859098   85.314205700000002


# temperature  799.000000000000000
#   -0.139345930486618   11.309394421654209 -342.617287258707279 4595.902298404723297 -22973.918898218940740
  17.035421195840680   65.724148600000007
  18.122470597054591   71.535370900000004
  19.254807305049955   76.525240499999995
  20.433355550577456   80.143039000000002
  21.659039564387733   83.536726700000003
  22.932783577231394   95.717550799999998
  24.255511819859098   85.362773099999998


# temperature  800.000000000000000
#   -0.139411668761914   11.314630222786450 -342.773103018228767 4597.956063416607321 -22983.976354154023284
  17.035421195840680   65.783178399999997
  18.122470597054591   71.595120899999998
  19.254807305049955   76.585455600000003
  20.433355550577456   80.203519499999999
  21.659039564387733   83.597410900000000
  22.932783577231394   95.778676000000004
  24.255511819859098   85.411282000000000


# temperature  801.000000000000000
#   -0.139477321953600   11.319859222378122 -342.928715536541063 4600.007136768555029 -22994.020544261966279
  17.035421195840680   65.842142400000000
  18.122470597054591   71.654802700000005
  19.254807305049955   76.645600799999997
  20.433355550577456   80.263929099999999
  21.659039564387733   83.658023299999996
  22.932783577231394   95.839727999999994
  24.255511819859098   85.459732700000004


# temperature  802.000000000000000
#   -0.139542888224118   11.325081259524383 -343.084119576814203 4602.055443370174544 -23004.051068072156340
  17.035421195840680   65.901040899999998
  18.122470597054591   71.714416400000005
  19.254807305049955   76.705676199999999
  20.433355550577456   80.324267899999995
  21.659039564387733   83.718564299999997
  22.932783577231394   95.900706900000003
  24.255511819859098   85.508125199999995


# temperature  803.000000000000000
#   -0.139608366833038   11.330296276747987 -343.239313491921337 4604.100962626220280 -23014.067830952855729
  17.035421195840680   65.959873900000005
  18.122470597054591   71.773962100000006
  19.254807305049955   76.765681999999998
  20.433355550577456   80.384536199999999
  21.659039564387733   83.779033999999996
  22.932783577231394   95.961612900000006
  24.255511819859098   85.556459700000005


# temperature  804.000000000000000
#   -0.139673758252392   11.335504311092329 -343.394298355150113 4606.143708113006142 -23024.070895791726798
  17.035421195840680   66.018641700000003
  18.122470597054591   71.833439999999996
  19.254807305049955   76.825618399999996
  20.433355550577456   80.444734100000005
  21.659039564387733   83.839432599999995
  22.932783577231394   96.022446200000005
  24.255511819859098   85.604736399999993


# temperature  805.000000000000000
#   -0.139739062655138   11.340705378501312 -343.549074712270169 4608.183688043336588 -23034.060308359719784
  17.035421195840680   66.077344299999993
  18.122470597054591   71.892850199999998
  19.254807305049955   76.885485399999993
  20.433355550577456   80.504861700000006
  21.659039564387733   83.899760099999995
  22.932783577231394   96.083206799999999
  24.255511819859098   85.652955300000002


# temperature  806.000000000000000
#   -0.139804283324889   11.345899746738155 -343.703650718238066 4610.221012380048705 -23044.036622435312893
  17.035421195840680   66.135981799999996
  18.122470597054591   71.952192900000000
  19.254807305049955   76.945283300000000
  20.433355550577456   80.564919200000006
  21.659039564387733   83.960016800000005
  22.932783577231394   96.143895099999995
  24.255511819859098   85.701116499999998


# temperature  807.000000000000000
#   -0.139869415341914   11.351087008447916 -343.858013779975693 4612.255508869211553 -23053.998958328080334
  17.035421195840680   66.194554499999995
  18.122470597054591   72.011468199999996
  19.254807305049955   77.005012100000002
  20.433355550577456   80.624906800000005
  21.659039564387733   84.020202900000001
  22.932783577231394   96.204511100000005
  24.255511819859098   85.749220300000005


# temperature  808.000000000000000
#   -0.139934461258837   11.356267377298554 -344.012170572255229 4614.287269716154697 -23063.947790999784047
  17.035421195840680   66.253062499999999
  18.122470597054591   72.070676300000002
  19.254807305049955   77.064672099999996
  20.433355550577456   80.684824599999999
  21.659039564387733   84.080318500000004
  22.932783577231394   96.265055000000004
  24.255511819859098   85.797266800000003


# temperature  809.000000000000000
#   -0.139999422952383   11.361441008045194 -344.166125858830071 4616.316359811430630 -23073.883450441044261
  17.035421195840680   66.311505800000006
  18.122470597054591   72.129817299999999
  19.254807305049955   77.124263400000004
  20.433355550577456   80.744672699999995
  21.659039564387733   84.140363699999995
  22.932783577231394   96.325526999999994
  24.255511819859098   85.845256100000000


# temperature  810.000000000000000
#   -0.140064298597746   11.366607747412527 -344.319874846175082 4618.342713009714316 -23083.805596678288566
  17.035421195840680   66.369884600000006
  18.122470597054591   72.188891299999995
  19.254807305049955   77.183786200000000
  20.433355550577456   80.804451400000005
  21.659039564387733   84.200338700000003
  22.932783577231394   96.385927300000006
  24.255511819859098   85.893188300000006


# temperature  811.000000000000000
#   -0.140129088447871   11.371767612871592 -344.473417962147721 4620.366333567090805 -23093.714242899306555
  17.035421195840680   66.428199100000000
  18.122470597054591   72.247898500000005
  19.254807305049955   77.243240499999999
  20.433355550577456   80.864160799999993
  21.659039564387733   84.260243700000004
  22.932783577231394   96.446256000000005
  24.255511819859098   85.941063499999998


# temperature  812.000000000000000
#   -0.140193794673702   11.376920791314920 -344.626761200282488 4622.387306341780459 -23103.609836472678580
  17.035421195840680   66.486449300000004
  18.122470597054591   72.306839100000005
  19.254807305049955   77.302626599999996
  20.433355550577456   80.923800999999997
  21.659039564387733   84.320078800000005
  22.932783577231394   96.506513299999995
  24.255511819859098   85.988882000000004


# temperature  813.000000000000000
#   -0.140258416903739   11.382067244411369 -344.779903151391864 4624.405609140665547 -23113.492249863313191
  17.035421195840680   66.544635400000004
  18.122470597054591   72.365713200000002
  19.254807305049955   77.361944600000001
  20.433355550577456   80.983372099999997
  21.659039564387733   84.379844300000002
  22.932783577231394   96.566699299999996
  24.255511819859098   86.036643699999999


# temperature  814.000000000000000
#   -0.140322953668709   11.387206854216965 -344.932840283214261 4626.421195188930142 -23123.361251801503386
  17.035421195840680   66.602757600000004
  18.122470597054591   72.424520900000005
  19.254807305049955   77.421194700000001
  20.433355550577456   81.042874499999996
  21.659039564387733   84.439540100000002
  22.932783577231394   96.626814300000007
  24.255511819859098   86.084348899999995


# temperature  815.000000000000000
#   -0.140387405490691   11.392339660403120 -345.085573707862238 4628.434078108687572 -23133.216903647145955
  17.035421195840680   66.660815999999997
  18.122470597054591   72.483262300000007
  19.254807305049955   77.480377000000004
  20.433355550577456   81.102308100000002
  21.659039564387733   84.499166599999995
  22.932783577231394   96.686858400000006
  24.255511819859098   86.131997799999994


# temperature  816.000000000000000
#   -0.140451774672038   11.397465856363022 -345.238109499064706 4630.444342380802482 -23143.059644115532137
  17.035421195840680   66.718810599999998
  18.122470597054591   72.541937700000005
  19.254807305049955   77.539491600000005
  20.433355550577456   81.161673199999996
  21.659039564387733   84.558723799999996
  22.932783577231394   96.746831700000001
  24.255511819859098   86.179590300000001


# temperature  817.000000000000000
#   -0.140516058329662   11.402585199503662 -345.390440036490077 4632.451882137157554 -23152.888924359005614
  17.035421195840680   66.776741700000002
  18.122470597054591   72.600547100000000
  19.254807305049955   77.598538700000006
  20.433355550577456   81.220969900000000
  21.659039564387733   84.618212000000000
  22.932783577231394   96.806734399999996
  24.255511819859098   86.227126699999999


# temperature  818.000000000000000
#   -0.140580260451334   11.407698020140980 -345.542575530585225 4634.456836954618666 -23162.705456161915208
  17.035421195840680   66.834609299999997
  18.122470597054591   72.659090699999993
  19.254807305049955   77.657518400000001
  20.433355550577456   81.280198299999995
  21.659039564387733   84.677631199999993
  22.932783577231394   96.866566700000007
  24.255511819859098   86.274607000000003


# temperature  819.000000000000000
#   -0.140644377821327   11.412804054991271 -345.694507944542522 4636.459098438142973 -23172.508694293934241
  17.035421195840680   66.892413599999998
  18.122470597054591   72.717568700000001
  19.254807305049955   77.716430900000006
  20.433355550577456   81.339358700000005
  21.659039564387733   84.736981700000001
  22.932783577231394   96.926328699999999
  24.255511819859098   86.322031499999994


# temperature  820.000000000000000
#   -0.140708411827664   11.417903415137193 -345.846240586359045 4638.458710018520833 -23182.298850717481400
  17.035421195840680   66.950154800000007
  18.122470597054591   72.775981099999996
  19.254807305049955   77.775276399999996
  20.433355550577456   81.398451100000003
  21.659039564387733   84.796263499999995
  22.932783577231394   96.986020600000003
  24.255511819859098   86.369400200000001


# temperature  821.000000000000000
#   -0.140772363875553   11.422996218327482 -345.997777148442651 4640.455723069761007 -23192.076192910601094
  17.035421195840680   67.007832800000003
  18.122470597054591   72.834328099999993
  19.254807305049955   77.834055000000006
  20.433355550577456   81.457475700000003
  21.659039564387733   84.855476899999999
  22.932783577231394   97.045642599999994
  24.255511819859098   86.416713299999998


# temperature  822.000000000000000
#   -0.140836231963600   11.428082294650821 -346.149112245801973 4642.450062067776344 -23201.840325206678244
  17.035421195840680   67.065448000000004
  18.122470597054591   72.892609800000002
  19.254807305049955   77.892766800000004
  20.433355550577456   81.516432699999996
  21.659039564387733   84.914621900000000
  22.932783577231394   97.105194800000007
  24.255511819859098   86.463970799999998


# temperature  823.000000000000000
#   -0.140900019321816   11.433161915131159 -346.300254364366936 4644.441844531852439 -23211.591854857109865
  17.035421195840680   67.123000300000001
  18.122470597054591   72.950826500000005
  19.254807305049955   77.951411899999997
  20.433355550577456   81.575322200000002
  21.659039564387733   84.973698799999994
  22.932783577231394   97.164677400000002
  24.255511819859098   86.511172999999999


# temperature  824.000000000000000
#   -0.140963722958138   11.438234830242340 -346.451195746844917 4646.430963904430428 -23221.330235935532983
  17.035421195840680   67.180490000000006
  18.122470597054591   73.008978200000001
  19.254807305049955   78.009990599999995
  20.433355550577456   81.634144399999997
  21.659039564387733   85.032707700000003
  22.932783577231394   97.224090500000003
  24.255511819859098   86.558319900000001


# temperature  825.000000000000000
#   -0.141027346008583   11.443301296517726 -346.601944211603893 4648.417525415804448 -23231.055996189570578
  17.035421195840680   67.237917199999998
  18.122470597054591   73.067064999999999
  19.254807305049955   78.068503000000007
  20.433355550577456   81.692899299999993
  21.659039564387733   85.091648699999993
  22.932783577231394   97.283434400000004
  24.255511819859098   86.605411700000005


# temperature  826.000000000000000
#   -0.141090886486276   11.448361157046431 -346.752495161068850 4650.401469847363842 -23240.768852614535717
  17.035421195840680   67.295281900000006
  18.122470597054591   73.125087199999996
  19.254807305049955   78.126949199999999
  20.433355550577456   81.751587200000003
  21.659039564387733   85.150521999999995
  22.932783577231394   97.342708999999999
  24.255511819859098   86.652448500000006


# temperature  827.000000000000000
#   -0.141154343198827   11.453414303972547 -346.902844980250507 4652.382744005014501 -23250.468515145334095
  17.035421195840680   67.352584300000004
  18.122470597054591   73.183044699999996
  19.254807305049955   78.185329300000006
  20.433355550577456   81.810208299999999
  21.659039564387733   85.209327799999997
  22.932783577231394   97.401914700000006
  24.255511819859098   86.699430500000005


# temperature  828.000000000000000
#   -0.141217722417821   11.458461255524403 -347.053009639454558 4654.361565363646150 -23260.156087496350665
  17.035421195840680   67.409824599999993
  18.122470597054591   73.240937900000006
  19.254807305049955   78.243643500000005
  20.433355550577456   81.868762500000003
  21.659039564387733   85.268066200000007
  22.932783577231394   97.461051600000005
  24.255511819859098   86.746357599999996


# temperature  829.000000000000000
#   -0.141281018829231   11.463501580486906 -347.202976098482736 4656.337759786941206 -23269.830703240382718
  17.035421195840680   67.467002800000003
  18.122470597054591   73.298766799999996
  19.254807305049955   78.301891999999995
  20.433355550577456   81.927250200000003
  21.659039564387733   85.326737300000005
  22.932783577231394   97.520119800000003
  24.255511819859098   86.793230199999996


# temperature  830.000000000000000
#   -0.141344233018882   11.468535322281973 -347.352745539960210 4658.311341239119429 -23279.492422188639466
  17.035421195840680   67.524119099999993
  18.122470597054591   73.356531500000003
  19.254807305049955   78.360074900000001
  20.433355550577456   81.985671400000001
  21.659039564387733   85.385341299999993
  22.932783577231394   97.579119399999996
  24.255511819859098   86.840048300000007


# temperature  831.000000000000000
#   -0.141407367322971   11.473562668670906 -347.502323590226467 4660.282384243054366 -23289.141612457016890
  17.035421195840680   67.581173600000000
  18.122470597054591   73.414232200000001
  19.254807305049955   78.418192199999993
  20.433355550577456   82.044026299999999
  21.659039564387733   85.443878400000003
  22.932783577231394   97.638050699999994
  24.255511819859098   86.886812000000006


# temperature  832.000000000000000
#   -0.141470421565368   11.478583610007268 -347.651710104577376 4662.250888888472218 -23298.778284546056966
  17.035421195840680   67.638166499999997
  18.122470597054591   73.471868999999998
  19.254807305049955   78.476244300000005
  20.433355550577456   82.102315000000004
  21.659039564387733   85.502348600000005
  22.932783577231394   97.696913800000004
  24.255511819859098   86.933521400000004


# temperature  833.000000000000000
#   -0.141533394206098   11.483598014818575 -347.800900907506104 4664.216796751251422 -23308.402134626368934
  17.035421195840680   67.695097799999999
  18.122470597054591   73.529442000000003
  19.254807305049955   78.534231100000000
  20.433355550577456   82.160537800000000
  21.659039564387733   85.560752199999996
  22.932783577231394   97.755708900000002
  24.255511819859098   86.980176700000001


# temperature  834.000000000000000
#   -0.141596288029721   11.488606118689862 -347.949903423386047 4666.180211073379724 -23318.013696843565413
  17.035421195840680   67.751967699999994
  18.122470597054591   73.586951499999998
  19.254807305049955   78.592152900000002
  20.433355550577456   82.218694600000006
  21.659039564387733   85.619089299999999
  22.932783577231394   97.814436000000001
  24.255511819859098   87.026777999999993


# temperature  835.000000000000000
#   -0.141659100362061   11.493607693451937 -348.098710399956417 4668.141030122116717 -23327.612439806776820
  17.035421195840680   67.808776399999999
  18.122470597054591   73.644397400000003
  19.254807305049955   78.650009800000007
  20.433355550577456   82.276785700000005
  21.659039564387733   85.677359999999993
  22.932783577231394   97.873095399999997
  24.255511819859098   87.073325400000002


# temperature  836.000000000000000
#   -0.141721834923511   11.498603049060796 -348.247331477705302 4670.099386574878736 -23337.199045105735422
  17.035421195840680   67.865523800000005
  18.122470597054591   73.701779999999999
  19.254807305049955   78.707801900000007
  20.433355550577456   82.334811200000004
  21.659039564387733   85.735564600000004
  22.932783577231394   97.931687299999993
  24.255511819859098   87.119819100000001


# temperature  837.000000000000000
#   -0.141784488148524   11.503591894875981 -348.395757818939785 4672.055161566506285 -23346.772915711841051
  17.035421195840680   67.922210199999995
  18.122470597054591   73.759099399999997
  19.254807305049955   78.765529400000005
  20.433355550577456   82.392771300000007
  21.659039564387733   85.793702999999994
  22.932783577231394   97.990211599999995
  24.255511819859098   87.166259100000005


# temperature  838.000000000000000
#   -0.141847062626461   11.508574437859270 -348.543995586326787 4674.008436163239821 -23356.334449181726086
  17.035421195840680   67.978835700000005
  18.122470597054591   73.816355700000003
  19.254807305049955   78.823192399999996
  20.433355550577456   82.450666100000007
  21.659039564387733   85.851775500000002
  22.932783577231394   98.048668699999993
  24.255511819859098   87.212645600000002


# temperature  839.000000000000000
#   -0.141909559126471   11.513550746117250 -348.692047018222695 4675.959242728012214 -23365.883819075133943
  17.035421195840680   68.035400400000000
  18.122470597054591   73.873549100000005
  19.254807305049955   78.880791099999996
  20.433355550577456   82.508495699999997
  21.659039564387733   85.909782199999995
  22.932783577231394   98.107058699999996
  24.255511819859098   87.258978799999994


# temperature  840.000000000000000
#   -0.141971974644440   11.518520566123389 -348.839904148570952 4677.907470818980073 -23375.420455277999281
  17.035421195840680   68.091904400000004
  18.122470597054591   73.930679600000005
  19.254807305049955   78.938325500000005
  20.433355550577456   82.566260299999996
  21.659039564387733   85.967723300000003
  22.932783577231394   98.165381600000003
  24.255511819859098   87.305258600000002


# temperature  841.000000000000000
#   -0.142034314551588   11.523484345091170 -348.987580861733079 4679.853310926572703 -23384.945332033017621
  17.035421195840680   68.148347799999996
  18.122470597054591   73.987747499999998
  19.254807305049955   78.995795900000005
  20.433355550577456   82.623959999999997
  21.659039564387733   86.025598900000006
  22.932783577231394   98.223637800000006
  24.255511819859098   87.351485299999993


# temperature  842.000000000000000
#   -0.142096572986314   11.528441596875236 -349.135062118794167 4681.796557402297367 -23394.457400459396013
  17.035421195840680   68.204730799999993
  18.122470597054591   74.044752799999998
  19.254807305049955   79.053202299999995
  20.433355550577456   82.681595000000002
  21.659039564387733   86.083409200000006
  22.932783577231394   98.281827199999995
  24.255511819859098   87.397659000000004


# temperature  843.000000000000000
#   -0.142158754630402   11.533392707332858 -349.282359784199286 4683.737371538415573 -23403.957478322823590
  17.035421195840680   68.261053500000003
  18.122470597054591   74.101695699999993
  19.254807305049955   79.110544899999994
  20.433355550577456   82.739165400000005
  21.659039564387733   86.141154200000003
  22.932783577231394   98.339950099999996
  24.255511819859098   87.443779699999993


# temperature  844.000000000000000
#   -0.142220855326019   11.538337329129961 -349.429463037018763 4685.675604364200808 -23413.444800962202862
  17.035421195840680   68.317316099999999
  18.122470597054591   74.158576199999999
  19.254807305049955   79.167823799999994
  20.433355550577456   82.796671399999994
  21.659039564387733   86.198834199999993
  22.932783577231394   98.398006600000002
  24.255511819859098   87.489847600000004


# temperature  845.000000000000000
#   -0.142282880633307   11.543275928423645 -349.576386455305226 4687.611457405461806 -23422.920407222314680
  17.035421195840680   68.373518500000003
  18.122470597054591   74.215394599999996
  19.254807305049955   79.225039199999998
  20.433355550577456   82.854112999999998
  21.659039564387733   86.256449300000000
  22.932783577231394   98.455996900000002
  24.255511819859098   87.535862899999998


# temperature  846.000000000000000
#   -0.142344828773366   11.548208353837481 -349.723125236719227 4689.544863336951494 -23432.383945005065470
  17.035421195840680   68.429660999999996
  18.122470597054591   74.272150999999994
  19.254807305049955   79.282191200000000
  20.433355550577456   82.911490400000005
  21.659039564387733   86.313999600000002
  22.932783577231394   98.513921100000005
  24.255511819859098   87.581825600000002


# temperature  847.000000000000000
#   -0.142406699005765   11.553134547894263 -349.869677734135280 4691.475801563443383 -23441.835319678859378
  17.035421195840680   68.485743600000006
  18.122470597054591   74.328845500000000
  19.254807305049955   79.339280000000002
  20.433355550577456   82.968803899999997
  21.659039564387733   86.371485199999995
  22.932783577231394   98.571779399999997
  24.255511819859098   87.627735900000005


# temperature  848.000000000000000
#   -0.142468490752240   11.558054451467495 -350.016041765342152 4693.404237334342724 -23451.274328630446689
  17.035421195840680   68.541766600000003
  18.122470597054591   74.385478100000000
  19.254807305049955   79.396305600000005
  20.433355550577456   83.026053399999995
  21.659039564387733   86.428906400000002
  22.932783577231394   98.629571900000002
  24.255511819859098   87.673593800000006


# temperature  849.000000000000000
#   -0.142530207773727   11.562968387413077 -350.162227662339149 4695.330316691586631 -23460.701740811833588
  17.035421195840680   68.597729900000004
  18.122470597054591   74.442049200000000
  19.254807305049955   79.453268199999997
  20.433355550577456   83.083239100000000
  21.659039564387733   86.486263199999996
  22.932783577231394   98.687298699999999
  24.255511819859098   87.719399499999994


# temperature  850.000000000000000
#   -0.142591844667807   11.567875904284371 -350.308221355329749 4697.253845846581498 -23470.116560945731180
  17.035421195840680   68.653633799999994
  18.122470597054591   74.498558700000004
  19.254807305049955   79.510167999999993
  20.433355550577456   83.140361299999995
  21.659039564387733   86.543555799999993
  22.932783577231394   98.744960000000006
  24.255511819859098   87.765153200000000


# temperature  851.000000000000000
#   -0.142653407678271   11.572777515039148 -350.454038566408087 4699.175037854689435 -23479.519865980932082
  17.035421195840680   68.709478300000001
  18.122470597054591   74.555006800000001
  19.254807305049955   79.567005100000003
  20.433355550577456   83.197419900000000
  21.659039564387733   86.600784300000001
  22.932783577231394   98.802555999999996
  24.255511819859098   87.810854800000001


# temperature  852.000000000000000
#   -0.142714891413356   11.577672775278984 -350.599665629205447 4701.093706885631036 -23488.910713139262953
  17.035421195840680   68.765263599999997
  18.122470597054591   74.611393600000000
  19.254807305049955   79.623779499999998
  20.433355550577456   83.254415199999997
  21.659039564387733   86.657948899999994
  22.932783577231394   98.860086699999997
  24.255511819859098   87.856504599999994


# temperature  853.000000000000000
#   -0.142776300302413   11.582562053427061 -350.745113982250871 4703.010010035331106 -23498.289907473448693
  17.035421195840680   68.820989699999998
  18.122470597054591   74.667719300000002
  19.254807305049955   79.680491500000002
  20.433355550577456   83.311347299999994
  21.659039564387733   86.715049699999994
  22.932783577231394   98.917552400000005
  24.255511819859098   87.902102700000000


# temperature  854.000000000000000
#   -0.142837632360013   11.587445182571859 -350.890378388476847 4704.923874602310207 -23507.657072047924885
  17.035421195840680   68.876656900000000
  18.122470597054591   74.723984000000002
  19.254807305049955   79.737141199999996
  20.433355550577456   83.368216300000000
  21.659039564387733   86.772086799999997
  22.932783577231394   98.974953099999993
  24.255511819859098   87.947649100000007


# temperature  855.000000000000000
#   -0.142898889873554   11.592322349650038 -351.035464547751076 4706.835377470438289 -23517.012594008807355
  17.035421195840680   68.932265200000003
  18.122470597054591   74.780187799999993
  19.254807305049955   79.793728700000003
  20.433355550577456   83.425022299999995
  21.659039564387733   86.829060400000003
  22.932783577231394   99.032289100000000
  24.255511819859098   87.993144000000001


# temperature  856.000000000000000
#   -0.142960069833832   11.597193306913013 -351.180364857994732 4708.744415620907603 -23526.355953063030029
  17.035421195840680   68.987814700000001
  18.122470597054591   74.836330799999999
  19.254807305049955   79.850254100000001
  20.433355550577456   83.481765600000003
  21.659039564387733   86.885970700000001
  22.932783577231394   99.089560500000005
  24.255511819859098   88.038587600000000


# temperature  857.000000000000000
#   -0.143021175722317   11.602058344412784 -351.325088332862208 4710.651112829986232 -23535.687782631561277
  17.035421195840680   69.043305500000002
  18.122470597054591   74.892413199999993
  19.254807305049955   79.906717599999993
  20.433355550577456   83.538446100000002
  21.659039564387733   86.942817700000006
  22.932783577231394   99.146767299999993
  24.255511819859098   88.083979799999994


# temperature  858.000000000000000
#   -0.143082205791484   11.606917315067944 -351.469630358239442 4712.555405177867215 -23545.007752698344120
  17.035421195840680   69.098737799999995
  18.122470597054591   74.948435099999998
  19.254807305049955   79.963119300000002
  20.433355550577456   83.595064199999996
  21.659039564387733   86.999601499999997
  22.932783577231394   99.203909800000005
  24.255511819859098   88.129320800000002


# temperature  859.000000000000000
#   -0.143143160940000   11.611770291103076 -351.613993091448663 4714.457321056733235 -23554.316002137085889
  17.035421195840680   69.154111700000001
  18.122470597054591   75.004396600000007
  19.254807305049955   80.019459299999994
  20.433355550577456   83.651619800000006
  21.659039564387733   87.056322399999999
  22.932783577231394   99.260988100000006
  24.255511819859098   88.174610799999996


# temperature  860.000000000000000
#   -0.143204039025636   11.616617096254926 -351.758171130181836 4716.356787376016655 -23563.612162507331959
  17.035421195840680   69.209427300000002
  18.122470597054591   75.060297800000001
  19.254807305049955   80.075737700000005
  20.433355550577456   83.708113200000000
  21.659039564387733   87.112980500000006
  22.932783577231394   99.318002300000003
  24.255511819859098   88.219849900000000


# temperature  861.000000000000000
#   -0.143264844162510   11.621458071255010 -351.902175004920707 4718.253948044418394 -23572.896967279149976
  17.035421195840680   69.264684700000004
  18.122470597054591   75.116138899999996
  19.254807305049955   80.131954800000003
  20.433355550577456   83.764544400000005
  21.659039564387733   87.169575899999998
  22.932783577231394   99.374952600000000
  24.255511819859098   88.265038099999998


# temperature  862.000000000000000
#   -0.143325576051317   11.626293189743814 -352.046003849859176 4720.148790517278940 -23582.170348795723839
  17.035421195840680   69.319884000000002
  18.122470597054591   75.171920000000000
  19.254807305049955   80.188110600000002
  20.433355550577456   83.820913599999997
  21.659039564387733   87.226108699999997
  22.932783577231394   99.431839199999999
  24.255511819859098   88.310175599999994


# temperature  863.000000000000000
#   -0.143386230892698   11.631122140312174 -352.189648146305501 4722.041186193428075 -23591.431659000161744
  17.035421195840680   69.375025300000004
  18.122470597054591   75.227641100000000
  19.254807305049955   80.244205199999996
  20.433355550577456   83.877220899999998
  21.659039564387733   87.282578999999998
  22.932783577231394   99.488662000000005
  24.255511819859098   88.355262499999995


# temperature  864.000000000000000
#   -0.143446812000717   11.635945189659461 -352.333115894421212 4723.931241092946948 -23600.681421390207106
  17.035421195840680   69.430108899999993
  18.122470597054591   75.283302500000005
  19.254807305049955   80.300238800000002
  20.433355550577456   83.933466499999994
  21.659039564387733   87.338987099999997
  22.932783577231394   99.545421399999995
  24.255511819859098   88.400298899999996


# temperature  865.000000000000000
#   -0.143507320271574   11.640762419937086 -352.476409887141244 4725.818996971423076 -23609.919867620876175
  17.035421195840680   69.485134599999995
  18.122470597054591   75.338904299999996
  19.254807305049955   80.356211500000001
  20.433355550577456   83.989650499999996
  21.659039564387733   87.395332999999994
  22.932783577231394   99.602117399999997
  24.255511819859098   88.445284900000004


# temperature  866.000000000000000
#   -0.143567753580450   11.645573647880928 -352.619524230589832 4727.704370078039574 -23619.146553952145041
  17.035421195840680   69.540102800000000
  18.122470597054591   75.394446500000001
  19.254807305049955   80.412123500000007
  20.433355550577456   84.045772999999997
  21.659039564387733   87.451616900000005
  22.932783577231394   99.658750200000000
  24.255511819859098   88.490220600000001


# temperature  867.000000000000000
#   -0.143628113264668   11.650378986760126 -352.762462499023172 4729.587410218970945 -23628.361738913892623
  17.035421195840680   69.595013499999993
  18.122470597054591   75.449929299999994
  19.254807305049955   80.467974799999993
  20.433355550577456   84.101834100000005
  21.659039564387733   87.507838899999996
  22.932783577231394   99.715319899999997
  24.255511819859098   88.535106200000001


# temperature  868.000000000000000
#   -0.143688399515535   11.655178454407093 -352.905225319477836 4731.468127188786639 -23637.565479427717946
  17.035421195840680   69.649866700000004
  18.122470597054591   75.505352900000005
  19.254807305049955   80.523765499999996
  20.433355550577456   84.157834100000002
  21.659039564387733   87.563999100000004
  22.932783577231394   99.771826599999997
  24.255511819859098   88.579941700000006


# temperature  869.000000000000000
#   -0.143748611230547   11.659971954864655 -353.047809572759206 4733.346476142927713 -23646.757534953918366
  17.035421195840680   69.704662700000000
  18.122470597054591   75.560717199999999
  19.254807305049955   80.579495899999998
  20.433355550577456   84.213772899999995
  21.659039564387733   87.620097700000002
  22.932783577231394   99.828270500000002
  24.255511819859098   88.624727300000004


# temperature  870.000000000000000
#   -0.143808751089158   11.664759714116375 -353.190222379754005 4735.222556392177466 -23655.938422296963836
  17.035421195840680   69.759401499999996
  18.122470597054591   75.616022599999994
  19.254807305049955   80.635166100000006
  20.433355550577456   84.269650799999994
  21.659039564387733   87.676134800000000
  22.932783577231394   99.884651700000006
  24.255511819859098   88.669462999999993


# temperature  871.000000000000000
#   -0.143868817831606   11.669541619863740 -353.332460009262832 4737.096313234377703 -23665.107843118454184
  17.035421195840680   69.814083299999993
  18.122470597054591   75.671268999999995
  19.254807305049955   80.690776000000000
  20.433355550577456   84.325467799999998
  21.659039564387733   87.732110500000005
  22.932783577231394   99.940970399999998
  24.255511819859098   88.714149000000006


# temperature  872.000000000000000
#   -0.143928812276296   11.674317748027454 -353.474525072873917 4738.967786139920463 -23674.266018341480958
  17.035421195840680   69.868708100000006
  18.122470597054591   75.726456600000006
  19.254807305049955   80.746325999999996
  20.433355550577456   84.381224099999997
  21.659039564387733   87.788024899999996
  22.932783577231394   99.997226699999999
  24.255511819859098   88.758785399999994


# temperature  873.000000000000000
#   -0.143988733752417   11.679088033916640 -353.616415295586989 4740.836940370943921 -23683.412752873602585
  17.035421195840680   69.923276099999995
  18.122470597054591   75.781585500000006
  19.254807305049955   80.801816099999996
  20.433355550577456   84.436919900000007
  21.659039564387733   87.843878300000000
  22.932783577231394  100.053420799999998
  24.255511819859098   88.803372199999998


# temperature  874.000000000000000
#   -0.144048582708798   11.683852523724243 -353.758132371691147 4742.703802526224536 -23692.548198613549175
  17.035421195840680   69.977787399999997
  18.122470597054591   75.836655899999997
  19.254807305049955   80.857246500000002
  20.433355550577456   84.492555199999998
  21.659039564387733   87.899670700000001
  22.932783577231394  100.109552699999995
  24.255511819859098   88.847909700000002


# temperature  875.000000000000000
#   -0.144108357289723   11.688611058249158 -353.899671215691626 4744.568300934667604 -23701.671979574715806
  17.035421195840680   70.032242100000005
  18.122470597054591   75.891667799999993
  19.254807305049955   80.912617100000006
  20.433355550577456   84.548130200000003
  21.659039564387733   87.955402199999995
  22.932783577231394  100.165622499999998
  24.255511819859098   88.892397900000006


# temperature  876.000000000000000
#   -0.144168064402545   11.693364207054444 -354.041049358478574 4746.430674309821370 -23710.785308867958520
  17.035421195840680   70.086640200000005
  18.122470597054591   75.946621399999998
  19.254807305049955   80.967928299999997
  20.433355550577456   84.603644900000006
  21.659039564387733   88.011072999999996
  22.932783577231394  100.221630599999997
  24.255511819859098   88.936836799999995


# temperature  877.000000000000000
#   -0.144227694840177   11.698111211332655 -354.182243467066030 4748.290605397607578 -23719.886577027096791
  17.035421195840680   70.140981999999994
  18.122470597054591   76.001516699999996
  19.254807305049955   81.023180100000005
  20.433355550577456   84.659099699999999
  21.659039564387733   88.066683200000000
  22.932783577231394  100.277576900000000
  24.255511819859098   88.981226699999993


# temperature  878.000000000000000
#   -0.144287256294627   11.702852704763606 -354.323273011859953 4750.148358628594906 -23728.977123260392545
  17.035421195840680   70.195267500000000
  18.122470597054591   76.056353999999999
  19.254807305049955   81.078372599999994
  20.433355550577456   84.714494400000007
  21.659039564387733   88.122232999999994
  22.932783577231394  100.333461600000007
  24.255511819859098   89.025567600000002


# temperature  879.000000000000000
#   -0.144346745454213   11.707588419536600 -354.464129926040528 4752.003826741837656 -23738.056416189469019
  17.035421195840680   70.249496800000003
  18.122470597054591   76.111133400000000
  19.254807305049955   81.133505999999997
  20.433355550577456   84.769829400000006
  21.659039564387733   88.177722399999993
  22.932783577231394  100.389284799999999
  24.255511819859098   89.069859699999995


# temperature  880.000000000000000
#   -0.144406161694254   11.712318294589167 -354.604812034266502 4753.856976106871116 -23747.124264750404109
  17.035421195840680   70.303670100000005
  18.122470597054591   76.165854800000005
  19.254807305049955   81.188580400000006
  20.433355550577456   84.825104699999997
  21.659039564387733   88.233151599999999
  22.932783577231394  100.445046700000006
  24.255511819859098   89.114103000000000


# temperature  881.000000000000000
#   -0.144465510025124   11.717042745851789 -354.745332215136500 4755.707982979288317 -23756.181568349940790
  17.035421195840680   70.357787400000007
  18.122470597054591   76.220518600000005
  19.254807305049955   81.243595799999994
  20.433355550577456   84.880320299999994
  21.659039564387733   88.288520800000001
  22.932783577231394  100.500747399999995
  24.255511819859098   89.158297599999997


# temperature  882.000000000000000
#   -0.144524784063365   11.721761249237204 -354.885674426097637 4757.556630375823261 -23765.227232700537570
  17.035421195840680   70.411848899999995
  18.122470597054591   76.275124700000006
  19.254807305049955   81.298552500000000
  20.433355550577456   84.935476600000001
  21.659039564387733   88.343829999999997
  22.932783577231394  100.556387000000001
  24.255511819859098   89.202443700000003


# temperature  883.000000000000000
#   -0.144583988947849   11.726474224720139 -355.025851460837430 4759.403090461891225 -23774.262121273521188
  17.035421195840680   70.465854699999994
  18.122470597054591   76.329673299999996
  19.254807305049955   81.353450499999994
  20.433355550577456   84.990573499999996
  21.659039564387733   88.399079299999997
  22.932783577231394  100.611965699999999
  24.255511819859098   89.246541300000004


# temperature  884.000000000000000
#   -0.144643121907323   11.731181446049851 -355.165856445915892 4761.247271180437565 -23783.285775401065621
  17.035421195840680   70.519804800000003
  18.122470597054591   76.384164499999997
  19.254807305049955   81.408289999999994
  20.433355550577456   85.045611300000004
  21.659039564387733   88.454268999999996
  22.932783577231394  100.667483599999997
  24.255511819859098   89.290590600000002


# temperature  885.000000000000000
#   -0.144702187006137   11.735883246106710 -355.305699536639850 4763.089309272913852 -23792.298880615075177
  17.035421195840680   70.573699399999995
  18.122470597054591   76.438598400000004
  19.254807305049955   81.463071099999993
  20.433355550577456   85.100589900000003
  21.659039564387733   88.509399000000002
  22.932783577231394  100.722940899999998
  24.255511819859098   89.334591599999996


# temperature  886.000000000000000
#   -0.144761178084129   11.740579117682943 -355.445365168521619 4764.928993787126274 -23801.300371293466014
  17.035421195840680   70.627538599999994
  18.122470597054591   76.492975200000004
  19.254807305049955   81.517793800000007
  20.433355550577456   85.155509699999996
  21.659039564387733   88.564469700000004
  22.932783577231394  100.778337500000006
  24.255511819859098   89.378544500000004


# temperature  887.000000000000000
#   -0.144820101301460   11.745269567986297 -355.584868906048143 4766.766535675261366 -23810.291312758316053
  17.035421195840680   70.681322600000001
  18.122470597054591   76.547295000000005
  19.254807305049955   81.572458400000002
  20.433355550577456   85.210370600000005
  21.659039564387733   88.619480999999993
  22.932783577231394  100.833673800000000
  24.255511819859098   89.422449400000005


# temperature  888.000000000000000
#   -0.144878954361804   11.749954406735101 -355.724204884350513 4768.601855275467642 -23819.271302723398549
  17.035421195840680   70.735051299999995
  18.122470597054591   76.601557799999995
  19.254807305049955   81.627064899999993
  20.433355550577456   85.265172800000002
  21.659039564387733   88.674433100000002
  22.932783577231394  100.888949800000006
  24.255511819859098   89.466306299999999


# temperature  889.000000000000000
#   -0.144937737435225   11.754633650947573 -355.863373713914427 4770.434961981646666 -23828.240393665673764
  17.035421195840680   70.788724900000005
  18.122470597054591   76.655763800000003
  19.254807305049955   81.681613499999997
  20.433355550577456   85.319916399999997
  21.659039564387733   88.729326099999994
  22.932783577231394  100.944165600000005
  24.255511819859098   89.510115400000004


# temperature  890.000000000000000
#   -0.144996451422773   11.759307371737146 -356.002377485408431 4772.265882945185695 -23837.198716978502489
  17.035421195840680   70.842343499999998
  18.122470597054591   76.709913099999994
  19.254807305049955   81.736104299999994
  20.433355550577456   85.374601499999997
  21.659039564387733   88.784160200000002
  22.932783577231394  100.999321399999999
  24.255511819859098   89.553876799999998


# temperature  891.000000000000000
#   -0.145055095030840   11.763975462437154 -356.141212915022834 4774.094573421913992 -23846.146044822933618
  17.035421195840680   70.895907300000005
  18.122470597054591   76.764005800000007
  19.254807305049955   81.790537400000005
  20.433355550577456   85.429228300000005
  21.659039564387733   88.838935399999997
  22.932783577231394  101.054417299999997
  24.255511819859098   89.597590600000004


# temperature  892.000000000000000
#   -0.145113668972302   11.768637980514576 -356.279881739969085 4775.921056768812377 -23855.082495005808596
  17.035421195840680   70.949416299999996
  18.122470597054591   76.818042000000005
  19.254807305049955   81.844912899999997
  20.433355550577456   85.483796900000002
  21.659039564387733   88.893651899999995
  22.932783577231394  101.109453400000007
  24.255511819859098   89.641256799999994


# temperature  893.000000000000000
#   -0.145172172534794   11.773294868539349 -356.418382224974948 4777.745309688625639 -23864.007950094965054
  17.035421195840680   71.002870700000003
  18.122470597054591   76.872021899999993
  19.254807305049955   81.899230900000006
  20.433355550577456   85.538307399999994
  21.659039564387733   88.948309899999998
  22.932783577231394  101.164429799999994
  24.255511819859098   89.684875700000006


# temperature  894.000000000000000
#   -0.145230609001420   11.777946394237954 -356.556722523062945 4779.567442084534377 -23872.922963394390536
  17.035421195840680   71.056270499999997
  18.122470597054591   76.925945499999997
  19.254807305049955   81.953491600000007
  20.433355550577456   85.592759900000004
  21.659039564387733   89.002909399999993
  22.932783577231394  101.219346799999997
  24.255511819859098   89.728447200000005


# temperature  895.000000000000000
#   -0.145288976777112   11.782592430955512 -356.694898889562637 4781.387405089708409 -23881.827297229214309
  17.035421195840680   71.109615800000000
  18.122470597054591   76.979812999999993
  19.254807305049955   82.007695100000007
  20.433355550577456   85.647154599999993
  21.659039564387733   89.057450500000002
  22.932783577231394  101.274204400000002
  24.255511819859098   89.771971500000006


# temperature  896.000000000000000
#   -0.145347276055651   11.787232986597724 -356.832911315901015 4783.205195135356917 -23890.720915840029193
  17.035421195840680   71.162906800000002
  18.122470597054591   77.033624500000002
  19.254807305049955   82.061841400000006
  20.433355550577456   85.701491500000003
  21.659039564387733   89.111933500000006
  22.932783577231394  101.329002700000004
  24.255511819859098   89.815448599999996


# temperature  897.000000000000000
#   -0.145405504309720   11.791867859163201 -356.970753781305973 4785.020732905127261 -23899.603429424074420
  17.035421195840680   71.216143599999995
  18.122470597054591   77.087379999999996
  19.254807305049955   82.115930700000007
  20.433355550577456   85.755770799999993
  21.659039564387733   89.166358299999999
  22.932783577231394  101.383741799999996
  24.255511819859098   89.858878799999999


# temperature  898.000000000000000
#   -0.145463665452701   11.796497371699687 -357.108436252098045 4786.834154569284692 -23908.475532902441046
  17.035421195840680   71.269326199999995
  18.122470597054591   77.141079800000000
  19.254807305049955   82.169963199999998
  20.433355550577456   85.809992699999995
  21.659039564387733   89.220725099999996
  22.932783577231394  101.438421899999994
  24.255511819859098   89.902261999999993


# temperature  899.000000000000000
#   -0.145521759688505   11.801121535593559 -357.245958891374244 4788.645459563750592 -23917.337208252669370
  17.035421195840680   71.322454800000003
  18.122470597054591   77.194723900000000
  19.254807305049955   82.223938899999993
  20.433355550577456   85.864157100000000
  21.659039564387733   89.275034099999999
  22.932783577231394  101.493043200000002
  24.255511819859098   89.945598500000003


# temperature  900.000000000000000
#   -0.145579786263672   11.805740290961181 -357.383319945052619 4790.454625469652456 -23926.188350011892908
  17.035421195840680   71.375529400000005
  18.122470597054591   77.248312400000003
  19.254807305049955   82.277857999999995
  20.433355550577456   85.918264199999996
  21.659039564387733   89.329285400000003
  22.932783577231394  101.547605700000005
  24.255511819859098   89.988888200000005


# temperature  901.000000000000000
#   -0.145637741931056   11.810353368556294 -357.520511082421081 4792.261538306514012 -23935.028376262391248
  17.035421195840680   71.428550200000004
  18.122470597054591   77.301845400000005
  19.254807305049955   82.331720500000003
  20.433355550577456   85.972314299999994
  21.659039564387733   89.383479100000002
  22.932783577231394  101.602109499999997
  24.255511819859098   90.032131300000003


# temperature  902.000000000000000
#   -0.145695632851329   11.814961275623556 -357.657547869905613 4794.066409086236490 -23943.858353000876377
  17.035421195840680   71.481517299999993
  18.122470597054591   77.355322999999999
  19.254807305049955   82.385526600000006
  20.433355550577456   86.026307200000005
  21.659039564387733   89.437615199999996
  22.932783577231394  101.656554900000003
  24.255511819859098   90.075327900000005


# temperature  903.000000000000000
#   -0.145753455465757   11.819563719447945 -357.794421344267505 4795.869116701031089 -23952.677670737131848
  17.035421195840680   71.534430799999996
  18.122470597054591   77.408745499999995
  19.254807305049955   82.439276300000003
  20.433355550577456   86.080243300000006
  21.659039564387733   89.491693999999995
  22.932783577231394  101.710941800000001
  24.255511819859098   90.118477999999996


# temperature  904.000000000000000
#   -0.145811209095253   11.824160643883319 -357.931129765730191 4797.669637244715886 -23961.486206683784985
  17.035421195840680   71.587290800000005
  18.122470597054591   77.462112700000006
  19.254807305049955   82.492969900000006
  20.433355550577456   86.134122599999998
  21.659039564387733   89.545715500000000
  22.932783577231394  101.765270500000000
  24.255511819859098   90.161581900000002


# temperature  905.000000000000000
#   -0.145868897397651   11.828752353888197 -358.067682630941874 4799.468101585002842 -23970.284633801711607
  17.035421195840680   71.640097299999994
  18.122470597054591   77.515424999999993
  19.254807305049955   82.546607499999993
  20.433355550577456   86.187945200000001
  21.659039564387733   89.599679899999998
  22.932783577231394  101.819541000000001
  24.255511819859098   90.204639499999999


# temperature  906.000000000000000
#   -0.145926518309964   11.833338669429377 -358.204074079449924 4801.264425433660108 -23979.072500351783674
  17.035421195840680   71.692850600000000
  18.122470597054591   77.568682300000006
  19.254807305049955   82.600189000000000
  20.433355550577456   86.241711199999997
  21.659039564387733   89.653587200000004
  22.932783577231394  101.873753500000007
  24.255511819859098   90.247650899999996


# temperature  907.000000000000000
#   -0.145984070222637   11.837919467915750 -358.340300669306885 4803.058566689272993 -23987.849617571177077
  17.035421195840680   71.745550600000001
  18.122470597054591   77.621884800000004
  19.254807305049955   82.653714699999995
  20.433355550577456   86.295420800000002
  21.659039564387733   89.707437700000000
  22.932783577231394  101.927908000000002
  24.255511819859098   90.290616400000005


# temperature  908.000000000000000
#   -0.146041556825815   11.842495048563071 -358.476371443947869 4804.850646082314597 -23996.616585997049697
  17.035421195840680   71.798197500000001
  18.122470597054591   77.675032599999994
  19.254807305049955   82.707184699999999
  20.433355550577456   86.349074099999996
  21.659039564387733   89.761231300000006
  22.932783577231394  101.982004799999999
  24.255511819859098   90.333535900000001


# temperature  909.000000000000000
#   -0.146098977931599   11.847065392501623 -358.612285713562642 4806.640652696886718 -24005.373342276867334
  17.035421195840680   71.850791400000006
  18.122470597054591   77.728125800000001
  19.254807305049955   82.760598999999999
  20.433355550577456   86.402671100000006
  21.659039564387733   89.814968300000004
  22.932783577231394  102.036044000000004
  24.255511819859098   90.376409600000002


# temperature  910.000000000000000
#   -0.146156332246614   11.851630398324881 -358.748040532633183 4808.428548970022348 -24014.119708812278986
  17.035421195840680   71.903332399999996
  18.122470597054591   77.781164599999997
  19.254807305049955   82.813957799999997
  20.433355550577456   86.456212100000002
  21.659039564387733   89.868648699999994
  22.932783577231394  102.090025600000004
  24.255511819859098   90.419237499999994


# temperature  911.000000000000000
#   -0.146213619835614   11.856190066326624 -358.883635745735376 4810.214330469443667 -24022.855651116638910
  17.035421195840680   71.955820599999996
  18.122470597054591   77.834148900000002
  19.254807305049955   82.867261200000002
  20.433355550577456   86.509697000000003
  21.659039564387733   89.922272699999994
  22.932783577231394  102.143949800000001
  24.255511819859098   90.462019799999993


# temperature  912.000000000000000
#   -0.146270841044516   11.860744428394623 -359.019072444408437 4811.998013620752317 -24031.581260631930490
  17.035421195840680   72.008256099999997
  18.122470597054591   77.887079000000000
  19.254807305049955   82.920509300000006
  20.433355550577456   86.563126100000005
  21.659039564387733   89.975840399999996
  22.932783577231394  102.197816700000004
  24.255511819859098   90.504756599999993


# temperature  913.000000000000000
#   -0.146327996206197   11.865293510479757 -359.154351383421044 4813.779608132093927 -24040.296583881729021
  17.035421195840680   72.060638999999995
  18.122470597054591   77.939954900000004
  19.254807305049955   82.973702299999999
  20.433355550577456   86.616499399999995
  21.659039564387733   90.029351899999995
  22.932783577231394  102.251626400000006
  24.255511819859098   90.547447899999995


# temperature  914.000000000000000
#   -0.146385084595224   11.869837251077939 -359.289470614863319 4815.559086702543937 -24049.001477996953327
  17.035421195840680   72.112969399999997
  18.122470597054591   77.992776699999993
  19.254807305049955   83.026840100000001
  20.433355550577456   86.669817100000003
  21.659039564387733   90.082807200000005
  22.932783577231394  102.305379000000002
  24.255511819859098   90.590093800000005


# temperature  915.000000000000000
#   -0.146442109206312   11.874375902001532 -359.424438043537123 4817.336559116325589 -24057.696511882724735
  17.035421195840680   72.165247300000004
  18.122470597054591   78.045544599999999
  19.254807305049955   83.079923100000002
  20.433355550577456   86.723079200000001
  21.659039564387733   90.136206599999994
  22.932783577231394  102.359074699999994
  24.255511819859098   90.632694499999999


# temperature  916.000000000000000
#   -0.146499067346714   11.878909231463393 -359.559246227443680 4819.111919771643443 -24066.381126844684331
  17.035421195840680   72.217472999999998
  18.122470597054591   78.098258599999994
  19.254807305049955   83.132951100000000
  20.433355550577456   86.776285900000005
  21.659039564387733   90.189550100000005
  22.932783577231394  102.412713600000004
  24.255511819859098   90.675250000000005


# temperature  917.000000000000000
#   -0.146555959835348   11.883437315421206 -359.693897780112252 4820.885208198643340 -24075.055544480692333
  17.035421195840680   72.269646399999999
  18.122470597054591   78.150918899999994
  19.254807305049955   83.185924400000005
  20.433355550577456   86.829437299999995
  21.659039564387733   90.242837899999998
  22.932783577231394  102.466295700000003
  24.255511819859098   90.717760400000003


# temperature  918.000000000000000
#   -0.146612787538948   11.887960220100116 -359.828394563020709 4822.656447144346203 -24083.719866202533012
  17.035421195840680   72.321767800000003
  18.122470597054591   78.203525600000006
  19.254807305049955   83.238843099999997
  20.433355550577456   86.882533499999994
  21.659039564387733   90.296070099999994
  22.932783577231394  102.519821300000004
  24.255511819859098   90.760225899999995


# temperature  919.000000000000000
#   -0.146669550491319   11.892477950351418 -359.962736803417954 4824.425640953364564 -24092.374121317076060
  17.035421195840680   72.373837100000003
  18.122470597054591   78.256078700000003
  19.254807305049955   83.291707299999999
  20.433355550577456   86.935574599999995
  21.659039564387733   90.349246699999995
  22.932783577231394  102.573290400000005
  24.255511819859098   90.802646400000000


# temperature  920.000000000000000
#   -0.146726249242287   11.896990549449219 -360.096925755938344 4826.192805487195983 -24101.018383343740425
  17.035421195840680   72.425854500000000
  18.122470597054591   78.308578400000002
  19.254807305049955   83.344516999999996
  20.433355550577456   86.988560699999994
  21.659039564387733   90.402367900000002
  22.932783577231394  102.626703199999994
  24.255511819859098   90.845022200000002


# temperature  921.000000000000000
#   -0.146782880611607   11.901497754220674 -360.230953309825509 4827.957830393780569 -24109.652092769196315
  17.035421195840680   72.477820199999996
  18.122470597054591   78.361024700000002
  19.254807305049955   83.397272500000000
  20.433355550577456   87.041492000000005
  21.659039564387733   90.455433799999994
  22.932783577231394  102.680059700000001
  24.255511819859098   90.887353200000007


# temperature  922.000000000000000
#   -0.146839449622680   11.905999983002502 -360.364832450629081 4829.720893752284610 -24118.276159931119764
  17.035421195840680   72.529734099999999
  18.122470597054591   78.413417899999999
  19.254807305049955   83.449973700000001
  20.433355550577456   87.094368500000002
  21.659039564387733   90.508444499999996
  22.932783577231394  102.733360099999999
  24.255511819859098   90.929639699999996


# temperature  923.000000000000000
#   -0.146895953351326   11.910496990748133 -360.498555539208610 4831.481890572985321 -24126.890047951317683
  17.035421195840680   72.581596300000001
  18.122470597054591   78.465757900000000
  19.254807305049955   83.502620899999997
  20.433355550577456   87.147190399999999
  21.659039564387733   90.561400199999994
  22.932783577231394  102.786604499999996
  24.255511819859098   90.971881600000003


# temperature  924.000000000000000
#   -0.146952392294938   11.914988819214747 -360.632123858024556 4833.240837912338975 -24135.493839457049035
  17.035421195840680   72.633407099999999
  18.122470597054591   78.518044900000007
  19.254807305049955   83.555214100000001
  20.433355550577456   87.199957699999999
  21.659039564387733   90.614300900000003
  22.932783577231394  102.839793000000000
  24.255511819859098   91.014079199999998


# temperature  925.000000000000000
#   -0.147008768051713   11.919475599243013 -360.765541425322510 4834.997790637281469 -24144.087815358077933
  17.035421195840680   72.685166400000000
  18.122470597054591   78.570278999999999
  19.254807305049955   83.607753400000007
  20.433355550577456   87.252670600000002
  21.659039564387733   90.667146700000004
  22.932783577231394  102.892925700000006
  24.255511819859098   91.056232300000005


# temperature  926.000000000000000
#   -0.147065080696548   11.923957338138008 -360.898808487166889 4836.752752214119937 -24152.671992892286653
  17.035421195840680   72.736874400000005
  18.122470597054591   78.622460399999994
  19.254807305049955   83.660238899999996
  20.433355550577456   87.305329200000003
  21.659039564387733   90.719937799999997
  22.932783577231394  102.946002800000002
  24.255511819859098   91.098341300000001


# temperature  927.000000000000000
#   -0.147121326215799   11.928433700832882 -361.031914621992428 4838.505579526025940 -24161.245639860349911
  17.035421195840680   72.788531199999994
  18.122470597054591   78.674588900000003
  19.254807305049955   83.712670799999998
  20.433355550577456   87.357933599999996
  21.659039564387733   90.772674300000006
  22.932783577231394  102.999024300000002
  24.255511819859098   91.140406100000007


# temperature  928.000000000000000
#   -0.147177510595000   11.932905186862651 -361.164875379535488 4840.256486507923910 -24169.809853591013962
  17.035421195840680   72.840136799999996
  18.122470597054591   78.726664900000003
  19.254807305049955   83.765049200000007
  20.433355550577456   87.410483900000003
  21.659039564387733   90.825356200000002
  22.932783577231394  103.051990399999994
  24.255511819859098   91.182426800000002


# temperature  929.000000000000000
#   -0.147233631787641   11.937371619230996 -361.297685049212646 4842.005391753992626 -24178.364201651307667
  17.035421195840680   72.891691399999999
  18.122470597054591   78.778688399999993
  19.254807305049955   83.817374000000001
  20.433355550577456   87.462980099999996
  21.659039564387733   90.877983799999996
  22.932783577231394  103.104901200000000
  24.255511819859098   91.224403600000002


# temperature  930.000000000000000
#   -0.147289687870300   11.941832846469943 -361.430339210489990 4843.752238615253191 -24186.908414965815609
  17.035421195840680   72.943195099999997
  18.122470597054591   78.830659499999996
  19.254807305049955   83.869645599999998
  20.433355550577456   87.515422599999994
  21.659039564387733   90.930556999999993
  22.932783577231394  103.157756800000001
  24.255511819859098   91.266336499999994


# temperature  931.000000000000000
#   -0.147345680593675   11.946289009363637 -361.562842076421475 4845.497082709060123 -24195.442766879445117
  17.035421195840680   72.994647900000004
  18.122470597054591   78.882578300000006
  19.254807305049955   83.921863900000005
  20.433355550577456   87.567811199999994
  21.659039564387733   90.983076100000005
  22.932783577231394  103.210557199999997
  24.255511819859098   91.308225600000000


# temperature  932.000000000000000
#   -0.147401611441424   11.950740227077045 -361.695197215678888 4847.239971273435003 -24203.967490462448040
  17.035421195840680   73.046049999999994
  18.122470597054591   78.934444900000003
  19.254807305049955   83.974029099999996
  20.433355550577456   87.620146199999994
  21.659039564387733   91.035541100000003
  22.932783577231394  103.263302800000005
  24.255511819859098   91.350071000000000


# temperature  933.000000000000000
#   -0.147457479479436   11.955186428942360 -361.827402650571798 4848.980880053260080 -24212.482475729721045
  17.035421195840680   73.097401399999995
  18.122470597054591   78.986259500000003
  19.254807305049955   84.026141199999998
  20.433355550577456   87.672427600000006
  21.659039564387733   91.087952099999995
  22.932783577231394  103.315993399999996
  24.255511819859098   91.391872800000002


# temperature  934.000000000000000
#   -0.147513284413714   11.959627584551667 -361.959457259791634 4850.719791368182086 -24220.987621256259445
  17.035421195840680   73.148702200000002
  18.122470597054591   79.038021999999998
  19.254807305049955   84.078200400000000
  20.433355550577456   87.724655499999997
  21.659039564387733   91.140309299999998
  22.932783577231394  103.368629299999995
  24.255511819859098   91.433631099999999


# temperature  935.000000000000000
#   -0.147569025123609   11.964063603182213 -362.091358305298286 4852.456668686839294 -24229.482744974178786
  17.035421195840680   73.199952600000003
  18.122470597054591   79.089732600000005
  19.254807305049955   84.130206799999996
  20.433355550577456   87.776830200000006
  21.659039564387733   91.192612699999998
  22.932783577231394  103.421210599999995
  24.255511819859098   91.475346000000002


# temperature  936.000000000000000
#   -0.147624704634287   11.968494735582386 -362.223113537094548 4854.191617850646253 -24237.968385707616108
  17.035421195840680   73.251152599999998
  18.122470597054591   79.141391400000003
  19.254807305049955   84.182160499999995
  20.433355550577456   87.828951500000002
  21.659039564387733   91.244862400000002
  22.932783577231394  103.473737299999996
  24.255511819859098   91.517017499999994


# temperature  937.000000000000000
#   -0.147680321387148   11.972920853614296 -362.354719034755362 4855.924585975139053 -24246.444277942351619
  17.035421195840680   73.302302299999994
  18.122470597054591   79.192998599999996
  19.254807305049955   84.234061600000004
  20.433355550577456   87.881019800000004
  21.659039564387733   91.297058600000000
  22.932783577231394  103.526209600000001
  24.255511819859098   91.558645799999994


# temperature  938.000000000000000
#   -0.147735874927573   11.977341913233742 -362.486173233427110 4857.655548823778190 -24254.910283291541418
  17.035421195840680   73.353401899999994
  18.122470597054591   79.244554100000002
  19.254807305049955   84.285910200000004
  20.433355550577456   87.933035000000004
  21.659039564387733   91.349201399999998
  22.932783577231394  103.578627600000004
  24.255511819859098   91.600230900000000


# temperature  939.000000000000000
#   -0.147791367380378   11.981758097704859 -362.617482026985556 4859.384590147386007 -24263.366845195148926
  17.035421195840680   73.404451300000005
  18.122470597054591   79.296058200000004
  19.254807305049955   84.337706400000002
  20.433355550577456   87.984997300000003
  21.659039564387733   91.401290900000006
  22.932783577231394  103.630991399999999
  24.255511819859098   91.641773000000001


# temperature  940.000000000000000
#   -0.147846798749907   11.986169395952725 -362.748644711223903 4861.111695282020264 -24271.813862816823530
  17.035421195840680   73.455450799999994
  18.122470597054591   79.347510799999995
  19.254807305049955   84.389450199999999
  20.433355550577456   88.036906700000003
  21.659039564387733   91.453327099999996
  22.932783577231394  103.683301200000002
  24.255511819859098   91.683272000000002


# temperature  941.000000000000000
#   -0.147902166321924   11.990575597663375 -362.879655254082081 4862.836788417555908 -24280.250984157235507
  17.035421195840680   73.506400299999996
  18.122470597054591   79.398912199999998
  19.254807305049955   84.441141900000005
  20.433355550577456   88.088763499999999
  21.659039564387733   91.505310300000005
  22.932783577231394  103.735556900000006
  24.255511819859098   91.724728200000001


# temperature  942.000000000000000
#   -0.147957474669275   11.994977071277415 -363.010524708394598 4864.560015854056473 -24288.678930096208205
  17.035421195840680   73.557299999999998
  18.122470597054591   79.450262400000000
  19.254807305049955   84.492781500000007
  20.433355550577456   88.140567599999997
  21.659039564387733   91.557240399999998
  22.932783577231394  103.787758800000006
  24.255511819859098   91.766141500000003


# temperature  943.000000000000000
#   -0.148012719520336   11.999373463082238 -363.141242143893010 4866.281228232880494 -24297.096939148952515
  17.035421195840680   73.608150100000003
  18.122470597054591   79.501561400000000
  19.254807305049955   84.544369099999997
  20.433355550577456   88.192319200000000
  21.659039564387733   91.609117600000005
  22.932783577231394  103.839906999999997
  24.255511819859098   91.807512200000005


# temperature  944.000000000000000
#   -0.148067902138276   12.003764884339047 -363.271811229002481 4868.000479134852867 -24305.505303322919644
  17.035421195840680   73.658950399999995
  18.122470597054591   79.552809499999995
  19.254807305049955   84.595904800000000
  20.433355550577456   88.244018499999996
  21.659039564387733   91.660942100000000
  22.932783577231394  103.892001399999998
  24.255511819859098   91.848840199999998


# temperature  945.000000000000000
#   -0.148123024966035   12.008151526002200 -363.402237486657839 4869.717838532235874 -24313.904349779008044
  17.035421195840680   73.709701300000006
  18.122470597054591   79.604006600000005
  19.254807305049955   84.647388699999993
  20.433355550577456   88.295665400000004
  21.659039564387733   91.712713800000003
  22.932783577231394  103.944042400000001
  24.255511819859098   91.890125600000005


# temperature  946.000000000000000
#   -0.148178086819967   12.012533298895621 -363.532518448540770 4871.433276792536162 -24322.293948913451459
  17.035421195840680   73.760402700000000
  18.122470597054591   79.655152999999999
  19.254807305049955   84.698820900000001
  20.433355550577456   88.347260100000000
  21.659039564387733   91.764432999999997
  22.932783577231394  103.996029899999996
  24.255511819859098   91.931368599999999


# temperature  947.000000000000000
#   -0.148233086062929   12.016910063353572 -363.662649672645159 4873.146731505128628 -24330.673773864520626
  17.035421195840680   73.811054799999994
  18.122470597054591   79.706248599999995
  19.254807305049955   84.750201500000003
  20.433355550577456   88.398802799999999
  21.659039564387733   91.816099600000001
  22.932783577231394  104.047964100000002
  24.255511819859098   91.972569199999995


# temperature  948.000000000000000
#   -0.148288026794612   12.021282157218783 -363.792641547354549 4874.858343935391531 -24339.044541295810632
  17.035421195840680   73.861657600000001
  18.122470597054591   79.757293700000005
  19.254807305049955   84.801530600000007
  20.433355550577456   88.450293400000007
  21.659039564387733   91.867714000000007
  22.932783577231394  104.099845099999996
  24.255511819859098   92.013727500000002


# temperature  949.000000000000000
#   -0.148342904236766   12.025649190070014 -363.922482176269341 4876.567953865403069 -24347.405446418815700
  17.035421195840680   73.912211200000002
  18.122470597054591   79.808288200000007
  19.254807305049955   84.852808300000007
  20.433355550577456   88.501732200000006
  21.659039564387733   91.919275999999996
  22.932783577231394  104.151672899999994
  24.255511819859098   92.054843599999998


# temperature  950.000000000000000
#   -0.148397724460226   12.030011658921204 -364.052186735716077 4878.275766137745450 -24355.757520311413828
  17.035421195840680   73.962715700000004
  18.122470597054591   79.859232300000002
  19.254807305049955   84.904034800000005
  20.433355550577456   88.553119100000004
  21.659039564387733   91.970785800000002
  22.932783577231394  104.203447800000006
  24.255511819859098   92.095917499999999


# temperature  951.000000000000000
#   -0.148452480813700   12.034369012335436 -364.181738166415698 4879.981547401142052 -24364.099572197552334
  17.035421195840680   74.013171299999996
  18.122470597054591   79.910126000000005
  19.254807305049955   84.955209999999994
  20.433355550577456   88.604454399999995
  21.659039564387733   92.022243599999996
  22.932783577231394  104.255169800000004
  24.255511819859098   92.136949500000000


# temperature  952.000000000000000
#   -0.148507178467205   12.038721681473364 -364.311149892317985 4881.685482527991553 -24372.432551902318664
  17.035421195840680   74.063578000000007
  18.122470597054591   79.960969599999999
  19.254807305049955   85.006334199999998
  20.433355550577456   88.655738099999994
  21.659039564387733   92.073649500000002
  22.932783577231394  104.306838999999997
  24.255511819859098   92.177939499999994


# temperature  953.000000000000000
#   -0.148561815198289   12.043069483284347 -364.440416290733424 4883.387495203214712 -24380.756073327571357
  17.035421195840680   74.113935799999993
  18.122470597054591   80.011763000000002
  19.254807305049955   85.057407400000002
  20.433355550577456   88.706970400000003
  21.659039564387733   92.125003399999997
  22.932783577231394  104.358455500000005
  24.255511819859098   92.218887600000002


# temperature  954.000000000000000
#   -0.148616390821243   12.047412394194978 -364.569536372587777 4885.087568268942050 -24389.070030005332228
  17.035421195840680   74.164244999999994
  18.122470597054591   80.062506299999995
  19.254807305049955   85.108429700000002
  20.433355550577456   88.758151200000000
  21.659039564387733   92.176305700000000
  22.932783577231394  104.410019399999996
  24.255511819859098   92.259793900000005


# temperature  955.000000000000000
#   -0.148670908797185   12.051750710664722 -364.698519602134695 4886.785835162717376 -24397.375122756020573
  17.035421195840680   74.214505500000001
  18.122470597054591   80.113199800000004
  19.254807305049955   85.159401200000005
  20.433355550577456   88.809280799999996
  21.659039564387733   92.227556199999995
  22.932783577231394  104.461530900000000
  24.255511819859098   92.300658600000006


# temperature  956.000000000000000
#   -0.148725365886978   12.056084154732112 -364.827357095833861 4888.482170586113170 -24405.670693553060119
  17.035421195840680   74.264717500000003
  18.122470597054591   80.163843299999996
  19.254807305049955   85.210322000000005
  20.433355550577456   88.860359099999997
  21.659039564387733   92.278755200000006
  22.932783577231394  104.512990000000002
  24.255511819859098   92.341481599999995


# temperature  957.000000000000000
#   -0.148779763773864   12.060412871554140 -364.956053519482282 4890.176640770933773 -24413.957092468415794
  17.035421195840680   74.314881000000000
  18.122470597054591   80.214437200000006
  19.254807305049955   85.261192100000002
  20.433355550577456   88.911386399999998
  21.659039564387733   92.329902799999999
  22.932783577231394  104.564396799999997
  24.255511819859098   92.382263100000003


# temperature  958.000000000000000
#   -0.148834101972256   12.064736818113474 -365.084607461079088 4891.869225363635451 -24422.234210721115232
  17.035421195840680   74.364996099999999
  18.122470597054591   80.264981300000002
  19.254807305049955   85.312011799999993
  20.433355550577456   88.962362700000000
  21.659039564387733   92.380999000000003
  22.932783577231394  104.615751500000002
  24.255511819859098   92.423003100000003


# temperature  959.000000000000000
#   -0.148888379516626   12.069055917779737 -365.213016649029043 4893.559894523648836 -24430.501901438448840
  17.035421195840680   74.415063000000004
  18.122470597054591   80.315475899999996
  19.254807305049955   85.362781100000007
  20.433355550577456   89.013288200000005
  21.659039564387733   92.432043899999996
  22.932783577231394  104.667054100000001
  24.255511819859098   92.463701799999996


# temperature  960.000000000000000
#   -0.148942599940639   12.073370456861591 -365.341289730864673 4895.248763651025001 -24438.760738692642917
  17.035421195840680   74.465081799999993
  18.122470597054591   80.365921099999994
  19.254807305049955   85.413500099999993
  20.433355550577456   89.064162800000005
  21.659039564387733   92.483037699999997
  22.932783577231394  104.718304799999999
  24.255511819859098   92.504359199999996


# temperature  961.000000000000000
#   -0.148996758534441   12.077680049454457 -365.469414930282426 4896.935674155473862 -24447.009927318453265
  17.035421195840680   74.515052400000002
  18.122470597054591   80.416316800000004
  19.254807305049955   85.464168900000004
  20.433355550577456   89.114986799999997
  21.659039564387733   92.533980499999998
  22.932783577231394  104.769503599999993
  24.255511819859098   92.544975399999998


# temperature  962.000000000000000
#   -0.149050860402825   12.081985115904748 -365.597405150066493 4898.620800979178966 -24455.250351045873686
  17.035421195840680   74.564975000000004
  18.122470597054591   80.466663299999993
  19.254807305049955   85.514787600000005
  20.433355550577456   89.165760199999994
  21.659039564387733   92.584872300000001
  22.932783577231394  104.820650700000002
  24.255511819859098   92.585550400000002


# temperature  963.000000000000000
#   -0.149104902027857   12.086285367643590 -365.725251552320913 4900.304024363552344 -24463.481404093505262
  17.035421195840680   74.614849699999994
  18.122470597054591   80.516960600000004
  19.254807305049955   85.565356199999997
  20.433355550577456   89.216483100000005
  21.659039564387733   92.635713199999998
  22.932783577231394  104.871746099999996
  24.255511819859098   92.626084500000005


# temperature  964.000000000000000
#   -0.149158884062734   12.090580852535377 -365.852955435877732 4901.985359780839644 -24471.703154645707400
  17.035421195840680   74.664676600000007
  18.122470597054591   80.567208699999995
  19.254807305049955   85.615874899999994
  20.433355550577456   89.267155599999995
  21.659039564387733   92.686503400000007
  22.932783577231394  104.922790000000006
  24.255511819859098   92.666577599999997


# temperature  965.000000000000000
#   -0.149212809594685   12.094871829819605 -365.980524922456709 4903.664919716274198 -24479.916183568326232
  17.035421195840680   74.714455700000002
  18.122470597054591   80.617407900000003
  19.254807305049955   85.666343800000007
  20.433355550577456   89.317777800000002
  21.659039564387733   92.737243000000007
  22.932783577231394  104.973782499999999
  24.255511819859098   92.707029800000001


# temperature  966.000000000000000
#   -0.149266677533735   12.099158209439082 -366.107957227693305 4905.342665983019288 -24488.120294765452854
  17.035421195840680   74.764187199999995
  18.122470597054591   80.667558200000002
  19.254807305049955   85.716763000000000
  20.433355550577456   89.368349800000004
  21.659039564387733   92.787931900000004
  22.932783577231394  105.024723699999996
  24.255511819859098   92.747441199999997


# temperature  967.000000000000000
#   -0.149320484812027   12.103439734116963 -366.235244315023351 4907.018487797202397 -24496.314919672029646
  17.035421195840680   74.813871100000000
  18.122470597054591   80.717659600000005
  19.254807305049955   85.767132500000002
  20.433355550577456   89.418871699999997
  21.659039564387733   92.838570500000003
  22.932783577231394  105.075613599999997
  24.255511819859098   92.787811899999994


# temperature  968.000000000000000
#   -0.149374234719909   12.107716679664971 -366.362394803662710 4908.692504141526115 -24504.500670221568726
  17.035421195840680   74.863507499999997
  18.122470597054591   80.767712299999999
  19.254807305049955   85.817452500000002
  20.433355550577456   89.469343600000002
  21.659039564387733   92.889158699999996
  22.932783577231394  105.126452400000005
  24.255511819859098   92.828142000000000


# temperature  969.000000000000000
#   -0.149427926470122   12.111988981348327 -366.489406712285302 4910.364688252580891 -24512.677411644781387
  17.035421195840680   74.913096499999995
  18.122470597054591   80.817716399999995
  19.254807305049955   85.867723100000006
  20.433355550577456   89.519765599999999
  21.659039564387733   92.939696600000005
  22.932783577231394  105.177240100000006
  24.255511819859098   92.868431500000000


# temperature  970.000000000000000
#   -0.149481560491450   12.116256667976911 -366.616280719979670 4912.035046524229983 -24520.845162006844475
  17.035421195840680   74.962638200000001
  18.122470597054591   80.867671900000005
  19.254807305049955   85.917944300000002
  20.433355550577456   89.570137799999998
  21.659039564387733   92.990184400000004
  22.932783577231394  105.227976999999996
  24.255511819859098   92.908680599999997


# temperature  971.000000000000000
#   -0.149535136830037   12.120519746709888 -366.743017156227666 4913.703584957805106 -24529.003959324181778
  17.035421195840680   75.012132699999995
  18.122470597054591   80.917579000000003
  19.254807305049955   85.968116199999997
  20.433355550577456   89.620460300000005
  21.659039564387733   93.040622099999993
  22.932783577231394  105.278662999999995
  24.255511819859098   92.948889199999996


# temperature  972.000000000000000
#   -0.149588653276498   12.124778038570666 -366.869610610977475 4915.370231241900001 -24537.153442935486964
  17.035421195840680   75.061580100000000
  18.122470597054591   80.967437700000005
  19.254807305049955   86.018238999999994
  20.433355550577456   89.670733200000001
  21.659039564387733   93.091009799999995
  22.932783577231394  105.329298199999997
  24.255511819859098   92.989057599999995


# temperature  973.000000000000000
#   -0.149642114660491   12.129031935423328 -366.996072948915810 4917.035144279916494 -24545.294407171488274
  17.035421195840680   75.110980400000003
  18.122470597054591   81.017248100000003
  19.254807305049955   86.068312800000001
  20.433355550577456   89.720956500000000
  21.659039564387733   93.141347699999997
  22.932783577231394  105.379882899999998
  24.255511819859098   93.029185699999999


# temperature  974.000000000000000
#   -0.149695516988423   12.133281110963415 -367.122394213159737 4918.698189570955947 -24553.426173241179640
  17.035421195840680   75.160333800000004
  18.122470597054591   81.067010300000007
  19.254807305049955   86.118337499999996
  20.433355550577456   89.771130400000004
  21.659039564387733   93.191635700000006
  22.932783577231394  105.430417000000006
  24.255511819859098   93.069273699999997


# temperature  975.000000000000000
#   -0.149748863371694   12.137525822307364 -367.248582353129507 4920.359476106012153 -24561.549300067359582
  17.035421195840680   75.209640199999996
  18.122470597054591   81.116724500000004
  19.254807305049955   86.168313400000002
  20.433355550577456   89.821254999999994
  21.659039564387733   93.241874199999998
  22.932783577231394  105.480900700000007
  24.255511819859098   93.109321600000001


# temperature  976.000000000000000
#   -0.149802151222854   12.141765850861802 -367.374630462916173 4922.018907215570835 -24569.663281931439997
  17.035421195840680   75.258899900000003
  18.122470597054591   81.166390600000000
  19.254807305049955   86.218240399999999
  20.433355550577456   89.871330400000005
  21.659039564387733   93.292062999999999
  22.932783577231394  105.531334099999995
  24.255511819859098   93.149329499999993


# temperature  977.000000000000000
#   -0.149855381564963   12.146001289230945 -367.500541657438760 4923.676529046915675 -24577.768372749622358
  17.035421195840680   75.308112800000004
  18.122470597054591   81.216008799999997
  19.254807305049955   86.268118799999996
  20.433355550577456   89.921356599999996
  21.659039564387733   93.342202400000005
  22.932783577231394  105.581717200000000
  24.255511819859098   93.189297600000003


# temperature  978.000000000000000
#   -0.149908555615251   12.150232229712794 -367.626318523794566 4925.332373289869793 -24585.864715079682355
  17.035421195840680   75.357279199999994
  18.122470597054591   81.265579200000005
  19.254807305049955   86.317948599999994
  20.433355550577456   89.971333799999996
  21.659039564387733   93.392292299999994
  22.932783577231394  105.632050199999995
  24.255511819859098   93.229225700000001


# temperature  979.000000000000000
#   -0.149961673909057   12.154458719645170 -367.751962619339395 4926.986462571334414 -24593.952431453144527
  17.035421195840680   75.406398999999993
  18.122470597054591   81.315101900000002
  19.254807305049955   86.367729900000000
  20.433355550577456   90.021261999999993
  21.659039564387733   93.442333000000005
  22.932783577231394  105.682333200000002
  24.255511819859098   93.269114099999996


# temperature  980.000000000000000
#   -0.150014735563443   12.158680684542951 -367.877471596378143 4928.638764140456260 -24602.031351286357676
  17.035421195840680   75.455472299999997
  18.122470597054591   81.364576900000003
  19.254807305049955   86.417462700000002
  20.433355550577456   90.071141299999994
  21.659039564387733   93.492324499999995
  22.932783577231394  105.732566300000002
  24.255511819859098   93.308962899999997


# temperature  981.000000000000000
#   -0.150067739003375   12.162897994899366 -368.002841490310004 4930.289224410549650 -24610.101204465172486
  17.035421195840680   75.504499300000006
  18.122470597054591   81.414004300000002
  19.254807305049955   86.467147199999999
  20.433355550577456   90.120971900000001
  21.659039564387733   93.542266799999993
  22.932783577231394  105.782749499999994
  24.255511819859098   93.348771999999997


# temperature  982.000000000000000
#   -0.150120686498648   12.167110841059724 -368.128078259970323 4931.937925924696174 -24618.162417800675030
  17.035421195840680   75.553479899999999
  18.122470597054591   81.463384300000001
  19.254807305049955   86.516783500000003
  20.433355550577456   90.170753800000000
  21.659039564387733   93.592160199999995
  22.932783577231394  105.832882900000001
  24.255511819859098   93.388541599999996


# temperature  983.000000000000000
#   -0.150173577828916   12.171319198117580 -368.253180917754037 4933.584852061952006 -24626.214889902810683
  17.035421195840680   75.602414400000001
  18.122470597054591   81.512716900000001
  19.254807305049955   86.566371599999997
  20.433355550577456   90.220487199999994
  21.659039564387733   93.642004600000007
  22.932783577231394  105.882966800000005
  24.255511819859098   93.428271800000005


# temperature  984.000000000000000
#   -0.150226413908537   12.175523146520629 -368.378152105262018 4935.230041158622953 -24634.258828042649839
  17.035421195840680   75.651302700000002
  18.122470597054591   81.562002199999995
  19.254807305049955   86.615911699999998
  20.433355550577456   90.270172000000002
  21.659039564387733   93.691800200000003
  22.932783577231394  105.933001099999998
  24.255511819859098   93.467962600000007


# temperature  985.000000000000000
#   -0.150279191980745   12.179722455954499 -368.502984646335847 4936.873394392290720 -24642.293724640490836
  17.035421195840680   75.700145000000006
  18.122470597054591   81.611240300000006
  19.254807305049955   86.665403800000007
  20.433355550577456   90.319808499999994
  21.659039564387733   93.741547100000005
  22.932783577231394  105.982985900000003
  24.255511819859098   93.507614099999998


# temperature  986.000000000000000
#   -0.150331914236791   12.183917305236532 -368.627683978226116 4938.514984779825681 -24650.319945059647580
  17.035421195840680   75.748941400000007
  18.122470597054591   81.660431200000005
  19.254807305049955   86.714848099999998
  20.433355550577456   90.369396600000002
  21.659039564387733   93.791245399999994
  22.932783577231394  106.032921400000006
  24.255511819859098   93.547226400000000


# temperature  987.000000000000000
#   -0.150384582359913   12.188107839523596 -368.752254766725855 4940.154878552977607 -24658.337839471852931
  17.035421195840680   75.797691799999996
  18.122470597054591   81.709575200000003
  19.254807305049955   86.764244500000004
  20.433355550577456   90.418936500000001
  21.659039564387733   93.840895099999997
  22.932783577231394  106.082807599999995
  24.255511819859098   93.586799600000006


# temperature  988.000000000000000
#   -0.150437192808498   12.192293760792344 -368.876687663559721 4941.792946171267431 -24666.346738665513840
  17.035421195840680   75.846396499999997
  18.122470597054591   81.758672200000007
  19.254807305049955   86.813593299999994
  20.433355550577456   90.468428299999999
  21.659039564387733   93.890496400000004
  22.932783577231394  106.132644600000006
  24.255511819859098   93.626333700000004


# temperature  989.000000000000000
#   -0.150489747820407   12.196475253388204 -369.000988331705969 4943.429264532428533 -24674.347032088735432
  17.035421195840680   75.895055499999998
  18.122470597054591   81.807722299999995
  19.254807305049955   86.862894499999996
  20.433355550577456   90.517872100000005
  21.659039564387733   93.940049299999998
  22.932783577231394  106.182432599999999
  24.255511819859098   93.665828800000000


# temperature  990.000000000000000
#   -0.150542247602680   12.200652332883401 -369.125157207838299 4945.063839072508017 -24682.338745153963828
  17.035421195840680   75.943668799999998
  18.122470597054591   81.856725600000004
  19.254807305049955   86.912148099999996
  20.433355550577456   90.567267999999999
  21.659039564387733   93.989553999999998
  22.932783577231394  106.232171699999995
  24.255511819859098   93.705285000000003


# temperature  991.000000000000000
#   -0.150594692575152   12.204825040064680 -369.249195731366513 4946.696691744036798 -24690.322000197535090
  17.035421195840680   75.992236599999998
  18.122470597054591   81.905682299999995
  19.254807305049955   86.961354299999996
  20.433355550577456   90.616615999999993
  21.659039564387733   94.039010399999995
  22.932783577231394  106.281861800000001
  24.255511819859098   93.744702300000000


# temperature  992.000000000000000
#   -0.150647083404556   12.208993425239699 -369.373105310015831 4948.327839902596679 -24698.296876909607818
  17.035421195840680   76.040758900000000
  18.122470597054591   81.954592399999996
  19.254807305049955   87.010513200000005
  20.433355550577456   90.665916199999998
  21.659039564387733   94.088418799999999
  22.932783577231394  106.331503200000000
  24.255511819859098   93.784080900000006


# temperature  993.000000000000000
#   -0.150699415883525   12.213157138483428 -369.496875085975489 4949.957134591451904 -24706.262612931815966
  17.035421195840680   76.089235900000006
  18.122470597054591   82.003455900000006
  19.254807305049955   87.059624799999995
  20.433355550577456   90.715168800000001
  21.659039564387733   94.137779300000005
  22.932783577231394  106.381095900000005
  24.255511819859098   93.823420900000002


# temperature  994.000000000000000
#   -0.150751695274810   12.217316620112939 -369.620518808580073 4951.584765671246714 -24714.220186202444893
  17.035421195840680   76.137667500000006
  18.122470597054591   82.052273000000000
  19.254807305049955   87.108689299999995
  20.433355550577456   90.764373800000001
  21.659039564387733   94.187091800000005
  22.932783577231394  106.430639999999997
  24.255511819859098   93.862722199999993


# temperature  995.000000000000000
#   -0.150803918819260   12.221471640925044 -369.744029368325357 4953.210635560369155 -24722.169096622150391
  17.035421195840680   76.186053900000005
  18.122470597054591   82.101043799999999
  19.254807305049955   87.157706700000006
  20.433355550577456   90.813531299999994
  21.659039564387733   94.236356499999999
  22.932783577231394  106.480135500000003
  24.255511819859098   93.901984999999996


# temperature  996.000000000000000
#   -0.150856088318467   12.225622343109686 -369.867410944608082 4954.834798501862679 -24730.109606503156101
  17.035421195840680   76.234395199999994
  18.122470597054591   82.149768300000005
  19.254807305049955   87.206677099999993
  20.433355550577456   90.862641400000001
  21.659039564387733   94.285573499999998
  22.932783577231394  106.529582700000006
  24.255511819859098   93.941209299999997


# temperature  997.000000000000000
#   -0.150908204729992   12.229768813680142 -369.990666467536755 4956.457297834306701 -24738.041953332602134
  17.035421195840680   76.282691400000004
  18.122470597054591   82.198446700000005
  19.254807305049955   87.255600700000002
  20.433355550577456   90.911704200000003
  21.659039564387733   94.334742800000001
  22.932783577231394  106.578981600000006
  24.255511819859098   93.980395200000004


# temperature  998.000000000000000
#   -0.150960264182513   12.233910722364522 -370.113785432994632 4958.077986006451283 -24745.965364903415320
  17.035421195840680   76.330942699999994
  18.122470597054591   82.247078900000005
  19.254807305049955   87.304477399999996
  20.433355550577456   90.960719800000007
  21.659039564387733   94.383864700000004
  22.932783577231394  106.628332299999997
  24.255511819859098   94.019542799999996


# temperature  999.000000000000000
#   -0.151012269853338   12.238048343893428 -370.236776691101454 4959.696988854172560 -24753.880507241628948
  17.035421195840680   76.379148999999998
  18.122470597054591   82.295665200000002
  19.254807305049955   87.353307400000006
  20.433355550577456   91.009688299999993
  21.659039564387733   94.432939099999999
  22.932783577231394  106.677634800000007
  24.255511819859098   94.058652199999997


# temperature 1000.000000000000000
#   -0.151064221478920   12.242181646794757 -370.359638965742477 4961.314284754214896 -24761.787248740849464
  17.035421195840680   76.427310500000004
  18.122470597054591   82.344205500000001
  19.254807305049955   87.402090700000002
  20.433355550577456   91.058609700000005
  21.659039564387733   94.481966099999994
  22.932783577231394  106.726889299999996
  24.255511819859098   94.097723400000007


# temperature 1001.000000000000000
#   -0.151116118174173   12.246310562955060 -370.482370314179150 4962.929849377883329 -24769.685476439222839
  17.035421195840680   76.475427300000007
  18.122470597054591   82.392700000000005
  19.254807305049955   87.450827500000003
  20.433355550577456   91.107484099999994
  21.659039564387733   94.530945900000006
  22.932783577231394  106.776095799999993
  24.255511819859098   94.136756599999998


# temperature 1002.000000000000000
#   -0.151167960258905   12.250435114250942 -370.604971278535345 4964.543688429548638 -24777.575211322906398
  17.035421195840680   76.523499500000000
  18.122470597054591   82.441148699999999
  19.254807305049955   87.499517900000001
  20.433355550577456   91.156311700000003
  21.659039564387733   94.579878500000007
  22.932783577231394  106.825254500000000
  24.255511819859098   94.175751700000006


# temperature 1003.000000000000000
#   -0.151219749986941   12.254555488027847 -370.727447669719709 4966.155881629650139 -24785.456861571685295
  17.035421195840680   76.571527000000003
  18.122470597054591   82.489551700000007
  19.254807305049955   87.548161899999997
  20.433355550577456   91.205092500000006
  21.659039564387733   94.628764000000004
  22.932783577231394  106.874365499999996
  24.255511819859098   94.214708799999997


# temperature 1004.000000000000000
#   -0.151271485164135   12.258671506542679 -370.849794115195948 4967.766357142387278 -24793.330068427902006
  17.035421195840680   76.619510000000005
  18.122470597054591   82.537909200000001
  19.254807305049955   87.596759599999999
  20.433355550577456   91.253826700000005
  21.659039564387733   94.677602500000006
  22.932783577231394  106.923428799999996
  24.255511819859098   94.253628100000000


# temperature 1005.000000000000000
#   -0.151323166564486   12.262783226863972 -370.972012151051729 4969.375132726460834 -24801.194905389656924
  17.035421195840680   76.667448699999994
  18.122470597054591   82.586221199999997
  19.254807305049955   87.645311000000007
  20.433355550577456   91.302514200000005
  21.659039564387733   94.726394099999993
  22.932783577231394  106.972444499999995
  24.255511819859098   94.292509600000002


# temperature 1006.000000000000000
#   -0.151374793700964   12.266890615975063 -371.094101004779191 4970.982201511196763 -24809.051357606615056
  17.035421195840680   76.715342899999996
  18.122470597054591   82.634487699999994
  19.254807305049955   87.693816400000003
  20.433355550577456   91.351155199999994
  21.659039564387733   94.775138900000002
  22.932783577231394  107.021412699999999
  24.255511819859098   94.331353399999998


# temperature 1007.000000000000000
#   -0.151426367739394   12.270993764731239 -371.216063295193123 4972.587596501004555 -24816.899577894597314
  17.035421195840680   76.763193000000001
  18.122470597054591   82.682709000000003
  19.254807305049955   87.742275800000002
  20.433355550577456   91.399749799999995
  21.659039564387733   94.823836999999997
  22.932783577231394  107.070333500000004
  24.255511819859098   94.370159500000000


# temperature 1008.000000000000000
#   -0.151477888161602   12.275092628930027 -371.337897619527155 4974.191298118280429 -24824.739465149865282
  17.035421195840680   76.810998799999993
  18.122470597054591   82.730884900000007
  19.254807305049955   87.790689099999994
  20.433355550577456   91.448297999999994
  21.659039564387733   94.872488399999995
  22.932783577231394  107.119207000000003
  24.255511819859098   94.408928000000003


# temperature 1009.000000000000000
#   -0.151529356619159   12.279187351126005 -371.459608561886625 4975.793371416983064 -24832.571362740796758
  17.035421195840680   76.858760500000002
  18.122470597054591   82.779015700000002
  19.254807305049955   87.839056700000000
  20.433355550577456   91.496799999999993
  21.659039564387733   94.921093200000001
  22.932783577231394  107.168033399999999
  24.255511819859098   94.447659099999996


# temperature 1010.000000000000000
#   -0.151580768592875   12.283277552665094 -371.581184293638046 4977.393653131798601 -24840.394430595428275
  17.035421195840680   76.906478199999995
  18.122470597054591   82.827101400000004
  19.254807305049955   87.887378400000003
  20.433355550577456   91.545255900000001
  21.659039564387733   94.969651600000006
  22.932783577231394  107.216812500000003
  24.255511819859098   94.486352699999998


# temperature 1011.000000000000000
#   -0.151632131064489   12.287363810378459 -371.702642589795403 4978.992385382837710 -24848.209898687742680
  17.035421195840680   76.954151899999999
  18.122470597054591   82.875142100000005
  19.254807305049955   87.935654499999998
  20.433355550577456   91.593665599999994
  21.659039564387733   95.018163599999994
  22.932783577231394  107.265544700000007
  24.255511819859098   94.525008900000003


# temperature 1012.000000000000000
#   -0.151683438533537   12.291445667711164 -371.823969310672453 4980.589374528844928 -24856.016777594664745
  17.035421195840680   77.001781800000003
  18.122470597054591   82.923137800000006
  19.254807305049955   87.983884900000007
  20.433355550577456   91.642029300000004
  21.659039564387733   95.066629300000002
  22.932783577231394  107.314229900000001
  24.255511819859098   94.563627800000006


# temperature 1013.000000000000000
#   -0.151734693664240   12.295523349413491 -371.945171539647561 4982.184719405092437 -24863.815582217368501
  17.035421195840680   77.049367799999999
  18.122470597054591   82.971088699999996
  19.254807305049955   88.032069800000002
  20.433355550577456   91.690347200000005
  21.659039564387733   95.115048799999997
  22.932783577231394  107.362868300000002
  24.255511819859098   94.602209500000001


# temperature 1014.000000000000000
#   -0.151785895335758   12.299596761170301 -372.066246306074845 4983.778378479093590 -24871.606094953087450
  17.035421195840680   77.096910199999996
  18.122470597054591   83.018994899999996
  19.254807305049955   88.080209300000007
  20.433355550577456   91.738619200000002
  21.659039564387733   95.163422199999999
  22.932783577231394  107.411459800000003
  24.255511819859098   94.640754000000001


# temperature 1015.000000000000000
#   -0.151837045585202   12.303666066112864 -372.187198478959942 4985.370416016378840 -24879.388632613743539
  17.035421195840680   77.144408900000002
  18.122470597054591   83.066856299999998
  19.254807305049955   88.128303399999993
  20.433355550577456   91.786845400000004
  21.659039564387733   95.211749600000005
  22.932783577231394  107.460004799999993
  24.255511819859098   94.679261499999996


# temperature 1016.000000000000000
#   -0.151888143746074   12.307731219193494 -372.308026988864356 4986.960821842500081 -24887.163165549522091
  17.035421195840680   77.191863999999995
  18.122470597054591   83.114673199999999
  19.254807305049955   88.176352300000005
  20.433355550577456   91.835025999999999
  21.659039564387733   95.260030900000004
  22.932783577231394  107.508503099999999
  24.255511819859098   94.717731900000004


# temperature 1017.000000000000000
#   -0.151939188043379   12.311792064504774 -372.428726742796869 4988.549522676739798 -24894.929302018517774
  17.035421195840680   77.239275599999999
  18.122470597054591   83.162445500000004
  19.254807305049955   88.224356000000000
  20.433355550577456   91.883161000000001
  21.659039564387733   95.308266500000002
  22.932783577231394  107.556954899999994
  24.255511819859098   94.756165400000000


# temperature 1018.000000000000000
#   -0.151990179165309   12.315848661599524 -372.549299648320130 4990.136545310468136 -24902.687181095319829
  17.035421195840680   77.286643900000001
  18.122470597054591   83.210173400000002
  19.254807305049955   88.272314499999993
  20.433355550577456   91.931250599999998
  21.659039564387733   95.356456199999997
  22.932783577231394  107.605360300000001
  24.255511819859098   94.794562099999993


# temperature 1019.000000000000000
#   -0.152041120050306   12.319901251650283 -372.669753109084127 4991.721990521868975 -24910.437316031715454
  17.035421195840680   77.333968700000000
  18.122470597054591   83.257856899999993
  19.254807305049955   88.320228000000000
  20.433355550577456   91.979294699999997
  21.659039564387733   95.404600299999998
  22.932783577231394  107.653719400000000
  24.255511819859098   94.832921900000002


# temperature 1020.000000000000000
#   -0.152092006815162   12.323949515768561 -372.790077340323194 4993.305725319356497 -24918.179030991614127
  17.035421195840680   77.381250399999999
  18.122470597054591   83.305496099999999
  19.254807305049955   88.368096600000001
  20.433355550577456   92.027293499999999
  21.659039564387733   95.452698699999999
  22.932783577231394  107.702032200000005
  24.255511819859098   94.871245000000002


# temperature 1021.000000000000000
#   -0.152142843877180   12.327993818377237 -372.910283571803632 4994.887902914587357 -24925.913106839947432
  17.035421195840680   77.428488799999997
  18.122470597054591   83.353091199999994
  19.254807305049955   88.415920299999996
  20.433355550577456   92.075247099999999
  21.659039564387733   95.500751600000001
  22.932783577231394  107.750298900000004
  24.255511819859098   94.909531400000006


# temperature 1022.000000000000000
#   -0.152193629235698   12.332033991331423 -373.030366528947241 4996.468450130537349 -24933.639164737880492
  17.035421195840680   77.475684099999995
  18.122470597054591   83.400642099999999
  19.254807305049955   88.463699300000002
  20.433355550577456   92.123155499999996
  21.659039564387733   95.548759099999998
  22.932783577231394  107.798519600000006
  24.255511819859098   94.947781199999994


# temperature 1023.000000000000000
#   -0.152244359609999   12.336069765793567 -373.150317992080943 4998.047255823269552 -24941.356643801227619
  17.035421195840680   77.522836400000003
  18.122470597054591   83.448148900000007
  19.254807305049955   88.511433499999995
  20.433355550577456   92.171018900000007
  21.659039564387733   95.596721200000005
  22.932783577231394  107.846694200000002
  24.255511819859098   94.985994500000004


# temperature 1024.000000000000000
#   -0.152295039509419   12.340101511713918 -373.270149281818306 4999.624473131946615 -24949.066316599131824
  17.035421195840680   77.569945799999999
  18.122470597054591   83.495611800000006
  19.254807305049955   88.559123099999994
  20.433355550577456   92.218837300000004
  21.659039564387733   95.644638099999995
  22.932783577231394  107.894823000000002
  24.255511819859098   95.024171400000000


# temperature 1025.000000000000000
#   -0.152345669925088   12.344129315697032 -373.389863217227628 5001.200142558599509 -24956.768399785229121
  17.035421195840680   77.617012200000005
  18.122470597054591   83.543030799999997
  19.254807305049955   88.606768200000005
  20.433355550577456   92.266610700000001
  21.659039564387733   95.692509700000002
  22.932783577231394  107.942905999999994
  24.255511819859098   95.062311899999997


# temperature 1026.000000000000000
#   -0.152396245976167   12.348152769461382 -373.509447068503846 5002.774088770895105 -24964.461993055007042
  17.035421195840680   77.664035900000002
  18.122470597054591   83.590406000000002
  19.254807305049955   88.654368899999994
  20.433355550577456   92.314339399999994
  21.659039564387733   95.740336299999996
  22.932783577231394  107.990943200000004
  24.255511819859098   95.100415999999996


# temperature 1027.000000000000000
#   -0.152446772512585   12.352172275362731 -373.628913273482851 5004.346481575406870 -24972.147960400034208
  17.035421195840680   77.711016799999996
  18.122470597054591   83.637737500000000
  19.254807305049955   88.701925099999997
  20.433355550577456   92.362023300000004
  21.659039564387733   95.788117799999995
  22.932783577231394  108.038934800000007
  24.255511819859098   95.138483899999997


# temperature 1028.000000000000000
#   -0.152497248434967   12.356187741629792 -373.748258986547512 5005.917282127704311 -24979.826104715593829
  17.035421195840680   77.757954999999995
  18.122470597054591   83.685025300000007
  19.254807305049955   88.749437099999994
  20.433355550577456   92.409662499999996
  21.659039564387733   95.835854400000002
  22.932783577231394  108.086880899999997
  24.255511819859098   95.176515600000002


# temperature 1029.000000000000000
#   -0.152547672024093   12.360199026488489 -373.867479843731019 5007.486430987181848 -24987.496123525736039
  17.035421195840680   77.804850700000003
  18.122470597054591   83.732269599999995
  19.254807305049955   88.796904900000001
  20.433355550577456   92.457257200000001
  21.659039564387733   95.883546199999998
  22.932783577231394  108.134781500000003
  24.255511819859098   95.214511200000004


# temperature 1030.000000000000000
#   -0.152598044289206   12.364206213171775 -373.986578407077957 5009.053963056445355 -24995.158194494029885
  17.035421195840680   77.851703799999996
  18.122470597054591   83.779470300000000
  19.254807305049955   88.844328500000003
  20.433355550577456   92.504807400000004
  21.659039564387733   95.931193100000002
  22.932783577231394  108.182636700000003
  24.255511819859098   95.252470700000003


# temperature 1031.000000000000000
#   -0.152648365891261   12.368209357666704 -374.105556443568389 5010.619902947205446 -25002.812445010229567
  17.035421195840680   77.898514500000005
  18.122470597054591   83.826627700000003
  19.254807305049955   88.891708100000002
  20.433355550577456   92.552313200000000
  21.659039564387733   95.978795399999996
  22.932783577231394  108.230446599999993
  24.255511819859098   95.290394300000003


# temperature 1032.000000000000000
#   -0.152698636755126   12.372208447408067 -374.224413368845660 5012.184240011943075 -25010.458807395665644
  17.035421195840680   77.945282899999995
  18.122470597054591   83.873741699999997
  19.254807305049955   88.939043699999999
  20.433355550577456   92.599774600000003
  21.659039564387733   96.026353099999994
  22.932783577231394  108.278211299999995
  24.255511819859098   95.328281899999993


# temperature 1033.000000000000000
#   -0.152748856894059   12.376203490062279 -374.343149628153469 5013.746983255448868 -25018.097342722070607
  17.035421195840680   77.992008900000002
  18.122470597054591   83.920812400000003
  19.254807305049955   88.986335400000002
  20.433355550577456   92.647191800000002
  21.659039564387733   96.073866199999998
  22.932783577231394  108.325930900000003
  24.255511819859098   95.366133700000006


# temperature 1034.000000000000000
#   -0.152799027538875   12.380194582038499 -374.461768023173192 5015.308168431040940 -25025.728219659198658
  17.035421195840680   78.038692800000007
  18.122470597054591   83.967839999999995
  19.254807305049955   89.033583300000004
  20.433355550577456   92.694564799999995
  21.659039564387733   96.121334899999994
  22.932783577231394  108.373605499999996
  24.255511819859098   95.403949699999998


# temperature 1035.000000000000000
#   -0.152849146121951   12.384181513695424 -374.580262179909312 5016.867710038987752 -25033.351011382324941
  17.035421195840680   78.085334500000002
  18.122470597054591   84.014824399999995
  19.254807305049955   89.080787500000000
  20.433355550577456   92.741893700000006
  21.659039564387733   96.168759300000005
  22.932783577231394  108.421235100000004
  24.255511819859098   95.441730000000007


# temperature 1036.000000000000000
#   -0.152899214625087   12.388164451252457 -374.698637289732005 5018.425679614803812 -25040.966084704876266
  17.035421195840680   78.131934099999995
  18.122470597054591   84.061765800000003
  19.254807305049955   89.127948000000004
  20.433355550577456   92.789178600000000
  21.659039564387733   96.216139299999995
  22.932783577231394  108.468819800000006
  24.255511819859098   95.479474699999997


# temperature 1037.000000000000000
#   -0.152949232834506   12.392143371088906 -374.816892451709691 5019.982062702592884 -25048.573355959331820
  17.035421195840680   78.178491699999995
  18.122470597054591   84.108664200000007
  19.254807305049955   89.175065000000004
  20.433355550577456   92.836419599999999
  21.659039564387733   96.263475200000002
  22.932783577231394  108.516359800000004
  24.255511819859098   95.517183799999998


# temperature 1038.000000000000000
#   -0.152999200161269   12.396118229127662 -374.935026439458682 5021.536844231887699 -25056.172755887047970
  17.035421195840680   78.225007399999996
  18.122470597054591   84.155519799999993
  19.254807305049955   89.222138400000006
  20.433355550577456   92.883616799999999
  21.659039564387733   96.310766900000004
  22.932783577231394  108.563855000000004
  24.255511819859098   95.554857400000003


# temperature 1039.000000000000000
#   -0.153049117839307   12.400089122433089 -375.053042098418416 5023.090061062251152 -25063.764462505103438
  17.035421195840680   78.271481300000005
  18.122470597054591   84.202332600000005
  19.254807305049955   89.269168399999998
  20.433355550577456   92.930770199999998
  21.659039564387733   96.358014600000004
  22.932783577231394  108.611305599999994
  24.255511819859098   95.592495499999998


# temperature 1040.000000000000000
#   -0.153098986294743   12.404056086149550 -375.170940510686364 5024.641727949859160 -25071.348551025246707
  17.035421195840680   78.317913399999995
  18.122470597054591   84.249102600000001
  19.254807305049955   89.316155100000003
  20.433355550577456   92.977879799999997
  21.659039564387733   96.405218399999995
  22.932783577231394  108.658711699999998
  24.255511819859098   95.630098200000006


# temperature 1041.000000000000000
#   -0.153148803837070   12.408018989132239 -375.288717903522866 5026.191797221758861 -25078.924798199444922
  17.035421195840680   78.364303699999994
  18.122470597054591   84.295829999999995
  19.254807305049955   89.363098600000001
  20.433355550577456   93.024945900000006
  21.659039564387733   96.452378300000007
  22.932783577231394  108.706073300000000
  24.255511819859098   95.667665700000001


# temperature 1042.000000000000000
#   -0.153198572189633   12.411977960350828 -375.406377828215511 5027.740311367307186 -25086.493389414463309
  17.035421195840680   78.410652499999998
  18.122470597054591   84.342514800000004
  19.254807305049955   89.409998799999997
  20.433355550577456   93.071968499999997
  21.659039564387733   96.499494299999995
  22.932783577231394  108.753390600000003
  24.255511819859098   95.705197799999993


# temperature 1043.000000000000000
#   -0.153248291018137   12.415932981992277 -375.523920045356988 5029.287271447456988 -25094.054352495768399
  17.035421195840680   78.456959600000005
  18.122470597054591   84.389157100000006
  19.254807305049955   89.456855899999994
  20.433355550577456   93.118947500000004
  21.659039564387733   96.546566700000000
  22.932783577231394  108.800663499999999
  24.255511819859098   95.742694799999995


# temperature 1044.000000000000000
#   -0.153297959709917   12.419883998857188 -375.641342712497135 5030.832650429751084 -25101.607540048687952
  17.035421195840680   78.503225299999997
  18.122470597054591   84.435756999999995
  19.254807305049955   89.503670000000000
  20.433355550577456   93.165883300000004
  21.659039564387733   96.593595399999998
  22.932783577231394  108.847892299999998
  24.255511819859098   95.780156700000006


# temperature 1045.000000000000000
#   -0.153347578990917   12.423831072486506 -375.758647779483283 5032.376475674805988 -25109.153095516798203
  17.035421195840680   78.549449499999994
  18.122470597054591   84.482314500000001
  19.254807305049955   89.550441199999995
  20.433355550577456   93.212775699999995
  21.659039564387733   96.640580600000007
  22.932783577231394  108.895076900000007
  24.255511819859098   95.817583499999998


# temperature 1046.000000000000000
#   -0.153397150073793   12.427774300993187 -375.875838199333487 5033.918786355272459 -25116.691211954039318
  17.035421195840680   78.595632400000000
  18.122470597054591   84.528829799999997
  19.254807305049955   89.597169500000007
  20.433355550577456   93.259624900000006
  21.659039564387733   96.687522299999998
  22.932783577231394  108.942217499999998
  24.255511819859098   95.854975300000007


# temperature 1047.000000000000000
#   -0.153446670625004   12.431713490281453 -375.992907942700185 5035.459499585964295 -25124.221463997986575
  17.035421195840680   78.641774100000006
  18.122470597054591   84.575302800000003
  19.254807305049955   89.643854899999994
  20.433355550577456   93.306430899999995
  21.659039564387733   96.734420499999999
  22.932783577231394  108.989314100000001
  24.255511819859098   95.892332199999998


# temperature 1048.000000000000000
#   -0.153496140222289   12.435648611159095 -376.109856311471503 5036.998608957832403 -25131.743836399404245
  17.035421195840680   78.687874500000007
  18.122470597054591   84.621733699999993
  19.254807305049955   89.690497699999995
  20.433355550577456   93.353194000000002
  21.659039564387733   96.781275500000007
  22.932783577231394  109.036366799999996
  24.255511819859098   95.929654299999996


# temperature 1049.000000000000000
#   -0.153545563782029   12.439580065065973 -376.226695516684515 5038.536278437474721 -25139.259149161196547
  17.035421195840680   78.733933699999994
  18.122470597054591   84.668122600000004
  19.254807305049955   89.737097800000001
  20.433355550577456   93.399913999999995
  21.659039564387733   96.828087199999999
  22.932783577231394  109.083375700000005
  24.255511819859098   95.966941500000004


# temperature 1050.000000000000000
#   -0.153594937538433   12.443507540184102 -376.343415928604429 5040.072376587131657 -25146.766733192827814
  17.035421195840680   78.779951900000000
  18.122470597054591   84.714469500000007
  19.254807305049955   89.783655400000001
  20.433355550577456   93.446591100000006
  21.659039564387733   96.874855800000006
  22.932783577231394  109.130340899999993
  24.255511819859098   96.004193999999998


# temperature 1051.000000000000000
#   -0.153644260936132   12.447430992027703 -376.460016209810135 5041.606885499814780 -25154.266498302189575
  17.035421195840680   78.825929200000004
  18.122470597054591   84.760774499999997
  19.254807305049955   89.830170400000000
  20.433355550577456   93.493225400000000
  21.659039564387733   96.921581200000006
  22.932783577231394  109.177262400000004
  24.255511819859098   96.041411900000000


# temperature 1052.000000000000000
#   -0.153693536521011   12.451350626216181 -376.576502570813659 5043.139888360967234 -25161.758861495713063
  17.035421195840680   78.871865499999998
  18.122470597054591   84.807037600000001
  19.254807305049955   89.876643000000001
  20.433355550577456   93.539816900000005
  21.659039564387733   96.968263699999994
  22.932783577231394  109.224140399999996
  24.255511819859098   96.078595100000001


# temperature 1053.000000000000000
#   -0.153742763451188   12.455266381201499 -376.692873357378062 5044.671365844092179 -25169.243740127254569
  17.035421195840680   78.917760900000005
  18.122470597054591   84.853258999999994
  19.254807305049955   89.923073299999999
  20.433355550577456   93.586365799999996
  21.659039564387733   97.014903200000006
  22.932783577231394  109.270974899999999
  24.255511819859098   96.115743800000004


# temperature 1054.000000000000000
#   -0.153791942723155   12.459178332587138 -376.809130688244863 5046.201343906755028 -25176.721251263577869
  17.035421195840680   78.963615500000003
  18.122470597054591   84.899438700000005
  19.254807305049955   89.969461300000006
  20.433355550577456   93.632872000000006
  21.659039564387733   97.061499900000001
  22.932783577231394  109.317766000000006
  24.255511819859098   96.152857999999995


# temperature 1055.000000000000000
#   -0.153841070710001   12.463086184870750 -376.925265588546779 5047.729702100777104 -25184.190791943819931
  17.035421195840680   79.009429499999996
  18.122470597054591   84.945576799999998
  19.254807305049955   90.015807199999998
  20.433355550577456   93.679335800000004
  21.659039564387733   97.108053799999993
  22.932783577231394  109.364513700000003
  24.255511819859098   96.189937799999996


# temperature 1056.000000000000000
#   -0.153890151353866   12.466990261246179 -377.041287941193104 5049.256574061488209 -25191.653036610918207
  17.035421195840680   79.055202699999995
  18.122470597054591   84.991673300000002
  19.254807305049955   90.062110899999993
  20.433355550577456   93.725757099999996
  21.659039564387733   97.154565000000005
  22.932783577231394  109.411218199999993
  24.255511819859098   96.226983300000001


# temperature 1057.000000000000000
#   -0.153939185681420   12.470890641476208 -377.157200046480114 5050.781988925134101 -25199.108121616729477
  17.035421195840680   79.100935399999997
  18.122470597054591   85.037728400000006
  19.254807305049955   90.108372500000002
  20.433355550577456   93.772136000000003
  21.659039564387733   97.201033600000002
  22.932783577231394  109.457879599999998
  24.255511819859098   96.263994400000001


# temperature 1058.000000000000000
#   -0.153988169903670   12.474787022892341 -377.272992895673553 5052.305828276399552 -25206.555466881774919
  17.035421195840680   79.146627600000002
  18.122470597054591   85.083742099999995
  19.254807305049955   90.154592199999996
  20.433355550577456   93.818472600000007
  21.659039564387733   97.247459599999999
  22.932783577231394  109.504497799999996
  24.255511819859098   96.300971399999995


# temperature 1059.000000000000000
#   -0.154037106410927   12.478679590032105 -377.388671786080067 5053.828159141453398 -25213.995387823586498
  17.035421195840680   79.192279400000004
  18.122470597054591   85.129714399999997
  19.254807305049955   90.200770000000006
  20.433355550577456   93.864767000000001
  21.659039564387733   97.293843199999998
  22.932783577231394  109.551073099999996
  24.255511819859098   96.337914100000006


# temperature 1060.000000000000000
#   -0.154085993886890   12.482568245415370 -377.504234056833241 5055.348949858343076 -25221.427746189194295
  17.035421195840680   79.237890800000002
  18.122470597054591   85.175645500000002
  19.254807305049955   90.246905999999996
  20.433355550577456   93.911019300000007
  21.659039564387733   97.340184399999998
  22.932783577231394  109.597605400000006
  24.255511819859098   96.374822800000004


# temperature 1061.000000000000000
#   -0.154134834760028   12.486453187590840 -377.619685763407062 5056.868282058601835 -25228.852952239099977
  17.035421195840680   79.283461900000006
  18.122470597054591   85.221535500000002
  19.254807305049955   90.293000300000003
  20.433355550577456   93.957229499999997
  21.659039564387733   97.386483200000001
  22.932783577231394  109.644094800000005
  24.255511819859098   96.411697399999994


# temperature 1062.000000000000000
#   -0.154183627144448   12.490334253198251 -377.735021638756507 5058.386080892505561 -25236.270610601961380
  17.035421195840680   79.328992700000001
  18.122470597054591   85.267384300000003
  19.254807305049955   90.339052800000005
  20.433355550577456   94.003397699999994
  21.659039564387733   97.432739900000001
  22.932783577231394  109.690541499999995
  24.255511819859098   96.448538099999993


# temperature 1063.000000000000000
#   -0.154232372548941   12.494211573007599 -377.850245902772201 5059.902406379904278 -25243.681038360107777
  17.035421195840680   79.374483400000003
  18.122470597054591   85.313192099999995
  19.254807305049955   90.385063799999998
  20.433355550577456   94.049524000000005
  21.659039564387733   97.478954299999998
  22.932783577231394  109.736945500000004
  24.255511819859098   96.485344799999993


# temperature 1064.000000000000000
#   -0.154281070140615   12.498085075161892 -377.965356246588101 5061.417225815805068 -25251.084063302605500
  17.035421195840680   79.419933999999998
  18.122470597054591   85.358958900000005
  19.254807305049955   90.431033299999996
  20.433355550577456   94.095608400000003
  21.659039564387733   97.525126700000001
  22.932783577231394  109.783306899999999
  24.255511819859098   96.522117699999995


# temperature 1065.000000000000000
#   -0.154329718798820   12.501954668938268 -378.080349932160289 5062.930502668784357 -25258.479503461181594
  17.035421195840680   79.465344599999995
  18.122470597054591   85.404684799999998
  19.254807305049955   90.476961299999999
  20.433355550577456   94.141651100000004
  21.659039564387733   97.571257000000003
  22.932783577231394  109.829625699999994
  24.255511819859098   96.558856800000001


# temperature 1066.000000000000000
#   -0.154378322246146   12.505820659589336 -378.195236300723082 5064.442363374426350 -25265.867997410801763
  17.035421195840680   79.510715200000007
  18.122470597054591   85.450370000000007
  19.254807305049955   90.522847900000002
  20.433355550577456   94.187652000000000
  21.659039564387733   97.617345499999999
  22.932783577231394  109.875901999999996
  24.255511819859098   96.595562099999995


# temperature 1067.000000000000000
#   -0.154426876525171   12.509682721019846 -378.310005326161559 5065.952671641644883 -25273.248854098692391
  17.035421195840680   79.556045900000001
  18.122470597054591   85.496014299999999
  19.254807305049955   90.568693199999998
  20.433355550577456   94.233611400000001
  21.659039564387733   97.663392000000002
  22.932783577231394  109.922135999999995
  24.255511819859098   96.632233799999995


# temperature 1068.000000000000000
#   -0.154475384725833   12.513541107802704 -378.424664832876601 5067.461533773504016 -25280.622611950198916
  17.035421195840680   79.601336799999999
  18.122470597054591   85.541618000000000
  19.254807305049955   90.614497299999996
  20.433355550577456   94.279529199999999
  21.659039564387733   97.709396799999993
  22.932783577231394  109.968327700000003
  24.255511819859098   96.668871899999999


# temperature 1069.000000000000000
#   -0.154523846153606   12.517395764359614 -378.539213164928697 5068.968927994856131 -25287.989164309277839
  17.035421195840680   79.646587900000000
  18.122470597054591   85.587181099999995
  19.254807305049955   90.660260199999996
  20.433355550577456   94.325405500000002
  21.659039564387733   97.755359799999994
  22.932783577231394  110.014477099999993
  24.255511819859098   96.705476399999995


# temperature 1070.000000000000000
#   -0.154572257027247   12.521246375909787 -378.653640546601025 5070.474720105095912 -25295.347824029067851
  17.035421195840680   79.691799399999994
  18.122470597054591   85.632703599999999
  19.254807305049955   90.705982000000006
  20.433355550577456   94.371240499999999
  21.659039564387733   97.801281200000005
  22.932783577231394  110.060584300000002
  24.255511819859098   96.742047499999998


# temperature 1071.000000000000000
#   -0.154620622945557   12.525093402423721 -378.767961080931173 5071.979101370473472 -25302.699559199711075
  17.035421195840680   79.736971199999999
  18.122470597054591   85.678185600000006
  19.254807305049955   90.751662800000005
  20.433355550577456   94.417034099999995
  21.659039564387733   97.847161099999994
  22.932783577231394  110.106649500000003
  24.255511819859098   96.778585100000001


# temperature 1072.000000000000000
#   -0.154668944137767   12.528936870485019 -378.882175814836103 5073.482089009781703 -25310.044471345419879
  17.035421195840680   79.782103399999997
  18.122470597054591   85.723627300000004
  19.254807305049955   90.797302700000003
  20.433355550577456   94.462786399999999
  21.659039564387733   97.892999399999994
  22.932783577231394  110.152672699999997
  24.255511819859098   96.815089400000005


# temperature 1073.000000000000000
#   -0.154717215380018   12.532776338850036 -378.996270862255301 5074.983490083977813 -25317.381561813701410
  17.035421195840680   79.827196200000003
  18.122470597054591   85.769028599999999
  19.254807305049955   90.842901699999999
  20.433355550577456   94.508497599999998
  21.659039564387733   97.938796400000001
  22.932783577231394  110.198653899999996
  24.255511819859098   96.851560300000003


# temperature 1074.000000000000000
#   -0.154765441503613   12.536612213209224 -379.110258916108933 5076.483479939330209 -25324.711732911484432
  17.035421195840680   79.872249600000004
  18.122470597054591   85.814389700000007
  19.254807305049955   90.888459900000001
  20.433355550577456   94.554167699999994
  21.659039564387733   97.984551900000000
  22.932783577231394  110.244593300000005
  24.255511819859098   96.887997999999996


# temperature 1075.000000000000000
#   -0.154813621616727   12.540444417400316 -379.224137569390052 5077.982025227142913 -25332.034813721038518
  17.035421195840680   79.917263500000004
  18.122470597054591   85.859710600000000
  19.254807305049955   90.933977400000003
  20.433355550577456   94.599796699999999
  21.659039564387733   98.030266299999994
  22.932783577231394  110.290490899999995
  24.255511819859098   96.924402499999999


# temperature 1076.000000000000000
#   -0.154861752042681   12.544272648069962 -379.337897472061513 5079.478998332068841 -25339.350153343653801
  17.035421195840680   79.962238200000002
  18.122470597054591   85.904991300000006
  19.254807305049955   90.979454200000006
  20.433355550577456   94.645384800000002
  21.659039564387733   98.075939399999996
  22.932783577231394  110.336346700000007
  24.255511819859098   96.960773900000007


# temperature 1077.000000000000000
#   -0.154909839435937   12.548097450357398 -379.451555282329650 5080.974624302753909 -25346.658885883356561
  17.035421195840680   80.007173699999996
  18.122470597054591   85.950232000000000
  19.254807305049955   91.024890400000004
  20.433355550577456   94.690931899999995
  21.659039564387733   98.121571399999993
  22.932783577231394  110.382160999999996
  24.255511819859098   96.997112200000004


# temperature 1078.000000000000000
#   -0.154957878830581   12.551918420231868 -379.565098752278175 5082.468739186614584 -25353.960193539893226
  17.035421195840680   80.052070000000001
  18.122470597054591   85.995432699999995
  19.254807305049955   91.070286100000004
  20.433355550577456   94.736438300000003
  21.659039564387733   98.167162300000001
  22.932783577231394  110.427933699999997
  24.255511819859098   97.033417499999999


# temperature 1079.000000000000000
#   -0.155005871393168   12.555735650314977 -379.678530611131634 5083.961378335067820 -25361.254245956679370
  17.035421195840680   80.096927300000004
  18.122470597054591   86.040593500000000
  19.254807305049955   91.115641400000001
  20.433355550577456   94.781903900000003
  21.659039564387733   98.212712300000007
  22.932783577231394  110.473664900000003
  24.255511819859098   97.069689900000000


# temperature 1080.000000000000000
#   -0.155053819549974   12.559549343859112 -379.791857213627736 5085.452629621609049 -25368.541496509642457
  17.035421195840680   80.141745499999999
  18.122470597054591   86.085714499999995
  19.254807305049955   91.160956299999995
  20.433355550577456   94.827328800000004
  21.659039564387733   98.258221300000002
  22.932783577231394  110.519354699999994
  24.255511819859098   97.105929399999994


# temperature 1081.000000000000000
#   -0.155101722170715   12.563359403167256 -379.905075422181255 5086.942448676071763 -25375.821711981294357
  17.035421195840680   80.186524700000007
  18.122470597054591   86.130795699999993
  19.254807305049955   91.206230899999994
  20.433355550577456   94.872713099999999
  21.659039564387733   98.303689500000004
  22.932783577231394  110.565003200000007
  24.255511819859098   97.142135999999994


# temperature 1082.000000000000000
#   -0.155149576227840   12.567165578602314 -380.018177553446606 5088.430730897883222 -25383.094360928025708
  17.035421195840680   80.231264999999993
  18.122470597054591   86.175837099999995
  19.254807305049955   91.251465199999998
  20.433355550577456   94.918056899999996
  21.659039564387733   98.349117000000007
  22.932783577231394  110.610610399999999
  24.255511819859098   97.178309900000002


# temperature 1083.000000000000000
#   -0.155197384918965   12.570968136819586 -380.131171901255016 5089.917590281511366 -25390.360027270256978
  17.035421195840680   80.275966499999996
  18.122470597054591   86.220838900000004
  19.254807305049955   91.296659399999996
  20.433355550577456   94.963360199999997
  21.659039564387733   98.394503799999995
  22.932783577231394  110.656176400000007
  24.255511819859098   97.214451100000005


# temperature 1084.000000000000000
#   -0.155245148024491   12.574767058209797 -380.244057818236115 5091.403017446997183 -25397.618660533564253
  17.035421195840680   80.320629299999993
  18.122470597054591   86.265801199999999
  19.254807305049955   91.341813500000001
  20.433355550577456   95.008623200000002
  21.659039564387733   98.439849899999999
  22.932783577231394  110.701701299999996
  24.255511819859098   97.250559600000003


# temperature 1085.000000000000000
#   -0.155292866020077   12.578562380508391 -380.356836423372442 5092.887027136581310 -25404.870333727241814
  17.035421195840680   80.365253300000006
  18.122470597054591   86.310723899999999
  19.254807305049955   91.386927600000007
  20.433355550577456   95.053845800000005
  21.659039564387733   98.485155500000005
  22.932783577231394  110.747185200000004
  24.255511819859098   97.286635500000003


# temperature 1086.000000000000000
#   -0.155340538634208   12.582354082626370 -380.469507099068778 5094.369611225122753 -25412.115006060088490
  17.035421195840680   80.409838699999995
  18.122470597054591   86.355607199999994
  19.254807305049955   91.432001700000001
  20.433355550577456   95.099028099999998
  21.659039564387733   98.530420599999999
  22.932783577231394  110.792628100000002
  24.255511819859098   97.322678900000000


# temperature 1087.000000000000000
#   -0.155388165776531   12.586142154295839 -380.582069453277313 5095.850763483449555 -25419.352641937770386
  17.035421195840680   80.454385599999995
  18.122470597054591   86.400451200000006
  19.254807305049955   91.477035900000004
  20.433355550577456   95.144170299999999
  21.659039564387733   98.575645300000005
  22.932783577231394  110.838030099999997
  24.255511819859098   97.358689699999999


# temperature 1088.000000000000000
#   -0.155435746247418   12.589926499810126 -380.694520639932080 5097.330446562513316 -25426.583059037482599
  17.035421195840680   80.498893899999999
  18.122470597054591   86.445255799999998
  19.254807305049955   91.522030299999997
  20.433355550577456   95.189272399999993
  21.659039564387733   98.620829700000002
  22.932783577231394  110.883391300000000
  24.255511819859098   97.394668199999998


# temperature 1089.000000000000000
#   -0.155483281827232   12.593707264075721 -380.806865051701550 5098.808719198612380 -25433.806549414442998
  17.035421195840680   80.543363799999995
  18.122470597054591   86.490021200000001
  19.254807305049955   91.566984899999994
  20.433355550577456   95.234334399999995
  21.659039564387733   98.665973800000003
  22.932783577231394  110.928711699999994
  24.255511819859098   97.430614300000002


# temperature 1090.000000000000000
#   -0.155530770438730   12.597484276383090 -380.919097469140581 5100.285511050032255 -25441.022760481777368
  17.035421195840680   80.587795299999996
  18.122470597054591   86.534747400000001
  19.254807305049955   91.611899899999997
  20.433355550577456   95.279356500000006
  21.659039564387733   98.711077799999998
  22.932783577231394  110.973991400000003
  24.255511819859098   97.466528100000005


# temperature 1091.000000000000000
#   -0.155578216838594   12.601257929894594 -381.031230002759003 5101.760986875347953 -25448.232527542910248
  17.035421195840680   80.632188400000004
  18.122470597054591   86.579434500000005
  19.254807305049955   91.656775300000007
  20.433355550577456   95.324338600000004
  21.659039564387733   98.756141600000007
  22.932783577231394  111.019230600000000
  24.255511819859098   97.502409700000001


# temperature 1092.000000000000000
#   -0.155625616096453   12.605027813737639 -381.143249885867021 5103.234971356165261 -25455.434952595835057
  17.035421195840680   80.676543400000000
  18.122470597054591   86.624082599999994
  19.254807305049955   91.701611099999994
  20.433355550577456   95.369281000000001
  21.659039564387733   98.801165299999994
  22.932783577231394  111.064429200000006
  24.255511819859098   97.538258999999996


# temperature 1093.000000000000000
#   -0.155672971899115   12.608794234746153 -381.255166640168852 5104.707595112493436 -25462.630704175815481
  17.035421195840680   80.720860099999996
  18.122470597054591   86.668691699999997
  19.254807305049955   91.746407399999995
  20.433355550577456   95.414183499999993
  21.659039564387733   98.846149100000005
  22.932783577231394  111.109587399999995
  24.255511819859098   97.574076300000002


# temperature 1094.000000000000000
#   -0.155720281189764   12.612556943100202 -381.366972663796048 5106.178756019058710 -25469.819270843265258
  17.035421195840680   80.765138699999994
  18.122470597054591   86.713261900000006
  19.254807305049955   91.791164400000000
  20.433355550577456   95.459046400000005
  21.659039564387733   98.891092900000004
  22.932783577231394  111.154705100000001
  24.255511819859098   97.609861400000000


# temperature 1095.000000000000000
#   -0.155767546696918   12.616316156854078 -381.478674437933478 5107.648539010262539 -25477.001066718672519
  17.035421195840680   80.809379300000003
  18.122470597054591   86.757793300000003
  19.254807305049955   91.835881999999998
  20.433355550577456   95.503869699999996
  21.659039564387733   98.935996900000006
  22.932783577231394  111.199782600000006
  24.255511819859098   97.645614499999994


# temperature 1096.000000000000000
#   -0.155814767961615   12.620071843038538 -381.590271101936082 5109.116934513529486 -25484.176054251609457
  17.035421195840680   80.853581800000001
  18.122470597054591   86.802285900000001
  19.254807305049955   91.880560299999999
  20.433355550577456   95.548653299999998
  21.659039564387733   98.980861200000007
  22.932783577231394  111.244819800000002
  24.255511819859098   97.681335700000005


# temperature 1097.000000000000000
#   -0.155861943377403   12.623823866184228 -381.701758397296828 5110.583883356712249 -25491.343926540492248
  17.035421195840680   80.897746499999997
  18.122470597054591   86.846739799999995
  19.254807305049955   91.925199399999997
  20.433355550577456   95.593397499999995
  21.659039564387733   99.025685699999997
  22.932783577231394  111.289816799999997
  24.255511819859098   97.717024899999998


# temperature 1098.000000000000000
#   -0.155909073701601   12.627572292126791 -381.813138462079166 5112.049416305755585 -25498.504849110329815
  17.035421195840680   80.941873200000003
  18.122470597054591   86.891154999999998
  19.254807305049955   91.969799399999999
  20.433355550577456   95.638102300000000
  21.659039564387733   99.070470599999993
  22.932783577231394  111.334773700000000
  24.255511819859098   97.752682300000004


# temperature 1099.000000000000000
#   -0.155956159341252   12.631317152355747 -381.924412186703364 5113.513544188050219 -25505.658869094684633
  17.035421195840680   80.985962200000003
  18.122470597054591   86.935531699999999
  19.254807305049955   92.014360300000007
  20.433355550577456   95.682767799999993
  21.659039564387733   99.115215899999995
  22.932783577231394  111.379690600000004
  24.255511819859098   97.788308000000001


# temperature 1100.000000000000000
#   -0.156003201941191   12.635058581377088 -382.035583691013812 5114.976323037659313 -25512.806272106583492
  17.035421195840680   81.030013299999993
  18.122470597054591   86.979869800000003
  19.254807305049955   92.058882199999999
  20.433355550577456   95.727393899999996
  21.659039564387733   99.159921699999998
  22.932783577231394  111.424567499999995
  24.255511819859098   97.823901800000002


# temperature 1101.000000000000000
#   -0.156050200174006   12.638796467672790 -382.146649463949814 5116.437703765775041 -25519.946800899968366
  17.035421195840680   81.074026900000007
  18.122470597054591   87.024169499999999
  19.254807305049955   92.103365199999999
  20.433355550577456   95.771980799999994
  21.659039564387733   99.204588099999995
  22.932783577231394  111.469404600000004
  24.255511819859098   97.859464000000003


# temperature 1102.000000000000000
#   -0.156097154355672   12.642530844231491 -382.257610753787219 5117.897706800517881 -25527.080577972512401
  17.035421195840680   81.118002700000005
  18.122470597054591   87.068430899999996
  19.254807305049955   92.147809300000006
  20.433355550577456   95.816528599999998
  21.659039564387733   99.249215199999995
  22.932783577231394  111.514201799999995
  24.255511819859098   97.894994600000004


# temperature 1103.000000000000000
#   -0.156144063005853   12.646261580739418 -382.368463283767198 5119.356270120445515 -25534.207267968038650
  17.035421195840680   81.161941100000007
  18.122470597054591   87.112653899999998
  19.254807305049955   92.192214600000000
  20.433355550577456   95.861037300000007
  21.659039564387733   99.293802900000003
  22.932783577231394  111.558959200000004
  24.255511819859098   97.930493499999997


# temperature 1104.000000000000000
#   -0.156190927842085   12.649988823711046 -382.479211719053410 5120.813459467780376 -25541.327216852270794
  17.035421195840680   81.205841899999996
  18.122470597054591   87.156838600000000
  19.254807305049955   92.236581200000003
  20.433355550577456   95.905507000000000
  21.659039564387733   99.338351399999993
  22.932783577231394  111.603677000000005
  24.255511819859098   97.965960999999993


# temperature 1105.000000000000000
#   -0.156237747919384   12.653712493700951 -382.589853570057755 5122.269240341803197 -25548.440245987974777
  17.035421195840680   81.249705300000002
  18.122470597054591   87.200985200000005
  19.254807305049955   92.280909100000002
  20.433355550577456   95.949937800000001
  21.659039564387733   99.382860800000003
  22.932783577231394  111.648355100000003
  24.255511819859098   98.001396999999997


# temperature 1106.000000000000000
#   -0.156284526765812   12.657432882758762 -382.700397846348949 5123.723735505850527 -25555.546978793598100
  17.035421195840680   81.293531299999998
  18.122470597054591   87.245093699999998
  19.254807305049955   92.325198400000005
  20.433355550577456   95.994329600000000
  21.659039564387733   99.427330999999995
  22.932783577231394  111.692993700000002
  24.255511819859098   98.036801600000004


# temperature 1107.000000000000000
#   -0.156331258948789   12.661149538809203 -382.810830526394852 5125.176752886528448 -25562.646434794445668
  17.035421195840680   81.337320000000005
  18.122470597054591   87.289164099999994
  19.254807305049955   92.369449099999997
  20.433355550577456   96.038682699999995
  21.659039564387733   99.471762299999995
  22.932783577231394  111.737592800000002
  24.255511819859098   98.072174899999993


# temperature 1108.000000000000000
#   -0.156377950236668   12.664862938804117 -382.921166321780731 5126.628493084287584 -25569.739634082947305
  17.035421195840680   81.381071399999996
  18.122470597054591   87.333196500000000
  19.254807305049955   92.413661399999995
  20.433355550577456   96.082997000000006
  21.659039564387733   99.516154599999993
  22.932783577231394  111.782152600000003
  24.255511819859098   98.107516799999999


# temperature 1109.000000000000000
#   -0.156424594447528   12.668572574684351 -383.031389649520236 5128.078744686416030 -25576.825506116932957
  17.035421195840680   81.424785700000001
  18.122470597054591   87.377190900000002
  19.254807305049955   92.457835299999999
  20.433355550577456   96.127272599999998
  21.659039564387733   99.560507999999999
  22.932783577231394  111.826672900000005
  24.255511819859098   98.142827499999996


# temperature 1110.000000000000000
#   -0.156471197053824   12.672278896004849 -383.141514292616421 5129.527694627339770 -25583.904997200836078
  17.035421195840680   81.468462799999998
  18.122470597054591   87.421147500000004
  19.254807305049955   92.501970799999995
  20.433355550577456   96.171509599999993
  21.659039564387733   99.604822600000006
  22.932783577231394  111.871154000000004
  24.255511819859098   98.178106999999997


# temperature 1111.000000000000000
#   -0.156517756588987   12.675981780154997 -383.251536421487970 5130.975289950062688 -25590.977833724504308
  17.035421195840680   81.512102900000002
  18.122470597054591   87.465066300000004
  19.254807305049955   92.546068000000005
  20.433355550577456   96.215708100000001
  21.659039564387733   99.649098400000000
  22.932783577231394  111.915595999999994
  24.255511819859098   98.213355399999998


# temperature 1112.000000000000000
#   -0.156564271618618   12.679681115784167 -383.361452840701986 5132.421490524114233 -25598.043829781257955
  17.035421195840680   81.555705900000007
  18.122470597054591   87.508947399999997
  19.254807305049955   92.590127100000004
  20.433355550577456   96.259868100000006
  21.659039564387733   99.693335599999997
  22.932783577231394  111.959998700000000
  24.255511819859098   98.248572699999997


# temperature 1113.000000000000000
#   -0.156610743577117   12.683377014242984 -383.471266745691310 5133.866336479960410 -25605.103171177765034
  17.035421195840680   81.599271999999999
  18.122470597054591   87.552790799999997
  19.254807305049955   92.634147999999996
  20.433355550577456   96.303989700000002
  21.659039564387733   99.737534100000005
  22.932783577231394  112.004362400000005
  24.255511819859098   98.283759000000003


# temperature 1114.000000000000000
#   -0.156657171726758   12.687069413387663 -383.580976192012429 5135.309801040217280 -25612.155720942064363
  17.035421195840680   81.642801199999994
  18.122470597054591   87.596596500000004
  19.254807305049955   92.678130800000005
  20.433355550577456   96.348072900000005
  21.659039564387733   99.781694099999996
  22.932783577231394  112.048687099999995
  24.255511819859098   98.318914300000003


# temperature 1115.000000000000000
#   -0.156703558932277   12.690758553922695 -383.690588718729259 5136.751988491232623 -25619.202016371189529
  17.035421195840680   81.686293599999999
  18.122470597054591   87.640364800000000
  19.254807305049955   92.722075599999997
  20.433355550577456   96.392117799999994
  21.659039564387733   99.825815599999999
  22.932783577231394  112.092972900000007
  24.255511819859098   98.354038700000004


# temperature 1116.000000000000000
#   -0.156749900072917   12.694444012501654 -383.800091275127272 5138.192721068116953 -25626.241154903495044
  17.035421195840680   81.729749200000001
  18.122470597054591   87.684095499999998
  19.254807305049955   92.765982399999999
  20.433355550577456   96.436124599999999
  21.659039564387733   99.869898599999999
  22.932783577231394  112.137219799999997
  24.255511819859098   98.389132300000000


# temperature 1117.000000000000000
#   -0.156796201503364   12.698126309535253 -383.909499757357764 5139.632213395278995 -25633.274217117534135
  17.035421195840680   81.773168100000007
  18.122470597054591   87.727788799999999
  19.254807305049955   92.809851399999999
  20.433355550577456   96.480093100000005
  21.659039564387733   99.913943300000000
  22.932783577231394  112.181427999999997
  24.255511819859098   98.424194999999997


# temperature 1118.000000000000000
#   -0.156842456760741   12.701804912493378 -384.018797797896980 5141.070243097145067 -25640.300076164880011
  17.035421195840680   81.816550399999997
  18.122470597054591   87.771444700000004
  19.254807305049955   92.853682500000005
  20.433355550577456   96.524023600000007
  21.659039564387733   99.957949799999994
  22.932783577231394  112.225597399999998
  24.255511819859098   98.459226999999998


# temperature 1119.000000000000000
#   -0.156888668774263   12.705480067597419 -384.127993116734899 5142.506917149219589 -25647.319284621607949
  17.035421195840680   81.859896100000000
  18.122470597054591   87.815063300000006
  19.254807305049955   92.897475900000003
  20.433355550577456   96.567916100000005
  21.659039564387733  100.001918000000003
  22.932783577231394  112.269728099999995
  24.255511819859098   98.494228300000003


# temperature 1120.000000000000000
#   -0.156934840951243   12.709152050740393 -384.237094041366447 5143.942346619683121 -25654.332394874039892
  17.035421195840680   81.903205200000002
  18.122470597054591   87.858644699999999
  19.254807305049955   92.941231500000001
  20.433355550577456   96.611770600000000
  21.659039564387733  100.045848000000007
  22.932783577231394  112.313820300000003
  24.255511819859098   98.529198899999997


# temperature 1121.000000000000000
#   -0.156980970168221   12.712820609426025 -384.346092964120942 5145.376430222176168 -25661.338903836516693
  17.035421195840680   81.946477900000005
  18.122470597054591   87.902189000000007
  19.254807305049955   92.984949599999993
  20.433355550577456   96.655587199999999
  21.659039564387733  100.089739899999998
  22.932783577231394  112.357873900000001
  24.255511819859098   98.564138900000003


# temperature 1122.000000000000000
#   -0.157027054489772   12.716485577703036 -384.454984581069596 5146.809093120930811 -25668.338418440151145
  17.035421195840680   81.989714199999995
  18.122470597054591   87.945696100000006
  19.254807305049955   93.028630000000007
  20.433355550577456   96.699365999999998
  21.659039564387733  100.133593800000000
  22.932783577231394  112.401888999999997
  24.255511819859098   98.599048400000001


# temperature 1123.000000000000000
#   -0.157073097385025   12.720147243315701 -384.563777803638175 5148.240457435544158 -25675.331563296509557
  17.035421195840680   82.032914099999999
  18.122470597054591   87.989166100000006
  19.254807305049955   93.072272999999996
  20.433355550577456   96.743106999999995
  21.659039564387733  100.177409800000007
  22.932783577231394  112.445865800000007
  24.255511819859098   98.633927400000005


# temperature 1124.000000000000000
#   -0.157119097665958   12.723805511098677 -384.672469777576964 5149.670485126587664 -25682.318148064347042
  17.035421195840680   82.076077799999993
  18.122470597054591   88.032599200000007
  19.254807305049955   93.115878499999994
  20.433355550577456   96.786810299999999
  21.659039564387733  100.221187799999996
  22.932783577231394  112.489804199999995
  24.255511819859098   98.668775999999994


# temperature 1125.000000000000000
#   -0.157165055547816   12.727460391501396 -384.781060619338348 5151.099175313282103 -25689.298157582135900
  17.035421195840680   82.119205199999996
  18.122470597054591   88.075995300000002
  19.254807305049955   93.159446599999995
  20.433355550577456   96.830476000000004
  21.659039564387733  100.264928100000006
  22.932783577231394  112.533704400000005
  24.255511819859098   98.703594100000004


# temperature 1126.000000000000000
#   -0.157210973288268   12.731112080992187 -384.889556668808154 5152.526617917057592 -25696.272064890770707
  17.035421195840680   82.162296400000002
  18.122470597054591   88.119354599999994
  19.254807305049955   93.202977399999995
  20.433355550577456   96.874104000000003
  21.659039564387733  100.308630500000007
  22.932783577231394  112.577566399999995
  24.255511819859098   98.738382000000001


# temperature 1127.000000000000000
#   -0.157256846073847   12.734760175732079 -384.997945312389277 5153.952639113627811 -25703.238978158915415
  17.035421195840680   82.205351500000006
  18.122470597054591   88.162677000000002
  19.254807305049955   93.246471000000000
  20.433355550577456   96.917694600000004
  21.659039564387733  100.352295200000000
  22.932783577231394  112.621390199999993
  24.255511819859098   98.773139499999999


# temperature 1128.000000000000000
#   -0.157302676485715   12.738404887805713 -385.106233032973023 5155.377326286094103 -25710.199335617304314
  17.035421195840680   82.248370600000001
  18.122470597054591   88.205962700000001
  19.254807305049955   93.289927300000002
  20.433355550577456   96.961247799999995
  21.659039564387733  100.395922299999995
  22.932783577231394  112.665176000000002
  24.255511819859098   98.807866899999993


# temperature 1129.000000000000000
#   -0.157348466844604   12.742046410631925 -385.214425861423024 5156.800762783305800 -25717.153567850004038
  17.035421195840680   82.291353599999994
  18.122470597054591   88.249211700000004
  19.254807305049955   93.333346599999999
  20.433355550577456   97.004763499999996
  21.659039564387733  100.439511899999999
  22.932783577231394  112.708923799999994
  24.255511819859098   98.842563999999996


# temperature 1130.000000000000000
#   -0.157394214607288   12.745684532256915 -385.322517184221397 5158.222857057548936 -25724.101200604298356
  17.035421195840680   82.334300799999994
  18.122470597054591   88.292424100000005
  19.254807305049955   93.376728700000001
  20.433355550577456   97.048241899999994
  21.659039564387733  100.483063900000005
  22.932783577231394  112.752633700000004
  24.255511819859098   98.877231100000003


# temperature 1131.000000000000000
#   -0.157439919273711   12.749319217257707 -385.430506121907570 5159.643600414551656 -25731.042208198734443
  17.035421195840680   82.377212000000000
  18.122470597054591   88.335599900000005
  19.254807305049955   93.420073900000006
  20.433355550577456   97.091683099999997
  21.659039564387733  100.526578400000005
  22.932783577231394  112.796305599999997
  24.255511819859098   98.911867999999998


# temperature 1132.000000000000000
#   -0.157485582482928   12.752950593668482 -385.538396373247053 5161.063039661690709 -25737.976809333173151
  17.035421195840680   82.420087400000000
  18.122470597054591   88.378739199999998
  19.254807305049955   93.463382100000004
  20.433355550577456   97.135087100000007
  21.659039564387733  100.570055600000003
  22.932783577231394  112.839939799999996
  24.255511819859098   98.946475000000007


# temperature 1133.000000000000000
#   -0.157531205762357   12.756578788924664 -385.646191903050578 5162.481229279170293 -25744.905282774991065
  17.035421195840680   82.462927100000002
  18.122470597054591   88.421842100000006
  19.254807305049955   93.506653400000005
  20.433355550577456   97.178453899999994
  21.659039564387733  100.613495400000005
  22.932783577231394  112.883536300000003
  24.255511819859098   98.981052000000005


# temperature 1134.000000000000000
#   -0.157576784954395   12.760203460952093 -385.753882228673433 5163.898027477378491 -25751.826914203316846
  17.035421195840680   82.505731100000006
  18.122470597054591   88.464908600000001
  19.254807305049955   93.549887900000002
  20.433355550577456   97.221783700000003
  21.659039564387733  100.656897999999998
  22.932783577231394  112.927094999999994
  24.255511819859098   99.015598999999995


# temperature 1135.000000000000000
#   -0.157622324155284   12.763824946963126 -385.861477695589087 5165.313574462964425 -25758.742411907012865
  17.035421195840680   82.548499399999997
  18.122470597054591   88.507938800000005
  19.254807305049955   93.593085599999995
  20.433355550577456   97.265076500000006
  21.659039564387733  100.700263399999997
  22.932783577231394  112.970616199999995
  24.255511819859098   99.050116200000005


# temperature 1136.000000000000000
#   -0.157667821519204   12.767443098128222 -385.968973832008430 5166.727810871068868 -25765.651481907989364
  17.035421195840680   82.591232099999999
  18.122470597054591   88.550932700000004
  19.254807305049955   93.636246700000001
  20.433355550577456   97.308332300000004
  21.659039564387733  100.743591600000002
  22.932783577231394  113.014099799999997
  24.255511819859098   99.084603599999994


# temperature 1137.000000000000000
#   -0.157713275884965   12.771057810824743 -386.076367208381157 5168.140686805814767 -25772.553854876012338
  17.035421195840680   82.633929300000005
  18.122470597054591   88.593890299999998
  19.254807305049955   93.679371099999997
  20.433355550577456   97.351551200000003
  21.659039564387733  100.786882800000001
  22.932783577231394  113.057545899999994
  24.255511819859098   99.119061200000004


# temperature 1138.000000000000000
#   -0.157758691092978   12.774669409398786 -386.183668036853419 5169.552344292671478 -25779.450266705134709
  17.035421195840680   82.676591000000002
  18.122470597054591   88.636811899999998
  19.254807305049955   93.722458900000007
  20.433355550577456   97.394733299999999
  21.659039564387733  100.830136899999999
  22.932783577231394  113.100954599999994
  24.255511819859098   99.153489100000002


# temperature 1139.000000000000000
#   -0.157804063747306   12.778277606537163 -386.290867268645172 5170.962657644134197 -25786.340067863704462
  17.035421195840680   82.719217200000003
  18.122470597054591   88.679697300000001
  19.254807305049955   93.765510199999994
  20.433355550577456   97.437878699999999
  21.659039564387733  100.873354199999994
  22.932783577231394  113.144326000000007
  24.255511819859098   99.187887300000000


# temperature 1140.000000000000000
#   -0.157849395364266   12.781882535872279 -386.397969253499809 5172.371688838263253 -25793.223584498620767
  17.035421195840680   82.761808200000004
  18.122470597054591   88.722546800000003
  19.254807305049955   93.808525099999997
  20.433355550577456   97.480987299999995
  21.659039564387733  100.916534499999997
  22.932783577231394  113.187659999999994
  24.255511819859098   99.222256000000002


# temperature 1141.000000000000000
#   -0.157894686556700   12.785484235960876 -386.504974831340974 5173.779444983849316 -25800.100833166463417
  17.035421195840680   82.804363800000004
  18.122470597054591   88.765360200000003
  19.254807305049955   93.851503500000007
  20.433355550577456   97.524059300000005
  21.659039564387733  100.959677999999997
  22.932783577231394  113.230956899999995
  24.255511819859098   99.256595000000004


# temperature 1142.000000000000000
#   -0.157939935391111   12.789082561606156 -386.611879970458745 5175.185877049388182 -25806.971593521531759
  17.035421195840680   82.846884099999997
  18.122470597054591   88.808137799999997
  19.254807305049955   93.894445599999997
  20.433355550577456   97.567094800000007
  21.659039564387733  101.002784700000007
  22.932783577231394  113.274216499999994
  24.255511819859098   99.290904600000005


# temperature 1143.000000000000000
#   -0.157985144081957   12.792677682476116 -386.718689487107611 5176.591045029352244 -25813.836142016265512
  17.035421195840680   82.889369299999998
  18.122470597054591   88.850879500000005
  19.254807305049955   93.937351500000005
  20.433355550577456   97.610093699999993
  21.659039564387733  101.045854800000001
  22.932783577231394  113.317439100000001
  24.255511819859098   99.325184699999994


# temperature 1144.000000000000000
#   -0.158030312484773   12.796269591526512 -386.825403318268741 5177.994950191231510 -25820.694495954470767
  17.035421195840680   82.931819300000001
  18.122470597054591   88.893585400000006
  19.254807305049955   93.980221099999994
  20.433355550577456   97.653056100000001
  21.659039564387733  101.088888200000000
  22.932783577231394  113.360624599999994
  24.255511819859098   99.359435300000001


# temperature 1145.000000000000000
#   -0.158075438488000   12.799858113159646 -386.932016015309955 5179.397517788992445 -25827.546272767700430
  17.035421195840680   82.974234300000006
  18.122470597054591   88.936255500000001
  19.254807305049955   94.023054599999995
  20.433355550577456   97.695982200000003
  21.659039564387733  101.131884999999997
  22.932783577231394  113.403773200000003
  24.255511819859098   99.393656600000000


# temperature 1146.000000000000000
#   -0.158120523034258   12.803443331462917 -387.038530364296946 5180.798788458099807 -25834.391692561646778
  17.035421195840680   83.016614200000006
  18.122470597054591   88.978890000000007
  19.254807305049955   94.065852000000007
  20.433355550577456   97.738872000000001
  21.659039564387733  101.174845300000001
  22.932783577231394  113.446884800000007
  24.255511819859098   99.427848699999998


# temperature 1147.000000000000000
#   -0.158165569532539   12.807025517588688 -387.144954391520400 5182.198866965020898 -25841.231264032259787
  17.035421195840680   83.058959200000004
  18.122470597054591   89.021488899999994
  19.254807305049955   94.108613300000002
  20.433355550577456   97.781725399999999
  21.659039564387733  101.217769099999998
  22.932783577231394  113.489959600000006
  24.255511819859098   99.462011399999994


# temperature 1148.000000000000000
#   -0.158210573665549   12.810604321185570 -387.251277513817286 5183.597612312227284 -25848.064288159817806
  17.035421195840680   83.101269200000004
  18.122470597054591   89.064052200000006
  19.254807305049955   94.151338699999997
  20.433355550577456   97.824542699999995
  21.659039564387733  101.260656600000004
  22.932783577231394  113.532997600000002
  24.255511819859098   99.496144900000004


# temperature 1149.000000000000000
#   -0.158255538942780   12.814180030685076 -387.357508551012927 5184.995143393922262 -25854.891360959070880
  17.035421195840680   83.143544399999996
  18.122470597054591   89.106580100000002
  19.254807305049955   94.194028099999997
  20.433355550577456   97.867323799999994
  21.659039564387733  101.303507699999997
  22.932783577231394  113.575998900000002
  24.255511819859098   99.530249299999994


# temperature 1150.000000000000000
#   -0.158300461573078   12.817752329555386 -387.463637664197449 5186.391325292164765 -25861.711793799375300
  17.035421195840680   83.185784799999993
  18.122470597054591   89.149072399999994
  19.254807305049955   94.236681700000005
  20.433355550577456   97.910068800000005
  21.659039564387733  101.346322599999993
  22.932783577231394  113.618963500000007
  24.255511819859098   99.564324499999998


# temperature 1151.000000000000000
#   -0.158345345962134   12.821321588379506 -387.569676466134069 5187.786318656781077 -25868.526414350653795
  17.035421195840680   83.227990399999996
  18.122470597054591   89.191529399999993
  19.254807305049955   94.279299499999993
  20.433355550577456   97.952777699999999
  21.659039564387733  101.389101199999999
  22.932783577231394  113.661891499999996
  24.255511819859098   99.598370700000004


# temperature 1152.000000000000000
#   -0.158390189309468   12.824887570240442 -387.675617490213597 5189.180019603292749 -25875.334684142173501
  17.035421195840680   83.270161400000006
  18.122470597054591   89.233951099999999
  19.254807305049955   94.321881599999998
  20.433355550577456   97.995450700000006
  21.659039564387733  101.431843700000002
  22.932783577231394  113.704783000000006
  24.255511819859098   99.632387899999998


# temperature 1153.000000000000000
#   -0.158434992214162   12.828450326226521 -387.781462364305582 5190.572451100719263 -25882.136724256823072
  17.035421195840680   83.312297700000002
  18.122470597054591   89.276337499999997
  19.254807305049955   94.364428000000004
  20.433355550577456   98.038087800000000
  21.659039564387733  101.474550100000002
  22.932783577231394  113.747637999999995
  24.255511819859098   99.666376099999994


# temperature 1154.000000000000000
#   -0.158479754864394   12.832009869984310 -387.887211441869852 5191.963616943503439 -25888.932548281296476
  17.035421195840680   83.354399400000005
  18.122470597054591   89.318688600000002
  19.254807305049955   94.406938699999998
  20.433355550577456   98.080689000000007
  21.659039564387733  101.517220399999999
  22.932783577231394  113.790456599999999
  24.255511819859098   99.700335400000000


# temperature 1155.000000000000000
#   -0.158524475685644   12.835566072044058 -387.992860760249130 5193.353463604740682 -25895.721886676445138
  17.035421195840680   83.396466700000005
  18.122470597054591   89.361004600000001
  19.254807305049955   94.449413899999996
  20.433355550577456   98.123254500000002
  21.659039564387733  101.559854799999997
  22.932783577231394  113.833238800000004
  24.255511819859098   99.734265800000003


# temperature 1156.000000000000000
#   -0.158569158978524   12.839119291524412 -388.098421504586213 5194.742145089254336 -25902.505530389127671
  17.035421195840680   83.438499399999998
  18.122470597054591   89.403285600000004
  19.254807305049955   94.491853599999999
  20.433355550577456   98.165784200000004
  21.659039564387733  101.602453299999993
  22.932783577231394  113.875984700000004
  24.255511819859098   99.768167399999996


# temperature 1157.000000000000000
#   -0.158613800788325   12.842669197663838 -388.203883351457648 5196.129518923936303 -25909.282745926891948
  17.035421195840680   83.480497700000001
  18.122470597054591   89.445531399999993
  19.254807305049955   94.534257900000000
  20.433355550577456   98.208278199999995
  21.659039564387733  101.645015900000004
  22.932783577231394  113.918694400000007
  24.255511819859098   99.802040300000002


# temperature 1158.000000000000000
#   -0.158658403275403   12.846215966884680 -388.309251675966550 5197.515657493808249 -25916.053896627850918
  17.035421195840680   83.522461699999994
  18.122470597054591   89.487742299999994
  19.254807305049955   94.576626700000006
  20.433355550577456   98.250736599999996
  21.659039564387733  101.687542699999995
  22.932783577231394  113.961367899999999
  24.255511819859098   99.835884399999998


# temperature 1159.000000000000000
#   -0.158702965810224   12.849759549162554 -388.414525005041583 5198.900541772660290 -25922.818891590010026
  17.035421195840680   83.564391400000005
  18.122470597054591   89.529918300000006
  19.254807305049955   94.618960200000004
  20.433355550577456   98.293159500000002
  21.659039564387733  101.730033800000001
  22.932783577231394  114.004005300000003
  24.255511819859098   99.869699800000006


# temperature 1160.000000000000000
#   -0.158747489890025   12.853300067773450 -388.519707121933777 5200.284223061942612 -25929.577990195350139
  17.035421195840680   83.606286800000007
  18.122470597054591   89.572059400000001
  19.254807305049955   94.661258500000002
  20.433355550577456   98.335546800000003
  21.659039564387733  101.772489300000004
  22.932783577231394  114.046606699999998
  24.255511819859098   99.903486599999994


# temperature 1161.000000000000000
#   -0.158791971856989   12.856837221289528 -388.624788759815090 5201.666575387842386 -25936.330553470641462
  17.035421195840680   83.648148000000006
  18.122470597054591   89.614165600000007
  19.254807305049955   94.703521499999994
  20.433355550577456   98.377898700000003
  21.659039564387733  101.814909099999994
  22.932783577231394  114.089172000000005
  24.255511819859098   99.937244800000002


# temperature 1162.000000000000000
#   -0.158836415319400   12.860371308547624 -388.729779148631451 5203.047724738144098 -25943.077222491618159
  17.035421195840680   83.689975099999998
  18.122470597054591   89.656237099999998
  19.254807305049955   94.745749399999994
  20.433355550577456   98.420215200000001
  21.659039564387733  101.857293299999995
  22.932783577231394  114.131701399999997
  24.255511819859098   99.970974499999997


# temperature 1163.000000000000000
#   -0.158880820329689   12.863902331064526 -388.834678260551925 5204.427669917825369 -25949.817988150203746
  17.035421195840680   83.731768000000002
  18.122470597054591   89.698273900000004
  19.254807305049955   94.787942200000003
  20.433355550577456   98.462496400000006
  21.659039564387733  101.899642099999994
  22.932783577231394  114.174194999999997
  24.255511819859098  100.004675700000007


# temperature 1164.000000000000000
#   -0.158925184943245   12.867430129605518 -388.939481213671911 5205.806344468509451 -25956.552511307494569
  17.035421195840680   83.773527000000001
  18.122470597054591   89.740276100000003
  19.254807305049955   94.830099899999993
  20.433355550577456   98.504742300000004
  21.659039564387733  101.941955399999998
  22.932783577231394  114.216652699999997
  24.255511819859098  100.038348499999998


# temperature 1165.000000000000000
#   -0.158969510425608   12.870954810789799 -389.044191379938241 5207.183795836271202 -25963.281042402661114
  17.035421195840680   83.815251900000007
  18.122470597054591   89.782243699999995
  19.254807305049955   94.872222699999995
  20.433355550577456   98.546953099999996
  21.659039564387733  101.984233300000000
  22.932783577231394  114.259074699999999
  24.255511819859098  100.071992899999998


# temperature 1166.000000000000000
#   -0.159013796729713   12.874476362099603 -389.148808086857059 5208.560010671689270 -25970.003490957009490
  17.035421195840680   83.856943000000001
  18.122470597054591   89.824176699999995
  19.254807305049955   94.914310499999999
  20.433355550577456   98.589128599999995
  21.659039564387733  102.026475899999994
  22.932783577231394  114.301461000000003
  24.255511819859098  100.105608899999993


# temperature 1167.000000000000000
#   -0.159058042119147   12.877994650491138 -389.253327570500289 5209.934942481701910 -25976.719645946919627
  17.035421195840680   83.898600099999996
  18.122470597054591   89.866075199999997
  19.254807305049955   94.956363400000001
  20.433355550577456   98.631269099999997
  21.659039564387733  102.068683199999995
  22.932783577231394  114.343811599999995
  24.255511819859098  100.139196699999999


# temperature 1168.000000000000000
#   -0.159102249419788   12.881509899028407 -389.357756377218720 5211.308675886443780 -25983.429913617004786
  17.035421195840680   83.940223500000002
  18.122470597054591   89.907939299999995
  19.254807305049955   94.998381499999994
  20.433355550577456   98.673374499999994
  21.659039564387733  102.110855400000005
  22.932783577231394  114.386126700000005
  24.255511819859098  100.172756199999995


# temperature 1169.000000000000000
#   -0.159146418833309   12.885022134284513 -389.462095644007718 5212.681230866357510 -25990.134418966259545
  17.035421195840680   83.981813000000002
  18.122470597054591   89.949769099999997
  19.254807305049955   95.040364900000000
  20.433355550577456   98.715445000000003
  21.659039564387733  102.152992400000002
  22.932783577231394  114.428406300000006
  24.255511819859098  100.206287500000002


# temperature 1170.000000000000000
#   -0.159190548389502   12.888531187050688 -389.566339941492856 5214.052530301644765 -25996.832752975107724
  17.035421195840680   84.023368899999994
  18.122470597054591   89.991564499999996
  19.254807305049955   95.082313600000006
  20.433355550577456   98.757480500000000
  21.659039564387733  102.195094200000000
  22.932783577231394  114.470650399999997
  24.255511819859098  100.239790600000006


# temperature 1171.000000000000000
#   -0.159234638200475   12.892037068446021 -389.670489680215042 5215.422580881911927 -26003.524956057382951
  17.035421195840680   84.064891099999997
  18.122470597054591   90.033325700000006
  19.254807305049955   95.124227599999998
  20.433355550577456   98.799481200000002
  21.659039564387733  102.237161099999994
  22.932783577231394  114.512859100000000
  24.255511819859098  100.273265699999996


# temperature 1172.000000000000000
#   -0.159278689654256   12.895539889553120 -389.774548168169417 5216.791426037925703 -26010.211240275471937
  17.035421195840680   84.106379700000005
  18.122470597054591   90.075052600000006
  19.254807305049955   95.166106999999997
  20.433355550577456   98.841447000000002
  21.659039564387733  102.279193000000006
  22.932783577231394  114.555032499999996
  24.255511819859098  100.306712700000006


# temperature 1173.000000000000000
#   -0.159322703979698   12.899039756744818 -389.878518844587916 5218.159114946114641 -26016.891867654929229
  17.035421195840680   84.147834700000004
  18.122470597054591   90.116745499999993
  19.254807305049955   95.207951899999998
  20.433355550577456   98.883378100000002
  21.659039564387733  102.321190000000001
  22.932783577231394  114.597170599999998
  24.255511819859098  100.340131600000007


# temperature 1174.000000000000000
#   -0.159366678401905   12.902536439547722 -389.982394560518401 5219.525549489624609 -26023.566335618532321
  17.035421195840680   84.189256200000003
  18.122470597054591   90.158404200000007
  19.254807305049955   95.249762399999994
  20.433355550577456   98.925274500000000
  21.659039564387733  102.363152099999994
  22.932783577231394  114.639273500000002
  24.255511819859098  100.373522600000001


# temperature 1175.000000000000000
#   -0.159410612087253   12.906029864338219 -390.086172896674725 5220.890694616308792 -26030.234455227040598
  17.035421195840680   84.230644299999994
  18.122470597054591   90.200028799999998
  19.254807305049955   95.291538299999999
  20.433355550577456   98.967136300000007
  21.659039564387733  102.405079400000005
  22.932783577231394  114.681341200000006
  24.255511819859098  100.406885700000004


# temperature 1176.000000000000000
#   -0.159454509462432   12.909520405873973 -390.189865694594175 5222.254715784398286 -26036.897088679565059
  17.035421195840680   84.271998900000000
  18.122470597054591   90.241619499999999
  19.254807305049955   95.333280000000002
  20.433355550577456   99.008963499999993
  21.659039564387733  102.446971899999994
  22.932783577231394  114.723373800000005
  24.255511819859098  100.440220900000000


# temperature 1177.000000000000000
#   -0.159498366384607   12.913007712794112 -390.293461832565640 5223.617457317505796 -26043.553423077701154
  17.035421195840680   84.313320300000001
  18.122470597054591   90.283176299999994
  19.254807305049955   95.374987300000001
  20.433355550577456   99.050756199999995
  21.659039564387733  102.488829800000005
  22.932783577231394  114.765371299999998
  24.255511819859098  100.473528299999998


# temperature 1178.000000000000000
#   -0.159542186841768   12.916492117144040 -390.396971629507391 5224.979061079795429 -26050.204186458810000
  17.035421195840680   84.354608299999995
  18.122470597054591   90.324699100000004
  19.254807305049955   95.416660399999998
  20.433355550577456   99.092514300000005
  21.659039564387733  102.530653000000001
  22.932783577231394  114.807333900000003
  24.255511819859098  100.506807899999998


# temperature 1179.000000000000000
#   -0.159585967994557   12.919973386463878 -390.500387985353370 5226.339431159042761 -26056.848895053710294
  17.035421195840680   84.395863100000000
  18.122470597054591   90.366188199999996
  19.254807305049955   95.458299199999999
  20.433355550577456   99.134238100000005
  21.659039564387733  102.572441600000005
  22.932783577231394  114.849261499999997
  24.255511819859098  100.540059799999995


# temperature 1180.000000000000000
#   -0.159629710258954   12.923451548886808 -390.603711580715981 5227.698574412879680 -26063.487572249745426
  17.035421195840680   84.437084700000000
  18.122470597054591   90.407643399999998
  19.254807305049955   95.499903900000007
  20.433355550577456   99.175927500000000
  21.659039564387733  102.614195800000005
  22.932783577231394  114.891154299999997
  24.255511819859098  100.573284000000001


# temperature 1181.000000000000000
#   -0.159673415187974   12.926926741822331 -390.706946927875833 5229.056555982947430 -26070.120566695244634
  17.035421195840680   84.478273200000004
  18.122470597054591   90.449065000000004
  19.254807305049955   95.541474600000001
  20.433355550577456   99.217582600000000
  21.659039564387733  102.655915399999998
  22.932783577231394  114.933012199999993
  24.255511819859098  100.606480500000004


# temperature 1182.000000000000000
#   -0.159717081969734   12.930398888967403 -390.810091396221708 5230.413336383656315 -26076.747660382927279
  17.035421195840680   84.519428500000004
  18.122470597054591   90.490452899999994
  19.254807305049955   95.583011099999993
  20.433355550577456   99.259203499999998
  21.659039564387733  102.697600699999995
  22.932783577231394  114.974835400000003
  24.255511819859098  100.639649399999996


# temperature 1183.000000000000000
#   -0.159760709999086   12.933867946605551 -390.913143823668861 5231.768902129661910 -26083.368795407404832
  17.035421195840680   84.560550899999996
  18.122470597054591   90.531807200000003
  19.254807305049955   95.624513800000003
  20.433355550577456   99.300790199999994
  21.659039564387733  102.739251600000003
  22.932783577231394  115.016623899999999
  24.255511819859098  100.672790800000001


# temperature 1184.000000000000000
#   -0.159804300051241   12.937333975471480 -391.016105982788702 5233.123276100222029 -26089.984082251041400
  17.035421195840680   84.601640200000006
  18.122470597054591   90.573127900000003
  19.254807305049955   95.665982400000004
  20.433355550577456   99.342342700000003
  21.659039564387733  102.780868200000000
  22.932783577231394  115.058377699999994
  24.255511819859098  100.705904700000005


# temperature 1185.000000000000000
#   -0.159847852631525   12.940797017423042 -391.118979172179479 5234.476476156548415 -26096.593612533542910
  17.035421195840680   84.642696599999994
  18.122470597054591   90.614415100000002
  19.254807305049955   95.707417199999995
  20.433355550577456   99.383861199999998
  21.659039564387733  102.822450500000002
  22.932783577231394  115.100097000000005
  24.255511819859098  100.738991100000007


# temperature 1186.000000000000000
#   -0.159891366934839   12.944257005873691 -391.221761331183131 5235.828474013124833 -26103.197240909397806
  17.035421195840680   84.683720199999996
  18.122470597054591   90.655668899999995
  19.254807305049955   95.748818200000002
  20.433355550577456   99.425345600000000
  21.659039564387733  102.863998699999996
  22.932783577231394  115.141781699999996
  24.255511819859098  100.772050100000001


# temperature 1187.000000000000000
#   -0.159934841843647   12.947713850755793 -391.324449765514260 5237.179234244779764 -26109.794794757661293
  17.035421195840680   84.724710900000005
  18.122470597054591   90.696889200000001
  19.254807305049955   95.790185500000007
  20.433355550577456   99.466796099999996
  21.659039564387733  102.905512700000003
  22.932783577231394  115.183431900000002
  24.255511819859098  100.805081700000002


# temperature 1188.000000000000000
#   -0.159978281580831   12.951167898004895 -391.427055034154421 5238.528899162495691 -26116.386988574988209
  17.035421195840680   84.765668800000000
  18.122470597054591   90.738076300000003
  19.254807305049955   95.831519000000000
  20.433355550577456   99.508212599999993
  21.659039564387733  102.946992699999996
  22.932783577231394  115.225047700000005
  24.255511819859098  100.838086000000004


# temperature 1189.000000000000000
#   -0.160021682210025   12.954618818747738 -391.529566894938796 5239.877327874814000 -26122.973100118942966
  17.035421195840680   84.806594000000004
  18.122470597054591   90.779229999999998
  19.254807305049955   95.872818800000005
  20.433355550577456   99.549595299999993
  21.659039564387733  102.988438700000003
  22.932783577231394  115.266629199999997
  24.255511819859098  100.871063000000007


# temperature 1190.000000000000000
#   -0.160065044858851   12.958066717015901 -391.631988888463866 5241.224573114252962 -26129.553419553758431
  17.035421195840680   84.847486500000002
  18.122470597054591   90.820350500000004
  19.254807305049955   95.914085099999994
  20.433355550577456   99.590944199999996
  21.659039564387733  103.029850600000003
  22.932783577231394  115.308176300000000
  24.255511819859098  100.904012800000004


# temperature 1191.000000000000000
#   -0.160108370828667   12.961511687363613 -391.734323531553287 5242.570663839640474 -26136.128067550813284
  17.035421195840680   84.888346400000003
  18.122470597054591   90.861437800000004
  19.254807305049955   95.955317800000003
  20.433355550577456   99.632259300000001
  21.659039564387733  103.071228700000006
  22.932783577231394  115.349689200000000
  24.255511819859098  100.936935300000002


# temperature 1192.000000000000000
#   -0.160151657370175   12.964953509291467 -391.836564222720938 5243.915512595491236 -26142.696611413368373
  17.035421195840680   84.929173800000001
  18.122470597054591   90.902491900000001
  19.254807305049955   95.996516999999997
  20.433355550577456   99.673540700000004
  21.659039564387733  103.112572900000004
  22.932783577231394  115.391167899999999
  24.255511819859098  100.969830799999997


# temperature 1193.000000000000000
#   -0.160194908396759   12.968392505847280 -391.938720928289797 5245.259255552107788 -26149.259746162755619
  17.035421195840680   84.969968600000001
  18.122470597054591   90.943512999999996
  19.254807305049955   96.037682799999999
  20.433355550577456   99.714788499999997
  21.659039564387733  103.153883300000004
  22.932783577231394  115.432612500000005
  24.255511819859098  101.002699100000001


# temperature 1194.000000000000000
#   -0.160238122442364   12.971828554457518 -392.040789820622820 5246.601839812284197 -26155.817198863802332
  17.035421195840680   85.010730899999999
  18.122470597054591   90.984501100000003
  19.254807305049955   96.078815199999994
  20.433355550577456   99.756002699999996
  21.659039564387733  103.195160000000001
  22.932783577231394  115.474023000000003
  24.255511819859098  101.035540299999994


# temperature 1195.000000000000000
#   -0.160281296683071   12.975261422094560 -392.142763715820251 5247.943167332799021 -26162.368469816225115
  17.035421195840680   85.051460800000001
  18.122470597054591   91.025456100000000
  19.254807305049955   96.119914199999997
  20.433355550577456   99.797183300000000
  21.659039564387733  103.236402999999996
  22.932783577231394  115.515399400000007
  24.255511819859098  101.068354600000006


# temperature 1196.000000000000000
#   -0.160324435785445   12.978691496912944 -392.244654670634247 5249.283403824228117 -26168.914408969783835
  17.035421195840680   85.092158299999994
  18.122470597054591   91.066378299999997
  19.254807305049955   96.160979999999995
  20.433355550577456   99.838330499999998
  21.659039564387733  103.277612300000001
  22.932783577231394  115.556741900000006
  24.255511819859098  101.101141900000002


# temperature 1197.000000000000000
#   -0.160367538208809   12.982118643810853 -392.346458275011571 5250.622485801590301 -26175.454676385455969
  17.035421195840680   85.132823500000001
  18.122470597054591   91.107267600000000
  19.254807305049955   96.202012499999995
  20.433355550577456   99.879444199999995
  21.659039564387733  103.318788100000006
  22.932783577231394  115.598050499999999
  24.255511819859098  101.133902199999994


# temperature 1198.000000000000000
#   -0.160410601237668   12.985542647140276 -392.448168154718473 5251.960330154061921 -26181.988868673724937
  17.035421195840680   85.173456400000006
  18.122470597054591   91.148123999999996
  19.254807305049955   96.243011899999999
  20.433355550577456   99.920524599999993
  21.659039564387733  103.359930300000002
  22.932783577231394  115.639325200000002
  24.255511819859098  101.166635700000000


# temperature 1199.000000000000000
#   -0.160453627945993   12.988963758474251 -392.549791986229934 5253.297040362068401 -26188.517505628602521
  17.035421195840680   85.214057100000005
  18.122470597054591   91.188947700000000
  19.254807305049955   96.283978200000007
  20.433355550577456   99.961571599999999
  21.659039564387733  103.401038999999997
  22.932783577231394  115.680565999999999
  24.255511819859098  101.199342299999998


# temperature 1200.000000000000000
#   -0.160496617521390   12.992381901472811 -392.651327136994780 5254.632576880293527 -26195.040368568188569
  17.035421195840680   85.254625599999997
  18.122470597054591   91.229738600000005
  19.254807305049955   96.324911299999997
  20.433355550577456  100.002585400000001
  21.659039564387733  103.442114399999994
  22.932783577231394  115.721773200000001
  24.255511819859098  101.232022099999995


