# Temperature: 0.000000
# Parameters: -11.827453 0.953562 4.112844 19.429104
  17.035421195840680       -11.651677775306375
  18.122470597054591       -11.780675538085728
  19.254807305049955       -11.825052352703462
  20.433355550577456       -11.806202730564937
  21.659039564387733       -11.727124279270621
  22.932783577231394       -11.598528781718301
  24.255511819859098       -11.437256661987774


# Temperature: 1.000000
# Parameters: -11.827453 0.953562 4.112846 19.429104
  17.035421195840680       -11.651677775306375
  18.122470597054591       -11.780675538085728
  19.254807305049955       -11.825052352703462
  20.433355550577456       -11.806202730564937
  21.659039564387733       -11.727124279270621
  22.932783577231394       -11.598528782754727
  24.255511819859098       -11.437256697226269


# Temperature: 2.000000
# Parameters: -11.827453 0.953562 4.112857 19.429104
  17.035421195840680       -11.651677775306375
  18.122470597054591       -11.780675538085728
  19.254807305049955       -11.825052352703462
  20.433355550577456       -11.806202730564937
  21.659039564387733       -11.727124279270621
  22.932783577231394       -11.598528791046139
  24.255511819859098       -11.437256933531476


# Temperature: 3.000000
# Parameters: -11.827453 0.953562 4.112887 19.429102
  17.035421195840680       -11.651677775306375
  18.122470597054591       -11.780675538085728
  19.254807305049955       -11.825052353739888
  20.433355550577456       -11.806202731601363
  21.659039564387733       -11.727124279270621
  22.932783577231394       -11.598528814883943
  24.255511819859098       -11.437257541913736


# Temperature: 4.000000
# Parameters: -11.827453 0.953562 4.112942 19.429099
  17.035421195840680       -11.651677775306375
  18.122470597054591       -11.780675539122154
  19.254807305049955       -11.825052354776314
  20.433355550577456       -11.806202732637789
  21.659039564387733       -11.727124281343475
  22.932783577231394       -11.598528856340998
  24.255511819859098       -11.437258687164839


# Temperature: 5.000000
# Parameters: -11.827453 0.953562 4.113033 19.429095
  17.035421195840680       -11.651677776342801
  18.122470597054591       -11.780675541195006
  19.254807305049955       -11.825052357885594
  20.433355550577456       -11.806202736783495
  21.659039564387733       -11.727124284452753
  22.932783577231394       -11.598528922672283
  24.255511819859098       -11.437260533040147


# Temperature: 6.000000
# Parameters: -11.827453 0.953562 4.113164 19.429088
  17.035421195840680       -11.651677779452081
  18.122470597054591       -11.780675545340712
  19.254807305049955       -11.825052363067725
  20.433355550577456       -11.806202744038480
  21.659039564387733       -11.727124291707737
  22.932783577231394       -11.598529020096359
  24.255511819859098       -11.437263236040037


# Temperature: 7.000000
# Parameters: -11.827453 0.953562 4.113345 19.429079
  17.035421195840680       -11.651677782561359
  18.122470597054591       -11.780675550522844
  19.254807305049955       -11.825052372395563
  20.433355550577456       -11.806202755439170
  21.659039564387733       -11.727124302072001
  22.932783577231394       -11.598529153795356
  24.255511819859098       -11.437266944373475


# Temperature: 8.000000
# Parameters: -11.827453 0.953563 4.113581 19.429067
  17.035421195840680       -11.651677788779917
  18.122470597054591       -11.780675559850680
  19.254807305049955       -11.825052386905531
  20.433355550577456       -11.806202772021990
  21.659039564387733       -11.727124318654823
  22.932783577231394       -11.598529332060686
  24.255511819859098       -11.437271793812311


# Temperature: 9.000000
# Parameters: -11.827452 0.953563 4.113878 19.429052
  17.035421195840680       -11.651677798107755
  18.122470597054591       -11.780675573324222
  19.254807305049955       -11.825052406597631
  20.433355550577456       -11.806202797932649
  21.659039564387733       -11.727124342492628
  22.932783577231394       -11.598529564220186
  24.255511819859098       -11.437277909764132


# Temperature: 10.000000
# Parameters: -11.827452 0.953564 4.114242 19.429034
  17.035421195840680       -11.651677810544872
  18.122470597054591       -11.780675591979897
  19.254807305049955       -11.825052434581142
  20.433355550577456       -11.806202832134719
  21.659039564387733       -11.727124375658271
  22.932783577231394       -11.598529857528840
  24.255511819859098       -11.437285404162983


# Temperature: 11.000000
# Parameters: -11.827452 0.953564 4.114677 19.429012
  17.035421195840680       -11.651677828164118
  18.122470597054591       -11.780675617890555
  19.254807305049955       -11.825052472928917
  20.433355550577456       -11.806202878773904
  21.659039564387733       -11.727124421261029
  22.932783577231394       -11.598530221314485
  24.255511819859098       -11.437294373396513


# Temperature: 12.000000
# Parameters: -11.827452 0.953565 4.115188 19.428986
  17.035421195840680       -11.651677850965498
  18.122470597054591       -11.780675651056198
  19.254807305049955       -11.825052522677382
  20.433355550577456       -11.806202940959484
  21.659039564387733       -11.727124480337331
  22.932783577231394       -11.598530666977810
  24.255511819859098       -11.437304905560962


# Temperature: 13.000000
# Parameters: -11.827452 0.953566 4.115775 19.428956
  17.035421195840680       -11.651677879985435
  18.122470597054591       -11.780675693549679
  19.254807305049955       -11.825052586935815
  20.433355550577456       -11.806203018691459
  21.659039564387733       -11.727124555996454
  22.932783577231394       -11.598531205919505
  24.255511819859098       -11.437317074242598


# Temperature: 14.000000
# Parameters: -11.827452 0.953567 4.116445 19.428923
  17.035421195840680       -11.651677916260358
  18.122470597054591       -11.780675747443848
  19.254807305049955       -11.825052666740643
  20.433355550577456       -11.806203117151961
  21.659039564387733       -11.727124651347676
  22.932783577231394       -11.598531849540262
  24.255511819859098       -11.437330943699854


# Temperature: 15.000000
# Parameters: -11.827451 0.953568 4.117197 19.428885
  17.035421195840680       -11.651677961863117
  18.122470597054591       -11.780675814811559
  19.254807305049955       -11.825052766237571
  20.433355550577456       -11.806203238413843
  21.659039564387733       -11.727124768463852
  22.932783577231394       -11.598532612350047
  24.255511819859098       -11.437346569899754


# Temperature: 16.000000
# Parameters: -11.827451 0.953568 4.118033 19.428843
  17.035421195840680       -11.651678017830138
  18.122470597054591       -11.780675895652815
  19.254807305049955       -11.825052886463027
  20.433355550577456       -11.806203386622810
  21.659039564387733       -11.727124912527113
  22.932783577231394       -11.598533506785976
  24.255511819859098       -11.437363999481482


# Temperature: 17.000000
# Parameters: -11.827451 0.953569 4.118957 19.428797
  17.035421195840680       -11.651678086234277
  18.122470597054591       -11.780675994113317
  19.254807305049955       -11.825053032599140
  20.433355550577456       -11.806203563851714
  21.659039564387733       -11.727125085610313
  22.932783577231394       -11.598534550467299
  24.255511819859098       -11.437383270792814


# Temperature: 18.000000
# Parameters: -11.827451 0.953570 4.119967 19.428747
  17.035421195840680       -11.651678167075531
  18.122470597054591       -11.780676112265919
  19.254807305049955       -11.825053205682337
  20.433355550577456       -11.806203775282686
  21.659039564387733       -11.727125292895581
  22.932783577231394       -11.598535761013261
  24.255511819859098       -11.437404416999390


# Temperature: 19.000000
# Parameters: -11.827450 0.953571 4.121064 19.428692
  17.035421195840680       -11.651678262426755
  18.122470597054591       -11.780676251147048
  19.254807305049955       -11.825053409858327
  20.433355550577456       -11.806204024025007
  21.659039564387733       -11.727125537492196
  22.932783577231394       -11.598537157079539
  24.255511819859098       -11.437427466084724


# Temperature: 20.000000
# Parameters: -11.827450 0.953572 4.122250 19.428634
  17.035421195840680       -11.651678375397225
  18.122470597054591       -11.780676414902409
  19.254807305049955       -11.825053648236384
  20.433355550577456       -11.806204315260809
  21.659039564387733       -11.727125825618717
  22.932783577231394       -11.598538760431085
  24.255511819859098       -11.437452439813768


# Temperature: 21.000000
# Parameters: -11.827450 0.953573 4.123523 19.428571
  17.035421195840680       -11.651678505986943
  18.122470597054591       -11.780676603532003
  19.254807305049955       -11.825053924962218
  20.433355550577456       -11.806204653135795
  21.659039564387733       -11.727126160384426
  22.932783577231394       -11.598540593869277
  24.255511819859098       -11.437479357878621


# Temperature: 22.000000
# Parameters: -11.827450 0.953574 4.124883 19.428504
  17.035421195840680       -11.651678657305188
  18.122470597054591       -11.780676823254387
  19.254807305049955       -11.825054243145102
  20.433355550577456       -11.806205041795671
  21.659039564387733       -11.727126546971450
  22.932783577231394       -11.598542682268349
  24.255511819859098       -11.437508233752828


# Temperature: 23.000000
# Parameters: -11.827449 0.953575 4.126332 19.428433
  17.035421195840680       -11.651678831424814
  18.122470597054591       -11.780677074069560
  19.254807305049955       -11.825054609003599
  20.433355550577456       -11.806205486422570
  21.659039564387733       -11.727126993671201
  22.932783577231394       -11.598545054648236
  24.255511819859098       -11.437539078837077


# Temperature: 24.000000
# Parameters: -11.827449 0.953575 4.127865 19.428358
  17.035421195840680       -11.651679029382244
  18.122470597054591       -11.780677360123230
  19.254807305049955       -11.825055024610561
  20.433355550577456       -11.806205994271476
  21.659039564387733       -11.727127504629387
  22.932783577231394       -11.598547738992451
  24.255511819859098       -11.437571903495632


# Temperature: 25.000000
# Parameters: -11.827449 0.953575 4.129482 19.428280
  17.035421195840680       -11.651679255323186
  18.122470597054591       -11.780677685561100
  19.254807305049955       -11.825055495148119
  20.433355550577456       -11.806206569488094
  21.659039564387733       -11.727128088137414
  22.932783577231394       -11.598550768466637
  24.255511819859098       -11.437606714983477


# Temperature: 26.000000
# Parameters: -11.827449 0.953575 4.131184 19.428197
  17.035421195840680       -11.651679510284065
  18.122470597054591       -11.780678053492450
  19.254807305049955       -11.825056025798403
  20.433355550577456       -11.806207218290982
  21.659039564387733       -11.727128750413844
  22.932783577231394       -11.598554175200011
  24.255511819859098       -11.437643518482744


# Temperature: 27.000000
# Parameters: -11.827448 0.953574 4.132969 19.428112
  17.035421195840680       -11.651679797374161
  18.122470597054591       -11.780678465990132
  19.254807305049955       -11.825056621743549
  20.433355550577456       -11.806207947935123
  21.659039564387733       -11.727129500786512
  22.932783577231394       -11.598557995467493
  24.255511819859098       -11.437682319175565


# Temperature: 28.000000
# Parameters: -11.827448 0.953574 4.134834 19.428022
  17.035421195840680       -11.651680119702752
  18.122470597054591       -11.780678928236279
  19.254807305049955       -11.825057289202110
  20.433355550577456       -11.806208765675505
  21.659039564387733       -11.727130347546831
  22.932783577231394       -11.598562267616860
  24.255511819859098       -11.437723118098365


# Temperature: 29.000000
# Parameters: -11.827448 0.953572 4.136778 19.427930
  17.035421195840680       -11.651680479342691
  18.122470597054591       -11.780679445413023
  19.254807305049955       -11.825058033356221
  20.433355550577456       -11.806209678767109
  21.659039564387733       -11.727131301059062
  22.932783577231394       -11.598567028959456
  24.255511819859098       -11.437765920433277


# Temperature: 30.000000
# Parameters: -11.827448 0.953570 4.138799 19.427835
  17.035421195840680       -11.651680879403258
  18.122470597054591       -11.780680019593213
  19.254807305049955       -11.825058859388013
  20.433355550577456       -11.806210696537772
  21.659039564387733       -11.727132370651043
  22.932783577231394       -11.598572320952339
  24.255511819859098       -11.437810725143875


# Temperature: 31.000000
# Parameters: -11.827448 0.953568 4.140897 19.427737
  17.035421195840680       -11.651681324030157
  18.122470597054591       -11.780680655958985
  19.254807305049955       -11.825059775588896
  20.433355550577456       -11.806211825206054
  21.659039564387733       -11.727133568759891
  22.932783577231394       -11.598578185052560
  24.255511819859098       -11.437857534303010


# Temperature: 32.000000
# Parameters: -11.827448 0.953565 4.143067 19.427636
  17.035421195840680       -11.651681815296241
  18.122470597054591       -11.780681360728895
  19.254807305049955       -11.825060788177428
  20.433355550577456       -11.806213076172645
  21.659039564387733       -11.727134906786294
  22.932783577231394       -11.598584664790026
  24.255511819859098       -11.437906349983535


# Temperature: 33.000000
# Parameters: -11.827448 0.953561 4.145310 19.427532
  17.035421195840680       -11.651682356310790
  18.122470597054591       -11.780682137012223
  19.254807305049955       -11.825061904408594
  20.433355550577456       -11.806214457728954
  21.659039564387733       -11.727136397167367
  22.932783577231394       -11.598591803694644
  24.255511819859098       -11.437957171149025


# Temperature: 34.000000
# Parameters: -11.827448 0.953556 4.147622 19.427427
  17.035421195840680       -11.651682952255934
  18.122470597054591       -11.780682992063952
  19.254807305049955       -11.825063131537378
  20.433355550577456       -11.806215981275670
  21.659039564387733       -11.727138054413082
  22.932783577231394       -11.598599645296318
  24.255511819859098       -11.438009998835906


# Temperature: 35.000000
# Parameters: -11.827448 0.953551 4.150000 19.427319
  17.035421195840680       -11.651683607277381
  18.122470597054591       -11.780683930029788
  19.254807305049955       -11.825064479928045
  20.433355550577456       -11.806217657177060
  21.659039564387733       -11.727139893033405
  22.932783577231394       -11.598608236234234
  24.255511819859098       -11.438064834080603


# Temperature: 36.000000
# Parameters: -11.827448 0.953544 4.152445 19.427209
  17.035421195840680       -11.651684323447979
  18.122470597054591       -11.780684957128289
  19.254807305049955       -11.825065955799150
  20.433355550577456       -11.806219496833810
  21.659039564387733       -11.727141929611159
  22.932783577231394       -11.598617622111153
  24.255511819859098       -11.438121676883117


# Temperature: 37.000000
# Parameters: -11.827449 0.953537 4.154952 19.427098
  17.035421195840680       -11.651685105949865
  18.122470597054591       -11.780686079578013
  19.254807305049955       -11.825067569514959
  20.433355550577456       -11.806221513719464
  21.659039564387733       -11.727144178656314
  22.932783577231394       -11.598627847493404
  24.255511819859098       -11.438180527243450


# Temperature: 38.000000
# Parameters: -11.827449 0.953528 4.157520 19.426986
  17.035421195840680       -11.651685958928741
  18.122470597054591       -11.780687304633943
  19.254807305049955       -11.825069330403307
  20.433355550577456       -11.806223719234710
  21.659039564387733       -11.727146658824541
  22.932783577231394       -11.598638959020175
  24.255511819859098       -11.438241387234450


# Temperature: 39.000000
# Parameters: -11.827450 0.953519 4.160147 19.426872
  17.035421195840680       -11.651686888603166
  18.122470597054591       -11.780688639551068
  19.254807305049955       -11.825071248828460
  20.433355550577456       -11.806226127889520
  21.659039564387733       -11.727149387735089
  22.932783577231394       -11.598651002294224
  24.255511819859098       -11.438304254783269


# Temperature: 40.000000
# Parameters: -11.827450 0.953508 4.162829 19.426757
  17.035421195840680       -11.651687898082420
  18.122470597054591       -11.780690090547941
  19.254807305049955       -11.825073335154677
  20.433355550577456       -11.806228753157436
  21.659039564387733       -11.727152385080059
  22.932783577231394       -11.598664022918310
  24.255511819859098       -11.438369132999183


# Temperature: 41.000000
# Parameters: -11.827451 0.953496 4.165565 19.426641
  17.035421195840680       -11.651688993585060
  18.122470597054591       -11.780691664879548
  19.254807305049955       -11.825075599746226
  20.433355550577456       -11.806231609548423
  21.659039564387733       -11.727155670551550
  22.932783577231394       -11.598678066495191
  24.255511819859098       -11.438436021882193


# Temperature: 42.000000
# Parameters: -11.827452 0.953482 4.168354 19.426525
  17.035421195840680       -11.651690180293217
  18.122470597054591       -11.780693371873728
  19.254807305049955       -11.825078055040221
  20.433355550577456       -11.806234712608880
  21.659039564387733       -11.727159262805239
  22.932783577231394       -11.598693177591201
  24.255511819859098       -11.438504922468725


# Temperature: 43.000000
# Parameters: -11.827453 0.953467 4.171191 19.426408
  17.035421195840680       -11.651691462352597
  18.122470597054591       -11.780695218785462
  19.254807305049955       -11.825080712437352
  20.433355550577456       -11.806238077885199
  21.659039564387733       -11.727163185678929
  22.932783577231394       -11.598709400772673
  24.255511819859098       -11.438575835795206


# Temperature: 44.000000
# Parameters: -11.827455 0.953451 4.174076 19.426292
  17.035421195840680       -11.651692848054610
  18.122470597054591       -11.780697214942590
  19.254807305049955       -11.825083585411161
  20.433355550577456       -11.806241721960204
  21.659039564387733       -11.727167459901146
  22.932783577231394       -11.598726779569510
  24.255511819859098       -11.438648761861636


# Temperature: 45.000000
# Parameters: -11.827456 0.953433 4.177005 19.426175
  17.035421195840680       -11.651694341544964
  18.122470597054591       -11.780699369672947
  19.254807305049955       -11.825086685362338
  20.433355550577456       -11.806245662453142
  21.659039564387733       -11.727172107236846
  22.932783577231394       -11.598745358548047
  24.255511819859098       -11.438723703777294


# Temperature: 46.000000
# Parameters: -11.827458 0.953414 4.179979 19.426059
  17.035421195840680       -11.651695950078640
  18.122470597054591       -11.780701690231517
  19.254807305049955       -11.825090026800853
  20.433355550577456       -11.806249914910406
  21.659039564387733       -11.727177151523835
  22.932783577231394       -11.598765178128911
  24.255511819859098       -11.438800661542178


# Temperature: 47.000000
# Parameters: -11.827460 0.953393 4.182992 19.425943
  17.035421195840680       -11.651697680910626
  18.122470597054591       -11.780704189055418
  19.254807305049955       -11.825093622163820
  20.433355550577456       -11.806254499024101
  21.659039564387733       -11.727182616599915
  22.932783577231394       -11.598786281842008
  24.255511819859098       -11.438879637229144


# Temperature: 48.000000
# Parameters: -11.827462 0.953370 4.186042 19.425828
  17.035421195840680       -11.651699539223049
  18.122470597054591       -11.780706873399634
  19.254807305049955       -11.825097486997635
  20.433355550577456       -11.806259432413469
  21.659039564387733       -11.727188526302896
  22.932783577231394       -11.598808709071539
  24.255511819859098       -11.438960631874616


# Temperature: 49.000000
# Parameters: -11.827464 0.953346 4.189132 19.425713
  17.035421195840680       -11.651701532270899
  18.122470597054591       -11.780709755701281
  19.254807305049955       -11.825101634775839
  20.433355550577456       -11.806264734770616
  21.659039564387733       -11.727194905507007
  22.932783577231394       -11.598832500238132
  24.255511819859098       -11.439043646515021


# Temperature: 50.000000
# Parameters: -11.827467 0.953320 4.192254 19.425600
  17.035421195840680       -11.651703668345581
  18.122470597054591       -11.780712845288194
  19.254807305049955       -11.825106081044831
  20.433355550577456       -11.806270423714786
  21.659039564387733       -11.727201779086482
  22.932783577231394       -11.598857694725984
  24.255511819859098       -11.439128683223212


# Temperature: 51.000000
# Parameters: -11.827470 0.953292 4.195409 19.425488
  17.035421195840680       -11.651705953665656
  18.122470597054591       -11.780716154597492
  19.254807305049955       -11.825110840314576
  20.433355550577456       -11.806276519974507
  21.659039564387733       -11.727209171915550
  22.932783577231394       -11.598884329846449
  24.255511819859098       -11.439215744072040


# Temperature: 52.000000
# Parameters: -11.827473 0.953262 4.198594 19.425378
  17.035421195840680       -11.651708397558961
  18.122470597054591       -11.780719692957010
  19.254807305049955       -11.825115928131469
  20.433355550577456       -11.806283043241878
  21.659039564387733       -11.727217109904874
  22.932783577231394       -11.598912442910869
  24.255511819859098       -11.439304829061507


# Temperature: 53.000000
# Parameters: -11.827476 0.953230 4.201808 19.425270
  17.035421195840680       -11.651711007280481
  18.122470597054591       -11.780723472803865
  19.254807305049955       -11.825121362114761
  20.433355550577456       -11.806290014245429
  21.659039564387733       -11.727225617928685
  22.932783577231394       -11.598942069157745
  24.255511819859098       -11.439395941300893


# Temperature: 54.000000
# Parameters: -11.827480 0.953197 4.205047 19.425163
  17.035421195840680       -11.651713790085198
  18.122470597054591       -11.780727505538747
  19.254807305049955       -11.825127155737990
  20.433355550577456       -11.806297452677258
  21.659039564387733       -11.727234723970492
  22.932783577231394       -11.598973245898422
  24.255511819859098       -11.439489080790194


# Temperature: 55.000000
# Parameters: -11.827484 0.953161 4.208314 19.425058
  17.035421195840680       -11.651716755300953
  18.122470597054591       -11.780731804635199
  19.254807305049955       -11.825133328693260
  20.433355550577456       -11.806305380302318
  21.659039564387733       -11.727244452904527
  22.932783577231394       -11.599006004225691
  24.255511819859098       -11.439584249602268


# Temperature: 56.000000
# Parameters: -11.827489 0.953124 4.211601 19.424956
  17.035421195840680       -11.651719911219152
  18.122470597054591       -11.780736380457482
  19.254807305049955       -11.825139895490539
  20.433355550577456       -11.806313816812711
  21.659039564387733       -11.727254830641451
  22.932783577231394       -11.599040380414475
  24.255511819859098       -11.439681449809962


# Temperature: 57.000000
# Parameters: -11.827494 0.953084 4.214909 19.424856
  17.035421195840680       -11.651723267167634
  18.122470597054591       -11.780741246479138
  19.254807305049955       -11.825146872712647
  20.433355550577456       -11.806322785009815
  21.659039564387733       -11.727265885164774
  22.932783577231394       -11.599076403484709
  24.255511819859098       -11.439780681413280


# Temperature: 58.000000
# Parameters: -11.827499 0.953043 4.218237 19.424758
  17.035421195840680       -11.651726831437811
  18.122470597054591       -11.780746415137287
  19.254807305049955       -11.825154280051684
  20.433355550577456       -11.806332305622156
  21.659039564387733       -11.727277641348728
  22.932783577231394       -11.599114106602038
  24.255511819859098       -11.439881947521499


# Temperature: 59.000000
# Parameters: -11.827505 0.952999 4.221582 19.424664
  17.035421195840680       -11.651730613357520
  18.122470597054591       -11.780751899905468
  19.254807305049955       -11.825162133054048
  20.433355550577456       -11.806342399378263
  21.659039564387733       -11.727290126140396
  22.932783577231394       -11.599153517749970
  24.255511819859098       -11.439985247098194


# Temperature: 60.000000
# Parameters: -11.827511 0.952954 4.224945 19.424572
  17.035421195840680       -11.651734623291022
  18.122470597054591       -11.780757714257225
  19.254807305049955       -11.825170449338986
  20.433355550577456       -11.806353090115941
  21.659039564387733       -11.727303365450439
  22.932783577231394       -11.599194668021299
  24.255511819859098       -11.440090583252642


# Temperature: 61.000000
# Parameters: -11.827518 0.952906 4.228321 19.424483
  17.035421195840680       -11.651738869529728
  18.122470597054591       -11.780763870629674
  19.254807305049955       -11.825179247562170
  20.433355550577456       -11.806364396490864
  21.659039564387733       -11.727317386225941
  22.932783577231394       -11.599237584363109
  24.255511819859098       -11.440197957021272


# Temperature: 62.000000
# Parameters: -11.827525 0.952857 4.231708 19.424398
  17.035421195840680       -11.651743361401479
  18.122470597054591       -11.780770383532783
  19.254807305049955       -11.825188545342851
  20.433355550577456       -11.806376343377263
  21.659039564387733       -11.727332214377562
  22.932783577231394       -11.599282293722483
  24.255511819859098       -11.440307368404083


# Temperature: 63.000000
# Parameters: -11.827532 0.952805 4.235109 19.424316
  17.035421195840680       -11.651748110306960
  18.122470597054591       -11.780777265403668
  19.254807305049955       -11.825198360300272
  20.433355550577456       -11.806388950467241
  21.659039564387733       -11.727347875815957
  22.932783577231394       -11.599328823046507
  24.255511819859098       -11.440418818437502


# Temperature: 64.000000
# Parameters: -11.827540 0.952751 4.238520 19.424237
  17.035421195840680       -11.651753124537583
  18.122470597054591       -11.780784531788724
  19.254807305049955       -11.825208711090111
  20.433355550577456       -11.806402241598601
  21.659039564387733       -11.727364397488213
  22.932783577231394       -11.599377197209414
  24.255511819859098       -11.440532308157954


# Temperature: 65.000000
# Parameters: -11.827549 0.952695 4.241939 19.424162
  17.035421195840680       -11.651758415494040
  18.122470597054591       -11.780792195125068
  19.254807305049955       -11.825219615331614
  20.433355550577456       -11.806416236463445
  21.659039564387733       -11.727381802195708
  22.932783577231394       -11.599427439012580
  24.255511819859098       -11.440647839638290


# Temperature: 66.000000
# Parameters: -11.827558 0.952637 4.245365 19.424091
  17.035421195840680       -11.651763993540591
  18.122470597054591       -11.780800270959094
  19.254807305049955       -11.825231092716884
  20.433355550577456       -11.806430957863151
  21.659039564387733       -11.727400117921956
  22.932783577231394       -11.599479573330241
  24.255511819859098       -11.440765410805660


# Temperature: 67.000000
# Parameters: -11.827568 0.952577 4.248797 19.424023
  17.035421195840680       -11.651769868005076
  18.122470597054591       -11.780808771727919
  19.254807305049955       -11.825243158792311
  20.433355550577456       -11.806446427562674
  21.659039564387733       -11.727419369541186
  22.932783577231394       -11.599533622963774
  24.255511819859098       -11.440885024769345


# Temperature: 68.000000
# Parameters: -11.827578 0.952514 4.252233 19.423960
  17.035421195840680       -11.651776050288182
  18.122470597054591       -11.780817714014365
  19.254807305049955       -11.825255835322853
  20.433355550577456       -11.806462666290539
  21.659039564387733       -11.727439580891208
  22.932783577231394       -11.599589607605280
  24.255511819859098       -11.441006681529341


# Temperature: 69.000000
# Parameters: -11.827589 0.952450 4.255674 19.423901
  17.035421195840680       -11.651782550754175
  18.122470597054591       -11.780827110255547
  19.254807305049955       -11.825269137854903
  20.433355550577456       -11.806479696848127
  21.659039564387733       -11.727460776846248
  22.932783577231394       -11.599647550056140
  24.255511819859098       -11.441130380049222


# Temperature: 70.000000
# Parameters: -11.827600 0.952383 4.259116 19.423846
  17.035421195840680       -11.651789380803743
  18.122470597054591       -11.780836977034285
  19.254807305049955       -11.825283086080562
  20.433355550577456       -11.806497541000391
  21.659039564387733       -11.727482982280542
  22.932783577231394       -11.599707468972026
  24.255511819859098       -11.441256121365416


# Temperature: 71.000000
# Parameters: -11.827613 0.952315 4.262560 19.423795
  17.035421195840680       -11.651796549764725
  18.122470597054591       -11.780847326787699
  19.254807305049955       -11.825297698655502
  20.433355550577456       -11.806516218439430
  21.659039564387733       -11.727506221031895
  22.932783577231394       -11.599769383008613
  24.255511819859098       -11.441383906514350


# Temperature: 72.000000
# Parameters: -11.827626 0.952244 4.266003 19.423749
  17.035421195840680       -11.651804069037809
  18.122470597054591       -11.780858176098606
  19.254807305049955       -11.825312993198974
  20.433355550577456       -11.806535750930200
  21.659039564387733       -11.727530515901687
  22.932783577231394       -11.599833311858001
  24.255511819859098       -11.441513734459596


# Temperature: 73.000000
# Parameters: -11.827639 0.952171 4.269448 19.423707
  17.035421195840680       -11.651811950023683
  18.122470597054591       -11.780869537404124
  19.254807305049955       -11.825328987330224
  20.433355550577456       -11.806556160237649
  21.659039564387733       -11.727555891764151
  22.932783577231394       -11.599899272103013
  24.255511819859098       -11.441645606237579


# Temperature: 74.000000
# Parameters: -11.827653 0.952096 4.272887 19.423669
  17.035421195840680       -11.651820204123039
  18.122470597054591       -11.780881428323502
  19.254807305049955       -11.825345700741353
  20.433355550577456       -11.806577465017456
  21.659039564387733       -11.727582370384237
  22.932783577231394       -11.599967281362893
  24.255511819859098       -11.441779519775450


# Temperature: 75.000000
# Parameters: -11.827668 0.952019 4.276325 19.423637
  17.035421195840680       -11.651828841700143
  18.122470597054591       -11.780893860257427
  19.254807305049955       -11.825363151051608
  20.433355550577456       -11.806599688070998
  21.659039564387733       -11.727609973526901
  22.932783577231394       -11.600037354147615
  24.255511819859098       -11.441915476109633


# Temperature: 76.000000
# Parameters: -11.827684 0.951939 4.279760 19.423609
  17.035421195840680       -11.651837875192104
  18.122470597054591       -11.780906850825149
  19.254807305049955       -11.825381355880237
  20.433355550577456       -11.806622849090376
  21.659039564387733       -11.727638726066372
  22.932783577231394       -11.600109507039996
  24.255511819859098       -11.442053475240128


# Temperature: 77.000000
# Parameters: -11.827701 0.951858 4.283188 19.423586
  17.035421195840680       -11.651847313926766
  18.122470597054591       -11.780920413500210
  19.254807305049955       -11.825400332846488
  20.433355550577456       -11.806646967767691
  21.659039564387733       -11.727668646658328
  22.932783577231394       -11.600183753513582
  24.255511819859098       -11.442193516130509


# Temperature: 78.000000
# Parameters: -11.827718 0.951775 4.286612 19.423568
  17.035421195840680       -11.651857170341241
  18.122470597054591       -11.780934562792579
  19.254807305049955       -11.825420100606035
  20.433355550577456       -11.806672064831469
  21.659039564387733       -11.727699759140572
  22.932783577231394       -11.600260109114764
  24.255511819859098       -11.442335598780778


# Temperature: 79.000000
# Parameters: -11.827736 0.951689 4.290030 19.423555
  17.035421195840680       -11.651867454799795
  18.122470597054591       -11.780949313212222
  19.254807305049955       -11.825440676778125
  20.433355550577456       -11.806698158937383
  21.659039564387733       -11.727732083205206
  22.932783577231394       -11.600338586280660
  24.255511819859098       -11.442479721118078


# Temperature: 80.000000
# Parameters: -11.827755 0.951602 4.293439 19.423547
  17.035421195840680       -11.651878179739542
  18.122470597054591       -11.780964680305539
  19.254807305049955       -11.825462078982008
  20.433355550577456       -11.806725269777537
  21.659039564387733       -11.727765639580756
  22.932783577231394       -11.600419197448387
  24.255511819859098       -11.442625883142412


# Temperature: 81.000000
# Parameters: -11.827774 0.951512 4.296841 19.423544
  17.035421195840680       -11.651889356561172
  18.122470597054591       -11.780980678582493
  19.254807305049955       -11.825484323800504
  20.433355550577456       -11.806753416007600
  21.659039564387733       -11.727800448995747
  22.932783577231394       -11.600501956091486
  24.255511819859098       -11.442774084853781


# Temperature: 82.000000
# Parameters: -11.827795 0.951421 4.300235 19.423547
  17.035421195840680       -11.651900995628949
  18.122470597054591       -11.780997322553057
  19.254807305049955       -11.825507428852859
  20.433355550577456       -11.806782617319678
  21.659039564387733       -11.727836530105856
  22.932783577231394       -11.600586871537795
  24.255511819859098       -11.442924324179328


# Temperature: 83.000000
# Parameters: -11.827816 0.951328 4.303619 19.423554
  17.035421195840680       -11.651913109379990
  18.122470597054591       -11.781014625690773
  19.254807305049955       -11.825531410721897
  20.433355550577456       -11.806812892369441
  21.659039564387733       -11.727873903639610
  22.932783577231394       -11.600673956224430
  24.255511819859098       -11.443076600082632


# Temperature: 84.000000
# Parameters: -11.827839 0.951232 4.306993 19.423567
  17.035421195840680       -11.651925708178556
  18.122470597054591       -11.781032604578460
  19.254807305049955       -11.825556288063291
  20.433355550577456       -11.806844258776138
  21.659039564387733       -11.727912588252680
  22.932783577231394       -11.600763220515654
  24.255511819859098       -11.443230911527262


# Temperature: 85.000000
# Parameters: -11.827862 0.951135 4.310357 19.423586
  17.035421195840680       -11.651938804461764
  18.122470597054591       -11.781051271653237
  19.254807305049955       -11.825582075387011
  20.433355550577456       -11.806876735195443
  21.659039564387733       -11.727952601564317
  22.932783577231394       -11.600854673739304
  24.255511819859098       -11.443387257476797


# Temperature: 86.000000
# Parameters: -11.827886 0.951036 4.313708 19.423609
  17.035421195840680       -11.651952408593878
  18.122470597054591       -11.781070641425069
  19.254807305049955       -11.825608791348728
  20.433355550577456       -11.806910338210178
  21.659039564387733       -11.727993961193766
  22.932783577231394       -11.600948324186792
  24.255511819859098       -11.443545635858378


# Temperature: 87.000000
# Parameters: -11.827911 0.950934 4.317049 19.423638
  17.035421195840680       -11.651966533012015
  18.122470597054591       -11.781090729440354
  19.254807305049955       -11.825636451494841
  20.433355550577456       -11.806945086476016
  21.659039564387733       -11.728036686833128
  22.932783577231394       -11.601044183258804
  24.255511819859098       -11.443706046672009


# Temperature: 88.000000
# Parameters: -11.827937 0.950831 4.320377 19.423673
  17.035421195840680       -11.651981188080436
  18.122470597054591       -11.781111549172635
  19.254807305049955       -11.825665070335315
  20.433355550577456       -11.806980997612206
  21.659039564387733       -11.728080795065226
  22.932783577231394       -11.601142257173903
  24.255511819859098       -11.443868486808411


# Temperature: 89.000000
# Parameters: -11.827964 0.950726 4.323692 19.423713
  17.035421195840680       -11.651996385199832
  18.122470597054591       -11.781133114095452
  19.254807305049955       -11.825694666525827
  20.433355550577456       -11.807018086128716
  21.659039564387733       -11.728126301436454
  22.932783577231394       -11.601242553187069
  24.255511819859098       -11.444032955231155


# Temperature: 90.000000
# Parameters: -11.827992 0.950620 4.326993 19.423758
  17.035421195840680       -11.652012135770892
  18.122470597054591       -11.781155438718775
  19.254807305049955       -11.825725254576344
  20.433355550577456       -11.807056370681220
  21.659039564387733       -11.728173223566062
  22.932783577231394       -11.601345080626142
  24.255511819859098       -11.444199449867391


# Temperature: 91.000000
# Parameters: -11.828021 0.950511 4.330281 19.423809
  17.035421195840680       -11.652028451194306
  18.122470597054591       -11.781178536516148
  19.254807305049955       -11.825756850033262
  20.433355550577456       -11.807095865779687
  21.659039564387733       -11.728221577000440
  22.932783577231394       -11.601449845709679
  24.255511819859098       -11.444367968644265


# Temperature: 92.000000
# Parameters: -11.828052 0.950401 4.333557 19.423866
  17.035421195840680       -11.652045343907192
  18.122470597054591       -11.781202421997536
  19.254807305049955       -11.825789467406549
  20.433355550577456       -11.807136589043365
  21.659039564387733       -11.728271377285987
  22.932783577231394       -11.601556854656238
  24.255511819859098       -11.444538511561777


# Temperature: 93.000000
# Parameters: -11.828083 0.950288 4.336814 19.423928
  17.035421195840680       -11.652062822200959
  18.122470597054591       -11.781227107600058
  19.254807305049955       -11.825823123279028
  20.433355550577456       -11.807178554982222
  21.659039564387733       -11.728322639969097
  22.932783577231394       -11.601666113684377
  24.255511819859098       -11.444711073437796


# Temperature: 94.000000
# Parameters: -11.828115 0.950175 4.340058 19.423996
  17.035421195840680       -11.652080899549148
  18.122470597054591       -11.781252607833681
  19.254807305049955       -11.825857832160665
  20.433355550577456       -11.807221778106227
  21.659039564387733       -11.728375380596166
  22.932783577231394       -11.601777629012654
  24.255511819859098       -11.444885655308749


# Temperature: 95.000000
# Parameters: -11.828148 0.950059 4.343285 19.424070
  17.035421195840680       -11.652099587352451
  18.122470597054591       -11.781278936171947
  19.254807305049955       -11.825893608561429
  20.433355550577456       -11.807266276034628
  21.659039564387733       -11.728429611604309
  22.932783577231394       -11.601891403750349
  24.255511819859098       -11.445062253028928


# Temperature: 96.000000
# Parameters: -11.828182 0.949941 4.346498 19.424149
  17.035421195840680       -11.652118893902278
  18.122470597054591       -11.781306104015549
  19.254807305049955       -11.825930465954867
  20.433355550577456       -11.807312060168115
  21.659039564387733       -11.728485349576346
  22.932783577231394       -11.602007445152445
  24.255511819859098       -11.445240864525484


# Temperature: 97.000000
# Parameters: -11.828218 0.949822 4.349695 19.424234
  17.035421195840680       -11.652138832672170
  18.122470597054591       -11.781334126910879
  19.254807305049955       -11.825968419887369
  20.433355550577456       -11.807359147089509
  21.659039564387733       -11.728542605912969
  22.932783577231394       -11.602125757364647
  24.255511819859098       -11.445421487725561


# Temperature: 98.000000
# Parameters: -11.828254 0.949702 4.352874 19.424325
  17.035421195840680       -11.652159414026393
  18.122470597054591       -11.781363016258629
  19.254807305049955       -11.826007483832479
  20.433355550577456       -11.807407550272352
  21.659039564387733       -11.728601394087720
  22.932783577231394       -11.602246343496235
  24.255511819859098       -11.445604120556307


# Temperature: 99.000000
# Parameters: -11.828292 0.949579 4.356037 19.424421
  17.035421195840680       -11.652180648329209
  18.122470597054591       -11.781392785532338
  19.254807305049955       -11.826047671263741
  20.433355550577456       -11.807457282153761
  21.659039564387733       -11.728661728610568
  22.932783577231394       -11.602369208729341
  24.255511819859098       -11.445788760944872


# Temperature: 100.000000
# Parameters: -11.828331 0.949455 4.359181 19.424523
  17.035421195840680       -11.652202546981307
  18.122470597054591       -11.781423446132699
  19.254807305049955       -11.826088996691121
  20.433355550577456       -11.807508358280129
  21.659039564387733       -11.728723620882203
  22.932783577231394       -11.602494355136818
  24.255511819859098       -11.445975404745546


# Temperature: 101.000000
# Parameters: -11.828371 0.949329 4.362310 19.424631
  17.035421195840680       -11.652225119310526
  18.122470597054591       -11.781455012569680
  19.254807305049955       -11.826131472551737
  20.433355550577456       -11.807560790052150
  21.659039564387733       -11.728787082303313
  22.932783577231394       -11.602621785827942
  24.255511819859098       -11.446164049885480


# Temperature: 102.000000
# Parameters: -11.828412 0.949202 4.365420 19.424745
  17.035421195840680       -11.652248377753979
  18.122470597054591       -11.781487496243969
  19.254807305049955       -11.826175111282703
  20.433355550577456       -11.807614590943363
  21.659039564387733       -11.728852126347441
  22.932783577231394       -11.602751505984850
  24.255511819859098       -11.446354694291822


# Temperature: 103.000000
# Parameters: -11.828454 0.949073 4.368512 19.424864
  17.035421195840680       -11.652272331639505
  18.122470597054591       -11.781520908556258
  19.254807305049955       -11.826219926357563
  20.433355550577456       -11.807669774427309
  21.659039564387733       -11.728918763378850
  22.932783577231394       -11.602883515607537
  24.255511819859098       -11.446547334855289


# Temperature: 104.000000
# Parameters: -11.828498 0.948943 4.371586 19.424989
  17.035421195840680       -11.652296992367795
  18.122470597054591       -11.781555261943662
  19.254807305049955       -11.826265931249861
  20.433355550577456       -11.807726350868254
  21.659039564387733       -11.728987004798231
  22.932783577231394       -11.603017818841710
  24.255511819859098       -11.446741969503032


# Temperature: 105.000000
# Parameters: -11.828542 0.948811 4.374644 19.425120
  17.035421195840680       -11.652322369266685
  18.122470597054591       -11.781590568843296
  19.254807305049955       -11.826313136323856
  20.433355550577456       -11.807784332703315
  21.659039564387733       -11.729056860969848
  22.932783577231394       -11.603154415687371
  24.255511819859098       -11.446938593052916


# Temperature: 106.000000
# Parameters: -11.828588 0.948678 4.377681 19.425256
  17.035421195840680       -11.652348472700435
  18.122470597054591       -11.781626841692278
  19.254807305049955       -11.826361555053095
  20.433355550577456       -11.807843731333179
  21.659039564387733       -11.729128342257962
  22.932783577231394       -11.603293309253795
  24.255511819859098       -11.447137204468518


# Temperature: 107.000000
# Parameters: -11.828636 0.948543 4.380700 19.425399
  17.035421195840680       -11.652375313033314
  18.122470597054591       -11.781664089818443
  19.254807305049955       -11.826411198838265
  20.433355550577456       -11.807904559194965
  21.659039564387733       -11.729201460063264
  22.932783577231394       -11.603434501613838
  24.255511819859098       -11.447337800640558


# Temperature: 108.000000
# Parameters: -11.828684 0.948406 4.383700 19.425547
  17.035421195840680       -11.652402901666010
  18.122470597054591       -11.781702326695337
  19.254807305049955       -11.826462079080056
  20.433355550577456       -11.807966826652933
  21.659039564387733       -11.729276221640738
  22.932783577231394       -11.603577992767500
  24.255511819859098       -11.447540377423328


# Temperature: 109.000000
# Parameters: -11.828734 0.948269 4.386681 19.425700
  17.035421195840680       -11.652431246889931
  18.122470597054591       -11.781741562687220
  19.254807305049955       -11.826514208215585
  20.433355550577456       -11.808030544071348
  21.659039564387733       -11.729352638391076
  22.932783577231394       -11.603723783751205
  24.255511819859098       -11.447744932743980


# Temperature: 110.000000
# Parameters: -11.828785 0.948130 4.389642 19.425860
  17.035421195840680       -11.652460359069343
  18.122470597054591       -11.781781808158355
  19.254807305049955       -11.826567595572689
  20.433355550577456       -11.808095721814475
  21.659039564387733       -11.729430719642110
  22.932783577231394       -11.603871875601381
  24.255511819859098       -11.447951462456805


# Temperature: 111.000000
# Parameters: -11.828837 0.947989 4.392585 19.426025
  17.035421195840680       -11.652490249604934
  18.122470597054591       -11.781823075545860
  19.254807305049955       -11.826622253588482
  20.433355550577456       -11.808162370246574
  21.659039564387733       -11.729510472648830
  22.932783577231394       -11.604022269354454
  24.255511819859098       -11.448159963452525


# Temperature: 112.000000
# Parameters: -11.828890 0.947847 4.395507 19.426196
  17.035421195840680       -11.652520925751690
  18.122470597054591       -11.781865374177572
  19.254807305049955       -11.826678191590803
  20.433355550577456       -11.808230500768337
  21.659039564387733       -11.729591906739069
  22.932783577231394       -11.604174965010424
  24.255511819859098       -11.448370432621861


# Temperature: 113.000000
# Parameters: -11.828945 0.947704 4.398409 19.426372
  17.035421195840680       -11.652552397873873
  18.122470597054591       -11.781908715454179
  19.254807305049955       -11.826735420980341
  20.433355550577456       -11.808300120634748
  21.659039564387733       -11.729675030204239
  22.932783577231394       -11.604329961532864
  24.255511819859098       -11.448582866855535


# Temperature: 114.000000
# Parameters: -11.829001 0.947559 4.401292 19.426554
  17.035421195840680       -11.652584677372174
  18.122470597054591       -11.781953109739947
  19.254807305049955       -11.826793952121362
  20.433355550577456       -11.808371240210070
  21.659039564387733       -11.729759850299326
  22.932783577231394       -11.604487259958201
  24.255511819859098       -11.448797262007838


# Temperature: 115.000000
# Parameters: -11.829059 0.947414 4.404155 19.426742
  17.035421195840680       -11.652617770465151
  18.122470597054591       -11.781998566362711
  19.254807305049955       -11.826853794341698
  20.433355550577456       -11.808443868822140
  21.659039564387733       -11.729846375315738
  22.932783577231394       -11.604646859250010
  24.255511819859098       -11.449013614969497


# Temperature: 116.000000
# Parameters: -11.829118 0.947267 4.406997 19.426935
  17.035421195840680       -11.652651689589918
  18.122470597054591       -11.782045096723161
  19.254807305049955       -11.826914958005617
  20.433355550577456       -11.808518014762370
  21.659039564387733       -11.729934611472034
  22.932783577231394       -11.604808760444715
  24.255511819859098       -11.449231922631229


# Temperature: 117.000000
# Parameters: -11.829178 0.947118 4.409820 19.427135
  17.035421195840680       -11.652686442001462
  18.122470597054591       -11.782092709112709
  19.254807305049955       -11.826977451404527
  20.433355550577456       -11.808593686322169
  21.659039564387733       -11.730024568096052
  22.932783577231394       -11.604972960433038
  24.255511819859098       -11.449452179810901


# Temperature: 118.000000
# Parameters: -11.829239 0.946969 4.412623 19.427339
  17.035421195840680       -11.652722037027619
  18.122470597054591       -11.782141414932042
  19.254807305049955       -11.827041284902693
  20.433355550577456       -11.808670892829376
  21.659039564387733       -11.730116249333497
  22.932783577231394       -11.605139460251406
  24.255511819859098       -11.449674384435665


# Temperature: 119.000000
# Parameters: -11.829302 0.946818 4.415405 19.427549
  17.035421195840680       -11.652758485032653
  18.122470597054591       -11.782191223509001
  19.254807305049955       -11.827106466791523
  20.433355550577456       -11.808749641538974
  21.659039564387733       -11.730209663475778
  22.932783577231394       -11.605308258863392
  24.255511819859098       -11.449898532359812


# Temperature: 120.000000
# Parameters: -11.829366 0.946666 4.418168 19.427765
  17.035421195840680       -11.652795793271546
  18.122470597054591       -11.782242142098566
  19.254807305049955       -11.827173007435285
  20.433355550577456       -11.808829940742372
  21.659039564387733       -11.730304815705029
  22.932783577231394       -11.605479353159716
  24.255511819859098       -11.450124620474064


# Temperature: 121.000000
# Parameters: -11.829432 0.946513 4.420910 19.427987
  17.035421195840680       -11.652833971072138
  18.122470597054591       -11.782294183137855
  19.254807305049955       -11.827240914088959
  20.433355550577456       -11.808911798730984
  21.659039564387733       -11.730401712239807
  22.932783577231394       -11.605652743140380
  24.255511819859098       -11.450352643596288


# Temperature: 122.000000
# Parameters: -11.829499 0.946358 4.423631 19.428214
  17.035421195840680       -11.652873027762263
  18.122470597054591       -11.782347352845429
  19.254807305049955       -11.827310195043957
  20.433355550577456       -11.808995220686940
  21.659039564387733       -11.730500360335096
  22.932783577231394       -11.605828427768955
  24.255511819859098       -11.450582598617208


# Temperature: 123.000000
# Parameters: -11.829567 0.946203 4.426332 19.428446
  17.035421195840680       -11.652912970596908
  18.122470597054591       -11.782401661585546
  19.254807305049955       -11.827380859628116
  20.433355550577456       -11.809080214901650
  21.659039564387733       -11.730600763100176
  22.932783577231394       -11.606006403936165
  24.255511819859098       -11.450814481391117


# Temperature: 124.000000
# Parameters: -11.829637 0.946046 4.429012 19.428684
  17.035421195840680       -11.652953808903909
  18.122470597054591       -11.782457117649621
  19.254807305049955       -11.827452915096423
  20.433355550577456       -11.809166788630101
  21.659039564387733       -11.730702926753604
  22.932783577231394       -11.606186670605583
  24.255511819859098       -11.451048288808735


# Temperature: 125.000000
# Parameters: -11.829709 0.945889 4.431671 19.428928
  17.035421195840680       -11.652995550974676
  18.122470597054591       -11.782513729329061
  19.254807305049955       -11.827526368703857
  20.433355550577456       -11.809254948090848
  21.659039564387733       -11.730806857513938
  22.932783577231394       -11.606369225704354
  24.255511819859098       -11.451284015687930


# Temperature: 126.000000
# Parameters: -11.829781 0.945730 4.434310 19.429176
  17.035421195840680       -11.653038206137049
  18.122470597054591       -11.782571505951706
  19.254807305049955       -11.827601228741834
  20.433355550577456       -11.809344700538878
  21.659039564387733       -11.730912558490459
  22.932783577231394       -11.606554067159626
  24.255511819859098       -11.451521658919427


# Temperature: 127.000000
# Parameters: -11.829855 0.945570 4.436928 19.429431
  17.035421195840680       -11.653081779573156
  18.122470597054591       -11.782630454772541
  19.254807305049955       -11.827677503501763
  20.433355550577456       -11.809436050119894
  21.659039564387733       -11.731020034865297
  22.932783577231394       -11.606741192898550
  24.255511819859098       -11.451761214357516


# Temperature: 128.000000
# Parameters: -11.829931 0.945409 4.439525 19.429691
  17.035421195840680       -11.653126281647264
  18.122470597054591       -11.782690584082973
  19.254807305049955       -11.827755198165773
  20.433355550577456       -11.809529004088882
  21.659039564387733       -11.731129291820583
  22.932783577231394       -11.606930600848269
  24.255511819859098       -11.452002677856493


# Temperature: 129.000000
# Parameters: -11.830008 0.945247 4.442101 19.429956
  17.035421195840680       -11.653171720650779
  18.122470597054591       -11.782751902174416
  19.254807305049955       -11.827834321025279
  20.433355550577456       -11.809623568664398
  21.659039564387733       -11.731240332465598
  22.932783577231394       -11.607122286863079
  24.255511819859098       -11.452246045270655


# Temperature: 130.000000
# Parameters: -11.830086 0.945084 4.444657 19.430226
  17.035421195840680       -11.653218102802263
  18.122470597054591       -11.782814415265426
  19.254807305049955       -11.827914878298836
  20.433355550577456       -11.809719749028575
  21.659039564387733       -11.731353160946044
  22.932783577231394       -11.607316249906553
  24.255511819859098       -11.452491313490720


# Temperature: 131.000000
# Parameters: -11.830166 0.944920 4.447192 19.430502
  17.035421195840680       -11.653265435356699
  18.122470597054591       -11.782878132683841
  19.254807305049955       -11.827996877241430
  20.433355550577456       -11.809817550363547
  21.659039564387733       -11.731467781407630
  22.932783577231394       -11.607512486869416
  24.255511819859098       -11.452738476298132


# Temperature: 132.000000
# Parameters: -11.830247 0.944755 4.449706 19.430783
  17.035421195840680       -11.653313727641924
  18.122470597054591       -11.782943061684646
  19.254807305049955       -11.828080323035191
  20.433355550577456       -11.809916976815016
  21.659039564387733       -11.731584195923208
  22.932783577231394       -11.607710994642384
  24.255511819859098       -11.452987530583609


# Temperature: 133.000000
# Parameters: -11.830330 0.944590 4.452201 19.431070
  17.035421195840680       -11.653362986912922
  18.122470597054591       -11.783009208486398
  19.254807305049955       -11.828165223971531
  20.433355550577456       -11.810018035637968
  21.659039564387733       -11.731702410711335
  22.932783577231394       -11.607911770116178
  24.255511819859098       -11.453238473237876


# Temperature: 134.000000
# Parameters: -11.830415 0.944423 4.454673 19.431361
  17.035421195840680       -11.653413218351826
  18.122470597054591       -11.783076581380508
  19.254807305049955       -11.828251584196156
  20.433355550577456       -11.810120729941682
  21.659039564387733       -11.731822425772013
  22.932783577231394       -11.608114811217950
  24.255511819859098       -11.453491298042373


# Temperature: 135.000000
# Parameters: -11.830500 0.944255 4.457125 19.431658
  17.035421195840680       -11.653464432322899
  18.122470597054591       -11.783145185549108
  19.254807305049955       -11.828339409927624
  20.433355550577456       -11.810225063871862
  21.659039564387733       -11.731944246287370
  22.932783577231394       -11.608320113801991
  24.255511819859098       -11.453746001887820


# Temperature: 136.000000
# Parameters: -11.830588 0.944087 4.459556 19.431960
  17.035421195840680       -11.653516632971845
  18.122470597054591       -11.783215029283609
  19.254807305049955       -11.828428707384489
  20.433355550577456       -11.810331043647068
  21.659039564387733       -11.732067875366686
  22.932783577231394       -11.608527674759022
  24.255511819859098       -11.454002579592087


# Temperature: 137.000000
# Parameters: -11.830676 0.943917 4.461966 19.432268
  17.035421195840680       -11.653569829626502
  18.122470597054591       -11.783286118802566
  19.254807305049955       -11.828519481748888
  20.433355550577456       -11.810438671340149
  21.659039564387733       -11.732193313009963
  22.932783577231394       -11.608737490979765
  24.255511819859098       -11.454261029082319


# Temperature: 138.000000
# Parameters: -11.830767 0.943747 4.464355 19.432580
  17.035421195840680       -11.653624027469002
  18.122470597054591       -11.783358460324541
  19.254807305049955       -11.828611739239378
  20.433355550577456       -11.810547953169669
  21.659039564387733       -11.732320564399332
  22.932783577231394       -11.608949559354940
  24.255511819859098       -11.454521343103536


# Temperature: 139.000000
# Parameters: -11.830859 0.943576 4.466723 19.432898
  17.035421195840680       -11.653679233754328
  18.122470597054591       -11.783432061104518
  19.254807305049955       -11.828705482965235
  20.433355550577456       -11.810658891208476
  21.659039564387733       -11.732449629534793
  22.932783577231394       -11.609163876775270
  24.255511819859098       -11.454783518546455


# Temperature: 140.000000
# Parameters: -11.830952 0.943404 4.469071 19.433221
  17.035421195840680       -11.653735455737467
  18.122470597054591       -11.783506926324625
  19.254807305049955       -11.828800719145018
  20.433355550577456       -11.810771489602276
  21.659039564387733       -11.732580512562050
  22.932783577231394       -11.609380438058622
  24.255511819859098       -11.455047552301799


# Temperature: 141.000000
# Parameters: -11.831047 0.943231 4.471398 19.433549
  17.035421195840680       -11.653792699636973
  18.122470597054591       -11.783583061166999
  19.254807305049955       -11.828897452960861
  20.433355550577456       -11.810885752496775
  21.659039564387733       -11.732713214517531
  22.932783577231394       -11.609599240095717
  24.255511819859098       -11.455313438151007


# Temperature: 142.000000
# Parameters: -11.831143 0.943057 4.473704 19.433881
  17.035421195840680       -11.653850971671408
  18.122470597054591       -11.783660473923046
  19.254807305049955       -11.828995688558468
  20.433355550577456       -11.811001683001253
  21.659039564387733       -11.732847736437662
  22.932783577231394       -11.609820280813702
  24.255511819859098       -11.455581171948378


# Temperature: 143.000000
# Parameters: -11.831241 0.942882 4.475990 19.434219
  17.035421195840680       -11.653910279095756
  18.122470597054591       -11.783739168738473
  19.254807305049955       -11.829095431119971
  20.433355550577456       -11.811119283188562
  21.659039564387733       -11.732984081431722
  22.932783577231394       -11.610043553994020
  24.255511819859098       -11.455850749548205


# Temperature: 144.000000
# Parameters: -11.831340 0.942707 4.478254 19.434562
  17.035421195840680       -11.653970626055719
  18.122470597054591       -11.783819150795413
  19.254807305049955       -11.829196683754647
  20.433355550577456       -11.811238557204407
  21.659039564387733       -11.733122250536137
  22.932783577231394       -11.610269057563817
  24.255511819859098       -11.456122166804780


# Temperature: 145.000000
# Parameters: -11.831441 0.942531 4.480498 19.434910
  17.035421195840680       -11.654032020842712
  18.122470597054591       -11.783900426312423
  19.254807305049955       -11.829299451644630
  20.433355550577456       -11.811359508158064
  21.659039564387733       -11.733262244787333
  22.932783577231394       -11.610496786340962
  24.255511819859098       -11.456395418535974


# Temperature: 146.000000
# Parameters: -11.831544 0.942354 4.482721 19.435263
  17.035421195840680       -11.654094467602436
  18.122470597054591       -11.783983001508060
  19.254807305049955       -11.829403738935627
  20.433355550577456       -11.811482138122392
  21.659039564387733       -11.733404065221738
  22.932783577231394       -11.610726737216176
  24.255511819859098       -11.456670501632509


# Temperature: 147.000000
# Parameters: -11.831648 0.942177 4.484923 19.435621
  17.035421195840680       -11.654157973589879
  18.122470597054591       -11.784066880528032
  19.254807305049955       -11.829509548736912
  20.433355550577456       -11.811606449170240
  21.659039564387733       -11.733547712875776
  22.932783577231394       -11.610958906043754
  24.255511819859098       -11.456947409875825


# Temperature: 148.000000
# Parameters: -11.831753 0.941998 4.487106 19.435983
  17.035421195840680       -11.654222543987169
  18.122470597054591       -11.784152067518042
  19.254807305049955       -11.829616885194193
  20.433355550577456       -11.811732445447314
  21.659039564387733       -11.733693189822301
  22.932783577231394       -11.611193287641562
  24.255511819859098       -11.457226140156642


# Temperature: 149.000000
# Parameters: -11.831861 0.941819 4.489268 19.436351
  17.035421195840680       -11.654288185012868
  18.122470597054591       -11.784238568696647
  19.254807305049955       -11.829725751416751
  20.433355550577456       -11.811860127990039
  21.659039564387733       -11.733840495024886
  22.932783577231394       -11.611429878900324
  24.255511819859098       -11.457506687292831


# Temperature: 150.000000
# Parameters: -11.831969 0.941640 4.491408 19.436723
  17.035421195840680       -11.654354900812681
  18.122470597054591       -11.784326389245983
  19.254807305049955       -11.829836151550287
  20.433355550577456       -11.811989498871270
  21.659039564387733       -11.733989630556385
  22.932783577231394       -11.611668675674336
  24.255511819859098       -11.457789046102260


# Temperature: 151.000000
# Parameters: -11.832080 0.941459 4.493528 19.437100
  17.035421195840680       -11.654422698641589
  18.122470597054591       -11.784415532275325
  19.254807305049955       -11.829948088704084
  20.433355550577456       -11.812120560163857
  21.659039564387733       -11.734140597453223
  22.932783577231394       -11.611909672781461
  24.255511819859098       -11.458073212439221


# Temperature: 152.000000
# Parameters: -11.832191 0.941278 4.495628 19.437482
  17.035421195840680       -11.654491582645299
  18.122470597054591       -11.784506002966806
  19.254807305049955       -11.830061565987419
  20.433355550577456       -11.812253313940655
  21.659039564387733       -11.734293394678973
  22.932783577231394       -11.612152867112423
  24.255511819859098       -11.458359183194437


# Temperature: 153.000000
# Parameters: -11.832305 0.941096 4.497707 19.437869
  17.035421195840680       -11.654561559042371
  18.122470597054591       -11.784597806502559
  19.254807305049955       -11.830176586509573
  20.433355550577456       -11.812387762274517
  21.659039564387733       -11.734448022233638
  22.932783577231394       -11.612398252448665
  24.255511819859098       -11.458646952149349


# Temperature: 154.000000
# Parameters: -11.832420 0.940914 4.499766 19.438260
  17.035421195840680       -11.654632631978508
  18.122470597054591       -11.784690947028286
  19.254807305049955       -11.830293153379822
  20.433355550577456       -11.812523906201866
  21.659039564387733       -11.734604482190068
  22.932783577231394       -11.612645826717332
  24.255511819859098       -11.458936514121827


# Temperature: 155.000000
# Parameters: -11.832536 0.940731 4.501804 19.438656
  17.035421195840680       -11.654704806635843
  18.122470597054591       -11.784785426616844
  19.254807305049955       -11.830411268671019
  20.433355550577456       -11.812661747795559
  21.659039564387733       -11.734762773511838
  22.932783577231394       -11.612895582663441
  24.255511819859098       -11.459227866002591


# Temperature: 156.000000
# Parameters: -11.832654 0.940547 4.503822 19.439057
  17.035421195840680       -11.654778089232932
  18.122470597054591       -11.784881252523215
  19.254807305049955       -11.830530935492446
  20.433355550577456       -11.812801287055592
  21.659039564387733       -11.734922897235373
  22.932783577231394       -11.613147518214140
  24.255511819859098       -11.459521003645936


# Temperature: 157.000000
# Parameters: -11.832774 0.940363 4.505819 19.439462
  17.035421195840680       -11.654852482879058
  18.122470597054591       -11.784978425783825
  19.254807305049955       -11.830652156953381
  20.433355550577456       -11.812942527091247
  21.659039564387733       -11.735084851287821
  22.932783577231394       -11.613401628187296
  24.255511819859098       -11.459815920833302


# Temperature: 158.000000
# Parameters: -11.832895 0.940178 4.507796 19.439872
  17.035421195840680       -11.654927992756347
  18.122470597054591       -11.785076952617233
  19.254807305049955       -11.830774935126675
  20.433355550577456       -11.813085467902523
  21.659039564387733       -11.735248636705609
  22.932783577231394       -11.613657907400777
  24.255511819859098       -11.460112613418985


# Temperature: 159.000000
# Parameters: -11.833018 0.939993 4.509753 19.440287
  17.035421195840680       -11.655004625083363
  18.122470597054591       -11.785176834059865
  19.254807305049955       -11.830899272085180
  20.433355550577456       -11.813230111562271
  21.659039564387733       -11.735414252452310
  22.932783577231394       -11.613916350672453
  24.255511819859098       -11.460411077257282


# Temperature: 160.000000
# Parameters: -11.833143 0.939806 4.511690 19.440706
  17.035421195840680       -11.655082381932955
  18.122470597054591       -11.785278076330279
  19.254807305049955       -11.831025169901752
  20.433355550577456       -11.813376458070493
  21.659039564387733       -11.735581699564351
  22.932783577231394       -11.614176954893043
  24.255511819859098       -11.460711307166058


# Temperature: 161.000000
# Parameters: -11.833269 0.939620 4.513607 19.441130
  17.035421195840680       -11.655161269523681
  18.122470597054591       -11.785380681501326
  19.254807305049955       -11.831152630649241
  20.433355550577456       -11.813524507427191
  21.659039564387733       -11.735750975968879
  22.932783577231394       -11.614439713843991
  24.255511819859098       -11.461013298999609


# Temperature: 162.000000
# Parameters: -11.833397 0.939433 4.515503 19.441558
  17.035421195840680       -11.655241292001248
  18.122470597054591       -11.785484652682289
  19.254807305049955       -11.831281656400501
  20.433355550577456       -11.813674261705213
  21.659039564387733       -11.735922081665892
  22.932783577231394       -11.614704624416015
  24.255511819859098       -11.461317047575804


# Temperature: 163.000000
# Parameters: -11.833526 0.939245 4.517379 19.441990
  17.035421195840680       -11.655322453511360
  18.122470597054591       -11.785589994018869
  19.254807305049955       -11.831412248191958
  20.433355550577456       -11.813825721940988
  21.659039564387733       -11.736095015618966
  22.932783577231394       -11.614971680390560
  24.255511819859098       -11.461622548748934


# Temperature: 164.000000
# Parameters: -11.833657 0.939056 4.519235 19.442428
  17.035421195840680       -11.655404757163296
  18.122470597054591       -11.785696707583922
  19.254807305049955       -11.831544410169316
  20.433355550577456       -11.813978887098088
  21.659039564387733       -11.736269777828102
  22.932783577231394       -11.615240877621922
  24.255511819859098       -11.461929798373300


# Temperature: 165.000000
# Parameters: -11.833789 0.938868 4.521071 19.442869
  17.035421195840680       -11.655488208139191
  18.122470597054591       -11.785804796486724
  19.254807305049955       -11.831678141296152
  20.433355550577456       -11.814133758212943
  21.659039564387733       -11.736446366220445
  22.932783577231394       -11.615512210927964
  24.255511819859098       -11.462238790230337


# Temperature: 166.000000
# Parameters: -11.833923 0.938678 4.522886 19.443315
  17.035421195840680       -11.655572810584745
  18.122470597054591       -11.785914264872984
  19.254807305049955       -11.831813444681741
  20.433355550577456       -11.814290335285548
  21.659039564387733       -11.736624780795996
  22.932783577231394       -11.615785676162984
  24.255511819859098       -11.462549521210772


# Temperature: 167.000000
# Parameters: -11.834059 0.938488 4.524683 19.443765
  17.035421195840680       -11.655658567609240
  18.122470597054591       -11.786025114815553
  19.254807305049955       -11.831950320326087
  20.433355550577456       -11.814448619352333
  21.659039564387733       -11.736805019481901
  22.932783577231394       -11.616061268144851
  24.255511819859098       -11.462861986132470


# Temperature: 168.000000
# Parameters: -11.834196 0.938298 4.526458 19.444220
  17.035421195840680       -11.655745484394810
  18.122470597054591       -11.786137348387282
  19.254807305049955       -11.832088771338464
  20.433355550577456       -11.814608610413298
  21.659039564387733       -11.736987082278162
  22.932783577231394       -11.616338981691431
  24.255511819859098       -11.463176179813299


# Temperature: 169.000000
# Parameters: -11.834335 0.938107 4.528215 19.444679
  17.035421195840680       -11.655833561977875
  18.122470597054591       -11.786250969733878
  19.254807305049955       -11.832228797718876
  20.433355550577456       -11.814770307432015
  21.659039564387733       -11.737170968148352
  22.932783577231394       -11.616618811620594
  24.255511819859098       -11.463492098107556


# Temperature: 170.000000
# Parameters: -11.834475 0.937916 4.529951 19.445142
  17.035421195840680       -11.655922807613425
  18.122470597054591       -11.786365979891768
  19.254807305049955       -11.832370401540176
  20.433355550577456       -11.814933711444910
  21.659039564387733       -11.737356673983191
  22.932783577231394       -11.616900753786632
  24.255511819859098       -11.463809735833106


# Temperature: 171.000000
# Parameters: -11.834617 0.937724 4.531668 19.445609
  17.035421195840680       -11.656013221301459
  18.122470597054591       -11.786482380933803
  19.254807305049955       -11.832513582802363
  20.433355550577456       -11.815098821415559
  21.659039564387733       -11.737544200819107
  22.932783577231394       -11.617184803007419
  24.255511819859098       -11.464129089880673


# Temperature: 172.000000
# Parameters: -11.834761 0.937531 4.533364 19.446081
  17.035421195840680       -11.656104809260533
  18.122470597054591       -11.786600177005688
  19.254807305049955       -11.832658342541862
  20.433355550577456       -11.815265637343959
  21.659039564387733       -11.737733545546819
  22.932783577231394       -11.617470953064391
  24.255511819859098       -11.464450154031699


# Temperature: 173.000000
# Parameters: -11.834906 0.937339 4.535041 19.446557
  17.035421195840680       -11.656197572527073
  18.122470597054591       -11.786719369143853
  19.254807305049955       -11.832804682831526
  20.433355550577456       -11.815434160266538
  21.659039564387733       -11.737924706093475
  22.932783577231394       -11.617759200848273
  24.255511819859098       -11.464772923104050


# Temperature: 174.000000
# Parameters: -11.835053 0.937145 4.536698 19.447037
  17.035421195840680       -11.656291516283215
  18.122470597054591       -11.786839960457574
  19.254807305049955       -11.832952602634929
  20.433355550577456       -11.815604387074018
  21.659039564387733       -11.738117683495503
  22.932783577231394       -11.618049541176930
  24.255511819859098       -11.465097395024875


# Temperature: 175.000000
# Parameters: -11.835202 0.936952 4.538336 19.447521
  17.035421195840680       -11.656386643638234
  18.122470597054591       -11.786961950946850
  19.254807305049955       -11.833102104024926
  20.433355550577456       -11.815776319839250
  21.659039564387733       -11.738312473607197
  22.932783577231394       -11.618341967831807
  24.255511819859098       -11.465423562539190


# Temperature: 176.000000
# Parameters: -11.835352 0.936757 4.539954 19.448009
  17.035421195840680       -11.656482956664982
  18.122470597054591       -11.787085344757388
  19.254807305049955       -11.833253185965088
  20.433355550577456       -11.815949957525808
  21.659039564387733       -11.738509075392129
  22.932783577231394       -11.618636476667195
  24.255511819859098       -11.465751422537714


# Temperature: 177.000000
# Parameters: -11.835503 0.936563 4.541552 19.448502
  17.035421195840680       -11.656580458472742
  18.122470597054591       -11.787210141889188
  19.254807305049955       -11.833405851564693
  20.433355550577456       -11.816125298060840
  21.659039564387733       -11.738707487813873
  22.932783577231394       -11.618933061464540
  24.255511819859098       -11.466080969838316


# Temperature: 178.000000
# Parameters: -11.835657 0.936368 4.543131 19.448998
  17.035421195840680       -11.656679153207216
  18.122470597054591       -11.787336346487956
  19.254807305049955       -11.833560098750892
  20.433355550577456       -11.816302341444345
  21.659039564387733       -11.738907708799578
  22.932783577231394       -11.619231719114561
  24.255511819859098       -11.466412200295292


# Temperature: 179.000000
# Parameters: -11.835812 0.936172 4.544691 19.449499
  17.035421195840680       -11.656779041904834
  18.122470597054591       -11.787463957517264
  19.254807305049955       -11.833715929596535
  20.433355550577456       -11.816481087676324
  21.659039564387733       -11.739109736276390
  22.932783577231394       -11.619532442362274
  24.255511819859098       -11.466745108726510


# Temperature: 180.000000
# Parameters: -11.835968 0.935977 4.546231 19.450003
  17.035421195840680       -11.656880128711295
  18.122470597054591       -11.787592979122818
  19.254807305049955       -11.833873343065196
  20.433355550577456       -11.816661535720350
  21.659039564387733       -11.739313567135031
  22.932783577231394       -11.619835228098401
  24.255511819859098       -11.467079690986262


# Temperature: 181.000000
# Parameters: -11.836127 0.935780 4.547752 19.450512
  17.035421195840680       -11.656982416735884
  18.122470597054591       -11.787723410268192
  19.254807305049955       -11.834032341229728
  20.433355550577456       -11.816843683503571
  21.659039564387733       -11.739519202411925
  22.932783577231394       -11.620140070104382
  24.255511819859098       -11.467415941892421


# Temperature: 182.000000
# Parameters: -11.836286 0.935584 4.549254 19.451024
  17.035421195840680       -11.657085907015025
  18.122470597054591       -11.787855255099092
  19.254807305049955       -11.834192922017278
  20.433355550577456       -11.817027531025985
  21.659039564387733       -11.739726636924944
  22.932783577231394       -11.620446963198086
  24.255511819859098       -11.467753857299277


# Temperature: 183.000000
# Parameters: -11.836448 0.935387 4.550736 19.451541
  17.035421195840680       -11.657190603694424
  18.122470597054591       -11.787988512579091
  19.254807305049955       -11.834355086464273
  20.433355550577456       -11.817213077251168
  21.659039564387733       -11.739935869637659
  22.932783577231394       -11.620755902197381
  24.255511819859098       -11.468093432024702


# Temperature: 184.000000
# Parameters: -11.836611 0.935190 4.552199 19.452061
  17.035421195840680       -11.657296508846933
  18.122470597054591       -11.788123185817467
  19.254807305049955       -11.834518833534286
  20.433355550577456       -11.817400321142694
  21.659039564387733       -11.740146899513643
  22.932783577231394       -11.621066883992988
  24.255511819859098       -11.468434661922988


# Temperature: 185.000000
# Parameters: -11.836775 0.934992 4.553642 19.452585
  17.035421195840680       -11.657403623508978
  18.122470597054591       -11.788259274814221
  19.254807305049955       -11.834684165300171
  20.433355550577456       -11.817589261664134
  21.659039564387733       -11.740359723443621
  22.932783577231394       -11.621379900293498
  24.255511819859098       -11.468777541812004


# Temperature: 186.000000
# Parameters: -11.836942 0.934794 4.555066 19.453113
  17.035421195840680       -11.657511952862693
  18.122470597054591       -11.788396781642206
  19.254807305049955       -11.834851079689074
  20.433355550577456       -11.817779896742637
  21.659039564387733       -11.740574338318309
  22.932783577231394       -11.621694947989630
  24.255511819859098       -11.469122068582472


# Temperature: 187.000000
# Parameters: -11.837110 0.934595 4.556472 19.453645
  17.035421195840680       -11.657621496908074
  18.122470597054591       -11.788535707337847
  19.254807305049955       -11.835019577737421
  20.433355550577456       -11.817972226378204
  21.659039564387733       -11.740790744137710
  22.932783577231394       -11.622012021899254
  24.255511819859098       -11.469468237052258


# Temperature: 188.000000
# Parameters: -11.837279 0.934397 4.557858 19.454181
  17.035421195840680       -11.657732257717978
  18.122470597054591       -11.788676051901145
  19.254807305049955       -11.835189658408787
  20.433355550577456       -11.818166247461555
  21.659039564387733       -11.741008935719693
  22.932783577231394       -11.622331116840236
  24.255511819859098       -11.469816041002808


# Temperature: 189.000000
# Parameters: -11.837450 0.934197 4.559226 19.454721
  17.035421195840680       -11.657844239438107
  18.122470597054591       -11.788817817404954
  19.254807305049955       -11.835361321703171
  20.433355550577456       -11.818361961029115
  21.659039564387733       -11.741228913064255
  22.932783577231394       -11.622652226594020
  24.255511819859098       -11.470165478361265


# Temperature: 190.000000
# Parameters: -11.837623 0.933998 4.560574 19.455264
  17.035421195840680       -11.657957442068462
  18.122470597054591       -11.788961003849272
  19.254807305049955       -11.835534566584148
  20.433355550577456       -11.818559362935179
  21.659039564387733       -11.741450673062118
  22.932783577231394       -11.622975347014901
  24.255511819859098       -11.470516542909074


# Temperature: 191.000000
# Parameters: -11.837797 0.933798 4.561903 19.455811
  17.035421195840680       -11.658071868718324
  18.122470597054591       -11.789105612270525
  19.254807305049955       -11.835709393051715
  20.433355550577456       -11.818758453179750
  21.659039564387733       -11.741674212604003
  22.932783577231394       -11.623300472920745
  24.255511819859098       -11.470869230500528


# Temperature: 192.000000
# Parameters: -11.837973 0.933598 4.563214 19.456362
  17.035421195840680       -11.658187521460542
  18.122470597054591       -11.789251643705141
  19.254807305049955       -11.835885801105874
  20.433355550577456       -11.818959230726398
  21.659039564387733       -11.741899529617060
  22.932783577231394       -11.623627599129421
  24.255511819859098       -11.471223536989921


# Temperature: 193.000000
# Parameters: -11.838151 0.933398 4.564505 19.456917
  17.035421195840680       -11.658304401331545
  18.122470597054591       -11.789399099189545
  19.254807305049955       -11.836063789710201
  20.433355550577456       -11.819161693502272
  21.659039564387733       -11.742126622028433
  22.932783577231394       -11.623956720458800
  24.255511819859098       -11.471579457195125


# Temperature: 194.000000
# Parameters: -11.838330 0.933197 4.565778 19.457475
  17.035421195840680       -11.658422511440612
  18.122470597054591       -11.789547978723739
  19.254807305049955       -11.836243356791840
  20.433355550577456       -11.819365839434520
  21.659039564387733       -11.742355486728846
  22.932783577231394       -11.624287831726747
  24.255511819859098       -11.471936988006856


# Temperature: 195.000000
# Parameters: -11.838511 0.932996 4.567032 19.458037
  17.035421195840680       -11.658541851787742
  18.122470597054591       -11.789698282307720
  19.254807305049955       -11.836424504423643
  20.433355550577456       -11.819571667486713
  21.659039564387733       -11.742586120609017
  22.932783577231394       -11.624620927751131
  24.255511819859098       -11.472296123206560


# Temperature: 196.000000
# Parameters: -11.838693 0.932795 4.568267 19.458603
  17.035421195840680       -11.658662425482214
  18.122470597054591       -11.789850010977917
  19.254807305049955       -11.836607229496334
  20.433355550577456       -11.819779174549575
  21.659039564387733       -11.742818522632520
  22.932783577231394       -11.624956003349821
  24.255511819859098       -11.472656858648531


# Temperature: 197.000000
# Parameters: -11.838877 0.932593 4.569484 19.459172
  17.035421195840680       -11.658784233560455
  18.122470597054591       -11.790003165770754
  19.254807305049955       -11.836791532009912
  20.433355550577456       -11.819988360623105
  21.659039564387733       -11.743052688653652
  22.932783577231394       -11.625293053340686
  24.255511819859098       -11.473019190187060


# Temperature: 198.000000
# Parameters: -11.839063 0.932391 4.570682 19.459744
  17.035421195840680       -11.658907278095318
  18.122470597054591       -11.790157745649807
  19.254807305049955       -11.836977410927950
  20.433355550577456       -11.820199223634450
  21.659039564387733       -11.743288616599557
  22.932783577231394       -11.625632072541592
  24.255511819859098       -11.473383113676446


# Temperature: 199.000000
# Parameters: -11.839250 0.932189 4.571862 19.460321
  17.035421195840680       -11.659031560123228
  18.122470597054591       -11.790313752687927
  19.254807305049955       -11.837164866250449
  20.433355550577456       -11.820411760474331
  21.659039564387733       -11.743526303360959
  22.932783577231394       -11.625973056806837
  24.255511819859098       -11.473748624970982


# Temperature: 200.000000
# Parameters: -11.839439 0.931987 4.573022 19.460901
  17.035421195840680       -11.659157080680613
  18.122470597054591       -11.790471185848689
  19.254807305049955       -11.837353895904554
  20.433355550577456       -11.820625970106320
  21.659039564387733       -11.743765746865003
  22.932783577231394       -11.626315999917859
  24.255511819859098       -11.474115717852110


# Temperature: 201.000000
# Parameters: -11.839629 0.931784 4.574165 19.461484
  17.035421195840680       -11.659283841840324
  18.122470597054591       -11.790630045132092
  19.254807305049955       -11.837544498853841
  20.433355550577456       -11.820841851493995
  21.659039564387733       -11.744006942965987
  22.932783577231394       -11.626660896692529
  24.255511819859098       -11.474484389210550


# Temperature: 202.000000
# Parameters: -11.839821 0.931581 4.575289 19.462071
  17.035421195840680       -11.659411845675214
  18.122470597054591       -11.790790331574563
  19.254807305049955       -11.837736675098309
  20.433355550577456       -11.821059400491647
  21.659039564387733       -11.744249890627481
  22.932783577231394       -11.627007742985141
  24.255511819859098       -11.474854634900598


# Temperature: 203.000000
# Parameters: -11.840015 0.931378 4.576394 19.462661
  17.035421195840680       -11.659541091148858
  18.122470597054591       -11.790952045176100
  19.254807305049955       -11.837930422565107
  20.433355550577456       -11.821278617099276
  21.659039564387733       -11.744494586740208
  22.932783577231394       -11.627356532577139
  24.255511819859098       -11.475226449740122


# Temperature: 204.000000
# Parameters: -11.840210 0.931175 4.577481 19.463255
  17.035421195840680       -11.659671581370533
  18.122470597054591       -11.791115184900280
  19.254807305049955       -11.838125740217805
  20.433355550577456       -11.821499498207606
  21.659039564387733       -11.744741027158462
  22.932783577231394       -11.627707261322813
  24.255511819859098       -11.475599829583418


# Temperature: 205.000000
# Parameters: -11.840407 0.930971 4.578550 19.463853
  17.035421195840680       -11.659803317376667
  18.122470597054591       -11.791279751783525
  19.254807305049955       -11.838322628056407
  20.433355550577456       -11.821722041743781
  21.659039564387733       -11.744989208772962
  22.932783577231394       -11.628059924040034
  24.255511819859098       -11.475974770284777


# Temperature: 206.000000
# Parameters: -11.840606 0.930767 4.579600 19.464453
  17.035421195840680       -11.659936300203686
  18.122470597054591       -11.791445745825841
  19.254807305049955       -11.838521082971631
  20.433355550577456       -11.821946246671377
  21.659039564387733       -11.745239130547287
  22.932783577231394       -11.628414515546671
  24.255511819859098       -11.476351266662071


# Temperature: 207.000000
# Parameters: -11.840806 0.930563 4.580633 19.465057
  17.035421195840680       -11.660070529851589
  18.122470597054591       -11.791613165990796
  19.254807305049955       -11.838721104963479
  20.433355550577456       -11.822172109881114
  21.659039564387733       -11.745490788335726
  22.932783577231394       -11.628771029624167
  24.255511819859098       -11.476729315606018


# Temperature: 208.000000
# Parameters: -11.841008 0.930358 4.581646 19.465665
  17.035421195840680       -11.660206008393232
  18.122470597054591       -11.791782012278393
  19.254807305049955       -11.838922691959098
  20.433355550577456       -11.822399629300138
  21.659039564387733       -11.745744180065429
  22.932783577231394       -11.629129463163240
  24.255511819859098       -11.477108910898064


# Temperature: 209.000000
# Parameters: -11.841211 0.930154 4.582641 19.466276
  17.035421195840680       -11.660342736865035
  18.122470597054591       -11.791952285725058
  19.254807305049955       -11.839125843958486
  20.433355550577456       -11.822628802855599
  21.659039564387733       -11.745999301590691
  22.932783577231394       -11.629489808908906
  24.255511819859098       -11.477490050465352


# Temperature: 210.000000
# Parameters: -11.841416 0.929949 4.583619 19.466890
  17.035421195840680       -11.660480715267004
  18.122470597054591       -11.792123984257938
  19.254807305049955       -11.839330557852367
  20.433355550577456       -11.822859627438216
  21.659039564387733       -11.746256149802232
  22.932783577231394       -11.629852063751887
  24.255511819859098       -11.477872728089325


# Temperature: 211.000000
# Parameters: -11.841622 0.929744 4.584579 19.467508
  17.035421195840680       -11.660619944635563
  18.122470597054591       -11.792297109949885
  19.254807305049955       -11.839536832604313
  20.433355550577456       -11.823092103047989
  21.659039564387733       -11.746514723663626
  22.932783577231394       -11.630216222510052
  24.255511819859098       -11.478256940660707


# Temperature: 212.000000
# Parameters: -11.841830 0.929539 4.585520 19.468128
  17.035421195840680       -11.660760427043565
  18.122470597054591       -11.792471659691621
  19.254807305049955       -11.839744667177898
  20.433355550577456       -11.823326224502788
  21.659039564387733       -11.746775016956315
  22.932783577231394       -11.630582278964841
  24.255511819859098       -11.478642682997362


# Temperature: 213.000000
# Parameters: -11.842040 0.929333 4.586443 19.468753
  17.035421195840680       -11.660902161454581
  18.122470597054591       -11.792647634519572
  19.254807305049955       -11.839954060536694
  20.433355550577456       -11.823561991802611
  21.659039564387733       -11.747037029680300
  22.932783577231394       -11.630950227934123
  24.255511819859098       -11.479029950953588


# Temperature: 214.000000
# Parameters: -11.842251 0.929128 4.587349 19.469380
  17.035421195840680       -11.661045149941469
  18.122470597054591       -11.792825033397310
  19.254807305049955       -11.840165010607851
  20.433355550577456       -11.823799401838182
  21.659039564387733       -11.747300756653447
  22.932783577231394       -11.631320066308621
  24.255511819859098       -11.479418741420105


# Temperature: 215.000000
# Parameters: -11.842464 0.928922 4.588236 19.470011
  17.035421195840680       -11.661189392504225
  18.122470597054591       -11.793003857361265
  19.254807305049955       -11.840377515318517
  20.433355550577456       -11.824038451500217
  21.659039564387733       -11.747566195802904
  22.932783577231394       -11.631691786833349
  24.255511819859098       -11.479809048178353


# Temperature: 216.000000
# Parameters: -11.842679 0.928716 4.589106 19.470644
  17.035421195840680       -11.661334890179278
  18.122470597054591       -11.793184103302154
  19.254807305049955       -11.840591573632262
  20.433355550577456       -11.824279139752294
  21.659039564387733       -11.747833344019392
  22.932783577231394       -11.632065386399027
  24.255511819859098       -11.480200868119057


# Temperature: 217.000000
# Parameters: -11.842895 0.928510 4.589957 19.471281
  17.035421195840680       -11.661481642966624
  18.122470597054591       -11.793365773292834
  19.254807305049955       -11.840807183476235
  20.433355550577456       -11.824521463485134
  21.659039564387733       -11.748102198193635
  22.932783577231394       -11.632440858787099
  24.255511819859098       -11.480594197096508


# Temperature: 218.000000
# Parameters: -11.843113 0.928303 4.590791 19.471922
  17.035421195840680       -11.661629651902693
  18.122470597054591       -11.793548865260448
  19.254807305049955       -11.841024343814009
  20.433355550577456       -11.824765419589454
  21.659039564387733       -11.748372755216351
  22.932783577231394       -11.632818199851858
  24.255511819859098       -11.480989030965002


# Temperature: 219.000000
# Parameters: -11.843332 0.928097 4.591607 19.472565
  17.035421195840680       -11.661778916987483
  18.122470597054591       -11.793733378168572
  19.254807305049955       -11.841243052572734
  20.433355550577456       -11.825011007028831
  21.659039564387733       -11.748645010941834
  22.932783577231394       -11.633197404411174
  24.255511819859098       -11.481385364542406


# Temperature: 220.000000
# Parameters: -11.843553 0.927890 4.592406 19.473211
  17.035421195840680       -11.661929439257422
  18.122470597054591       -11.793919312017206
  19.254807305049955       -11.841463308715982
  20.433355550577456       -11.825258222693986
  21.659039564387733       -11.748918962260808
  22.932783577231394       -11.633578466246487
  24.255511819859098       -11.481783194719444


# Temperature: 221.000000
# Parameters: -11.843775 0.927683 4.593187 19.473861
  17.035421195840680       -11.662081218712510
  18.122470597054591       -11.794106666806350
  19.254807305049955       -11.841685109134472
  20.433355550577456       -11.825507063475639
  21.659039564387733       -11.749194607100417
  22.932783577231394       -11.633961382248518
  24.255511819859098       -11.482182516313983


# Temperature: 222.000000
# Parameters: -11.843999 0.927476 4.593950 19.474514
  17.035421195840680       -11.662234256389171
  18.122470597054591       -11.794295440463149
  19.254807305049955       -11.841908452791781
  20.433355550577456       -11.825757526264510
  21.659039564387733       -11.749471942351384
  22.932783577231394       -11.634346147235137
  24.255511819859098       -11.482583326216742


# Temperature: 223.000000
# Parameters: -11.844225 0.927269 4.594694 19.475170
  17.035421195840680       -11.662388551250981
  18.122470597054591       -11.794485632987607
  19.254807305049955       -11.842133337615055
  20.433355550577456       -11.826009611060602
  21.659039564387733       -11.749750963868003
  22.932783577231394       -11.634732754987786
  24.255511819859098       -11.482985619245593


# Temperature: 224.000000
# Parameters: -11.844452 0.927061 4.595423 19.475829
  17.035421195840680       -11.662544104334366
  18.122470597054591       -11.794677243343294
  19.254807305049955       -11.842359762567865
  20.433355550577456       -11.826263313718206
  21.659039564387733       -11.750031668540995
  22.932783577231394       -11.635121201360757
  24.255511819859098       -11.483389391254827


# Temperature: 225.000000
# Parameters: -11.844681 0.926854 4.596133 19.476490
  17.035421195840680       -11.662700916675751
  18.122470597054591       -11.794870270493785
  19.254807305049955       -11.842587725577363
  20.433355550577456       -11.826518631128046
  21.659039564387733       -11.750314054297506
  22.932783577231394       -11.635511482208347
  24.255511819859098       -11.483794639135166


# Temperature: 226.000000
# Parameters: -11.844911 0.926646 4.596825 19.477155
  17.035421195840680       -11.662858986202284
  18.122470597054591       -11.795064713402656
  19.254807305049955       -11.842817223534267
  20.433355550577456       -11.826775561217268
  21.659039564387733       -11.750598115955409
  22.932783577231394       -11.635903591311999
  24.255511819859098       -11.484201357704478


# Temperature: 227.000000
# Parameters: -11.845143 0.926438 4.597501 19.477823
  17.035421195840680       -11.663018316023244
  18.122470597054591       -11.795260572069903
  19.254807305049955       -11.843048256438578
  20.433355550577456       -11.827034100876592
  21.659039564387733       -11.750883851441845
  22.932783577231394       -11.636297524526006
  24.255511819859098       -11.484609543853487


# Temperature: 228.000000
# Parameters: -11.845376 0.926230 4.598159 19.478494
  17.035421195840680       -11.663178904065779
  18.122470597054591       -11.795457844422677
  19.254807305049955       -11.843280820144590
  20.433355550577456       -11.827294249069594
  21.659039564387733       -11.751171257647540
  22.932783577231394       -11.636693276668234
  24.255511819859098       -11.485019193436484


# Temperature: 229.000000
# Parameters: -11.845611 0.926022 4.598799 19.479168
  17.035421195840680       -11.663340750329889
  18.122470597054591       -11.795656529424548
  19.254807305049955       -11.843514914652305
  20.433355550577456       -11.827556001650567
  21.659039564387733       -11.751460330426786
  22.932783577231394       -11.637090843592983
  24.255511819859098       -11.485430300234913


# Temperature: 230.000000
# Parameters: -11.845848 0.925814 4.599423 19.479845
  17.035421195840680       -11.663503856888426
  18.122470597054591       -11.795856627075519
  19.254807305049955       -11.843750536852442
  20.433355550577456       -11.827819356546659
  21.659039564387733       -11.751751067706731
  22.932783577231394       -11.637490219081691
  24.255511819859098       -11.485842863212348


# Temperature: 231.000000
# Parameters: -11.846086 0.925605 4.600028 19.480525
  17.035421195840680       -11.663668221668535
  18.122470597054591       -11.796058136339161
  19.254807305049955       -11.843987684672147
  20.433355550577456       -11.828084310648592
  21.659039564387733       -11.752043465341670
  22.932783577231394       -11.637891400025079
  24.255511819859098       -11.486256876150229


# Temperature: 232.000000
# Parameters: -11.846326 0.925397 4.600617 19.481208
  17.035421195840680       -11.663833846743074
  18.122470597054591       -11.796261054106198
  19.254807305049955       -11.844226357074996
  20.433355550577456       -11.828350861883509
  21.659039564387733       -11.752337520222325
  22.932783577231394       -11.638294380204592
  24.255511819859098       -11.486672335939277


# Temperature: 233.000000
# Parameters: -11.846567 0.925188 4.601188 19.481894
  17.035421195840680       -11.664000730039186
  18.122470597054591       -11.796465382449481
  19.254807305049955       -11.844466550951710
  20.433355550577456       -11.828619007142136
  21.659039564387733       -11.752633229239413
  22.932783577231394       -11.638699156510947
  24.255511819859098       -11.487089239470215


# Temperature: 234.000000
# Parameters: -11.846810 0.924980 4.601742 19.482582
  17.035421195840680       -11.664168871556873
  18.122470597054591       -11.796671117223305
  19.254807305049955       -11.844708265265862
  20.433355550577456       -11.828888743315192
  21.659039564387733       -11.752930589283659
  22.932783577231394       -11.639105721689162
  24.255511819859098       -11.487507580524484


# Temperature: 235.000000
# Parameters: -11.847054 0.924771 4.602279 19.483274
  17.035421195840680       -11.664338272332561
  18.122470597054591       -11.796878258427670
  19.254807305049955       -11.844951496908172
  20.433355550577456       -11.829160069366250
  21.659039564387733       -11.753229596209357
  22.932783577231394       -11.639514073666383
  24.255511819859098       -11.487927355992806


# Temperature: 236.000000
# Parameters: -11.847300 0.924562 4.602798 19.483968
  17.035421195840680       -11.664508931329824
  18.122470597054591       -11.797086806062575
  19.254807305049955       -11.845196243805789
  20.433355550577456       -11.829432980113179
  21.659039564387733       -11.753530246907225
  22.932783577231394       -11.639924205187629
  24.255511819859098       -11.488348562765900


# Temperature: 237.000000
# Parameters: -11.847548 0.924353 4.603301 19.484665
  17.035421195840680       -11.664680849585087
  18.122470597054591       -11.797296757018742
  19.254807305049955       -11.845442504922287
  20.433355550577456       -11.829707474519553
  21.659039564387733       -11.753832539304414
  22.932783577231394       -11.640336113143617
  24.255511819859098       -11.488771195661636


# Temperature: 238.000000
# Parameters: -11.847797 0.924144 4.603786 19.485366
  17.035421195840680       -11.664854026061924
  18.122470597054591       -11.797508110259745
  19.254807305049955       -11.845690277148385
  20.433355550577456       -11.829983548439667
  21.659039564387733       -11.754136468218791
  22.932783577231394       -11.640749793388643
  24.255511819859098       -11.489195251570733


# Temperature: 239.000000
# Parameters: -11.848048 0.923934 4.604255 19.486068
  17.035421195840680       -11.665028459723910
  18.122470597054591       -11.797720865785582
  19.254807305049955       -11.845939558411231
  20.433355550577456       -11.830261200837093
  21.659039564387733       -11.754442031577504
  22.932783577231394       -11.641165238667725
  24.255511819859098       -11.489620726347487


# Temperature: 240.000000
# Parameters: -11.848300 0.923725 4.604707 19.486774
  17.035421195840680       -11.665204150571045
  18.122470597054591       -11.797935021523404
  19.254807305049955       -11.846190347674399
  20.433355550577456       -11.830540427566127
  21.659039564387733       -11.754749225234846
  22.932783577231394       -11.641582446908005
  24.255511819859098       -11.490047615846192


# Temperature: 241.000000
# Parameters: -11.848554 0.923515 4.605141 19.487483
  17.035421195840680       -11.665381099639752
  18.122470597054591       -11.798150576436781
  19.254807305049955       -11.846442640792185
  20.433355550577456       -11.830821226553915
  21.659039564387733       -11.755058047117965
  22.932783577231394       -11.642001411890931
  24.255511819859098       -11.490475916957571


# Temperature: 242.000000
# Parameters: -11.848809 0.923306 4.605559 19.488194
  17.035421195840680       -11.665559305893609
  18.122470597054591       -11.798367529489289
  19.254807305049955       -11.846696436728159
  20.433355550577456       -11.831103594691180
  21.659039564387733       -11.755368492044729
  22.932783577231394       -11.642422129470793
  24.255511819859098       -11.490905624499492


# Temperature: 243.000000
# Parameters: -11.849066 0.923096 4.605960 19.488908
  17.035421195840680       -11.665738768296189
  18.122470597054591       -11.798585877571647
  19.254807305049955       -11.846951733409472
  20.433355550577456       -11.831387528868643
  21.659039564387733       -11.755680558978714
  22.932783577231394       -11.642844595501888
  24.255511819859098       -11.491336735362673


# Temperature: 244.000000
# Parameters: -11.849324 0.922887 4.606344 19.489624
  17.035421195840680       -11.665919486847489
  18.122470597054591       -11.798805621720284
  19.254807305049955       -11.847208528763270
  20.433355550577456       -11.831673025977022
  21.659039564387733       -11.755994242737785
  22.932783577231394       -11.643268803765656
  24.255511819859098       -11.491769245401409


# Temperature: 245.000000
# Parameters: -11.849584 0.922677 4.606711 19.490344
  17.035421195840680       -11.666101460511085
  18.122470597054591       -11.799026758825917
  19.254807305049955       -11.847466819680275
  20.433355550577456       -11.831960084979894
  21.659039564387733       -11.756309540212664
  22.932783577231394       -11.643694751152822
  24.255511819859098       -11.492203150469999


# Temperature: 246.000000
# Parameters: -11.849846 0.922467 4.607061 19.491066
  17.035421195840680       -11.666284690323401
  18.122470597054591       -11.799249287852124
  19.254807305049955       -11.847726604087631
  20.433355550577456       -11.832248700695125
  21.659039564387733       -11.756626448294073
  22.932783577231394       -11.644122432481250
  24.255511819859098       -11.492638447459159


# Temperature: 247.000000
# Parameters: -11.850109 0.922257 4.607395 19.491791
  17.035421195840680       -11.666469175248015
  18.122470597054591       -11.799473207762476
  19.254807305049955       -11.847987879912489
  20.433355550577456       -11.832538872086289
  21.659039564387733       -11.756944963872733
  22.932783577231394       -11.644551843605235
  24.255511819859098       -11.493075132223186


# Temperature: 248.000000
# Parameters: -11.850373 0.922047 4.607712 19.492518
  17.035421195840680       -11.666654914248497
  18.122470597054591       -11.799698516484122
  19.254807305049955       -11.848250645081995
  20.433355550577456       -11.832830596044108
  21.659039564387733       -11.757265083839364
  22.932783577231394       -11.644982979342650
  24.255511819859098       -11.493513201652803


# Temperature: 249.000000
# Parameters: -11.850639 0.921837 4.608012 19.493249
  17.035421195840680       -11.666841906288422
  18.122470597054591       -11.799925212980634
  19.254807305049955       -11.848514896486869
  20.433355550577456       -11.833123868422877
  21.659039564387733       -11.757586804048261
  22.932783577231394       -11.645415835547784
  24.255511819859098       -11.493952650565873


# Temperature: 250.000000
# Parameters: -11.850907 0.921627 4.608296 19.493981
  17.035421195840680       -11.667030152404216
  18.122470597054591       -11.800153295179161
  19.254807305049955       -11.848780633090685
  20.433355550577456       -11.833418688186168
  21.659039564387733       -11.757910121390145
  22.932783577231394       -11.645850407038509
  24.255511819859098       -11.494393475853123


# Temperature: 251.000000
# Parameters: -11.851176 0.921417 4.608563 19.494717
  17.035421195840680       -11.667219650523027
  18.122470597054591       -11.800382762043276
  19.254807305049955       -11.849047851784166
  20.433355550577456       -11.833715051188276
  21.659039564387733       -11.758235032755739
  22.932783577231394       -11.646286689669116
  24.255511819859098       -11.494835674405268


# Temperature: 252.000000
# Parameters: -11.851446 0.921206 4.608813 19.495455
  17.035421195840680       -11.667410400644853
  18.122470597054591       -11.800613612536550
  19.254807305049955       -11.849316550494457
  20.433355550577456       -11.834012954319922
  21.659039564387733       -11.758561535035758
  22.932783577231394       -11.646724679293904
  24.255511819859098       -11.495279241040182


# Temperature: 253.000000
# Parameters: -11.851719 0.920996 4.609047 19.496196
  17.035421195840680       -11.667602402769697
  18.122470597054591       -11.800845843549709
  19.254807305049955       -11.849586726112280
  20.433355550577456       -11.834312395508256
  21.659039564387733       -11.758889625120931
  22.932783577231394       -11.647164371767165
  24.255511819859098       -11.495724173685009


# Temperature: 254.000000
# Parameters: -11.851992 0.920786 4.609265 19.496939
  17.035421195840680       -11.667795654824705
  18.122470597054591       -11.801079455082748
  19.254807305049955       -11.849858376564782
  20.433355550577456       -11.834613371643995
  21.659039564387733       -11.759219297829119
  22.932783577231394       -11.647605760870341
  24.255511819859098       -11.496170467157617


# Temperature: 255.000000
# Parameters: -11.852267 0.920576 4.609466 19.497685
  17.035421195840680       -11.667990157846301
  18.122470597054591       -11.801314445062818
  19.254807305049955       -11.850131500815538
  20.433355550577456       -11.834915879617862
  21.659039564387733       -11.759550552123901
  22.932783577231394       -11.648048843494154
  24.255511819859098       -11.496618118348728


# Temperature: 256.000000
# Parameters: -11.852544 0.920365 4.609650 19.498433
  17.035421195840680       -11.668185909761636
  18.122470597054591       -11.801550811417066
  19.254807305049955       -11.850406094718840
  20.433355550577456       -11.835219917357005
  21.659039564387733       -11.759883382823144
  22.932783577231394       -11.648493615492898
  24.255511819859098       -11.497067123112636


# Temperature: 257.000000
# Parameters: -11.852822 0.920155 4.609819 19.499184
  17.035421195840680       -11.668382910570708
  18.122470597054591       -11.801788553109063
  19.254807305049955       -11.850682157238264
  20.433355550577456       -11.835525480715717
  21.659039564387733       -11.760217787853993
  22.932783577231394       -11.648940071684441
  24.255511819859098       -11.497517479376491


# Temperature: 258.000000
# Parameters: -11.853102 0.919944 4.609971 19.499938
  17.035421195840680       -11.668581158200666
  18.122470597054591       -11.802027668065959
  19.254807305049955       -11.850959685264529
  20.433355550577456       -11.835832566584720
  21.659039564387733       -11.760553763070744
  22.932783577231394       -11.649388206886652
  24.255511819859098       -11.497969181958158


# Temperature: 259.000000
# Parameters: -11.853383 0.919734 4.610106 19.500694
  17.035421195840680       -11.668780653687934
  18.122470597054591       -11.802268155251326
  19.254807305049955       -11.851238676724785
  20.433355550577456       -11.836141173927587
  21.659039564387733       -11.760891305364119
  22.932783577231394       -11.649838017990252
  24.255511819859098       -11.498422226711932


# Temperature: 260.000000
# Parameters: -11.853666 0.919523 4.610225 19.501452
  17.035421195840680       -11.668981394959660
  18.122470597054591       -11.802510011555887
  19.254807305049955       -11.851519128509750
  20.433355550577456       -11.836451298598613
  21.659039564387733       -11.761230412661265
  22.932783577231394       -11.650289500849537
  24.255511819859098       -11.498876611564963


# Temperature: 261.000000
# Parameters: -11.853950 0.919312 4.610328 19.502213
  17.035421195840680       -11.669183382015845
  18.122470597054591       -11.802753236979639
  19.254807305049955       -11.851801038546574
  20.433355550577456       -11.836762938524945
  21.659039564387733       -11.761571078743623
  22.932783577231394       -11.650742650282371
  24.255511819859098       -11.499332332371543


# Temperature: 262.000000
# Parameters: -11.854236 0.919102 4.610415 19.502977
  17.035421195840680       -11.669386613820063
  18.122470597054591       -11.802997828413305
  19.254807305049955       -11.852084404762401
  20.433355550577456       -11.837076088524453
  21.659039564387733       -11.761913303611195
  22.932783577231394       -11.651197461106626
  24.255511819859098       -11.499789384985966


# Temperature: 263.000000
# Parameters: -11.854523 0.918891 4.610485 19.503743
  17.035421195840680       -11.669591089335885
  18.122470597054591       -11.803243784820459
  19.254807305049955       -11.852369225084383
  20.433355550577456       -11.837390748597135
  21.659039564387733       -11.762257081045419
  22.932783577231394       -11.651653931249449
  24.255511819859098       -11.500247765262531


# Temperature: 264.000000
# Parameters: -11.854812 0.918681 4.610539 19.504511
  17.035421195840680       -11.669796808563314
  18.122470597054591       -11.803491105164674
  19.254807305049955       -11.852655495366811
  20.433355550577456       -11.837706913560860
  21.659039564387733       -11.762602410009873
  22.932783577231394       -11.652112054492280
  24.255511819859098       -11.500707472164807


# Temperature: 265.000000
# Parameters: -11.855102 0.918470 4.610577 19.505282
  17.035421195840680       -11.670003768393070
  18.122470597054591       -11.803739786336671
  19.254807305049955       -11.852943215609685
  20.433355550577456       -11.838024582379202
  21.659039564387733       -11.762949285322422
  22.932783577231394       -11.652571826689416
  24.255511819859098       -11.501168499474238


# Temperature: 266.000000
# Parameters: -11.855394 0.918259 4.610600 19.506056
  17.035421195840680       -11.670211970898004
  18.122470597054591       -11.803989828336450
  19.254807305049955       -11.853232381667302
  20.433355550577456       -11.838343750906454
  21.659039564387733       -11.763297704910215
  22.932783577231394       -11.653033244731576
  24.255511819859098       -11.501630845117971


# Temperature: 267.000000
# Parameters: -11.855687 0.918048 4.610605 19.506832
  17.035421195840680       -11.670421411932413
  18.122470597054591       -11.804241227018304
  19.254807305049955       -11.853522990430381
  20.433355550577456       -11.838664416033339
  21.659039564387733       -11.763647664627548
  22.932783577231394       -11.653496303436631
  24.255511819859098       -11.502094504950302


# Temperature: 268.000000
# Parameters: -11.855982 0.917838 4.610595 19.507610
  17.035421195840680       -11.670632093569148
  18.122470597054591       -11.804493982382237
  19.254807305049955       -11.853815041898923
  20.433355550577456       -11.838986575687002
  21.659039564387733       -11.763999162401566
  22.932783577231394       -11.653960998658873
  24.255511819859098       -11.502559474825523


# Temperature: 269.000000
# Parameters: -11.856278 0.917627 4.610569 19.508390
  17.035421195840680       -11.670844012698932
  18.122470597054591       -11.804748092355393
  19.254807305049955       -11.854108530890796
  20.433355550577456       -11.839310226758169
  21.659039564387733       -11.764352193050138
  22.932783577231394       -11.654427325216171
  24.255511819859098       -11.503025752670784


# Temperature: 270.000000
# Parameters: -11.856576 0.917416 4.610527 19.509173
  17.035421195840680       -11.671057169321763
  18.122470597054591       -11.805003554864919
  19.254807305049955       -11.854403457406001
  20.433355550577456       -11.839635366137555
  21.659039564387733       -11.764706754500411
  22.932783577231394       -11.654895281035673
  24.255511819859098       -11.503493334340376


# Temperature: 271.000000
# Parameters: -11.856875 0.917206 4.610470 19.509959
  17.035421195840680       -11.671271562401214
  18.122470597054591       -11.805260367837965
  19.254807305049955       -11.854699817298830
  20.433355550577456       -11.839961990715883
  21.659039564387733       -11.765062843643108
  22.932783577231394       -11.655364859898819
  24.255511819859098       -11.503962216725025


# Temperature: 272.000000
# Parameters: -11.857176 0.916995 4.610396 19.510746
  17.035421195840680       -11.671487189864436
  18.122470597054591       -11.805518529201676
  19.254807305049955       -11.854997608496433
  20.433355550577456       -11.840290097383876
  21.659039564387733       -11.765420457368947
  22.932783577231394       -11.655836058696334
  24.255511819859098       -11.504432395679022


# Temperature: 273.000000
# Parameters: -11.857478 0.916784 4.610306 19.511536
  17.035421195840680       -11.671704052747852
  18.122470597054591       -11.805778038956054
  19.254807305049955       -11.855296828925955
  20.433355550577456       -11.840619684068681
  21.659039564387733       -11.765779590495798
  22.932783577231394       -11.656308873282509
  24.255511819859098       -11.504903868093088


# Temperature: 274.000000
# Parameters: -11.857782 0.916573 4.610201 19.512329
  17.035421195840680       -11.671922147942183
  18.122470597054591       -11.806038892955392
  19.254807305049955       -11.855597475478119
  20.433355550577456       -11.840950747661015
  21.659039564387733       -11.766140241987234
  22.932783577231394       -11.656783298475212
  24.255511819859098       -11.505376629821519


# Temperature: 275.000000
# Parameters: -11.858087 0.916363 4.610080 19.513124
  17.035421195840680       -11.672141476483858
  18.122470597054591       -11.806301091199691
  19.254807305049955       -11.855899546080071
  20.433355550577456       -11.841283285051604
  21.659039564387733       -11.766502407697550
  22.932783577231394       -11.657259331165166
  24.255511819859098       -11.505850678791463


# Temperature: 276.000000
# Parameters: -11.858393 0.916152 4.609942 19.513921
  17.035421195840680       -11.672362035263596
  18.122470597054591       -11.806564629543244
  19.254807305049955       -11.856203037622533
  20.433355550577456       -11.841617292094739
  21.659039564387733       -11.766866083481041
  22.932783577231394       -11.657736966170241
  24.255511819859098       -11.506326010857213


# Temperature: 277.000000
# Parameters: -11.858701 0.915941 4.609789 19.514720
  17.035421195840680       -11.672583824281398
  18.122470597054591       -11.806829509022480
  19.254807305049955       -11.856507948032652
  20.433355550577456       -11.841952767753996
  21.659039564387733       -11.767231267264854
  22.932783577231394       -11.658216200381153
  24.255511819859098       -11.506802622909492


# Temperature: 278.000000
# Parameters: -11.859011 0.915731 4.609621 19.515522
  17.035421195840680       -11.672806841464411
  18.122470597054591       -11.807095725491690
  19.254807305049955       -11.856814275237575
  20.433355550577456       -11.842289708920095
  21.659039564387733       -11.767597955939710
  22.932783577231394       -11.658697029652201
  24.255511819859098       -11.507280510802591


# Temperature: 279.000000
# Parameters: -11.859322 0.915520 4.609437 19.516326
  17.035421195840680       -11.673031086812632
  18.122470597054591       -11.807363278950879
  19.254807305049955       -11.857122017164450
  20.433355550577456       -11.842628111447331
  21.659039564387733       -11.767966145359903
  22.932783577231394       -11.659179448801250
  24.255511819859098       -11.507759671427234


# Temperature: 280.000000
# Parameters: -11.859634 0.915310 4.609236 19.517132
  17.035421195840680       -11.673256559289639
  18.122470597054591       -11.807632165254336
  19.254807305049955       -11.857431169667572
  20.433355550577456       -11.842967973262850
  21.659039564387733       -11.768335832416154
  22.932783577231394       -11.659663454719025
  24.255511819859098       -11.508240102710568


# Temperature: 281.000000
# Parameters: -11.859948 0.915099 4.609021 19.517940
  17.035421195840680       -11.673483256822578
  18.122470597054591       -11.807902384402066
  19.254807305049955       -11.857741730674086
  20.433355550577456       -11.843309291257375
  21.659039564387733       -11.768707013999187
  22.932783577231394       -11.660149043259816
  24.255511819859098       -11.508721799470459


# Temperature: 282.000000
# Parameters: -11.860263 0.914888 4.608790 19.518751
  17.035421195840680       -11.673711178375022
  18.122470597054591       -11.808173933284786
  19.254807305049955       -11.858053698111142
  20.433355550577456       -11.843652062321626
  21.659039564387733       -11.769079686999719
  22.932783577231394       -11.660636210277922
  24.255511819859098       -11.509204759634059


# Temperature: 283.000000
# Parameters: -11.860580 0.914678 4.608542 19.519564
  17.035421195840680       -11.673940323946971
  18.122470597054591       -11.808446810866073
  19.254807305049955       -11.858367069905885
  20.433355550577456       -11.843996284382751
  21.659039564387733       -11.769453848308473
  22.932783577231394       -11.661124951627635
  24.255511819859098       -11.509688979055658


# Temperature: 284.000000
# Parameters: -11.860898 0.914467 4.608281 19.520379
  17.035421195840680       -11.674170691465573
  18.122470597054591       -11.808721014036646
  19.254807305049955       -11.858681842949037
  20.433355550577456       -11.844341953295043
  21.659039564387733       -11.769829493779742
  22.932783577231394       -11.661615263163249
  24.255511819859098       -11.510174455662407


# Temperature: 285.000000
# Parameters: -11.861218 0.914257 4.608002 19.521196
  17.035421195840680       -11.674402278857976
  18.122470597054591       -11.808996542796505
  19.254807305049955       -11.858998015167748
  20.433355550577456       -11.844689068022078
  21.659039564387733       -11.770206621340677
  22.932783577231394       -11.662107140739062
  24.255511819859098       -11.510661184272170


# Temperature: 286.000000
# Parameters: -11.861539 0.914047 4.607709 19.522016
  17.035421195840680       -11.674635086124177
  18.122470597054591       -11.809273392999946
  19.254807305049955       -11.859315583452734
  20.433355550577456       -11.845037623381721
  21.659039564387733       -11.770585226845567
  22.932783577231394       -11.662600581245790
  24.255511819859098       -11.511149163848524


# Temperature: 287.000000
# Parameters: -11.861862 0.913836 4.607400 19.522838
  17.035421195840680       -11.674869111191326
  18.122470597054591       -11.809551563610542
  19.254807305049955       -11.859634545731145
  20.433355550577456       -11.845387617301123
  21.659039564387733       -11.770965308221564
  22.932783577231394       -11.663095579501308
  24.255511819859098       -11.511638389209336


# Temperature: 288.000000
# Parameters: -11.862186 0.913626 4.607077 19.523662
  17.035421195840680       -11.675104354059423
  18.122470597054591       -11.809831053591866
  19.254807305049955       -11.859954898893703
  20.433355550577456       -11.845739047707427
  21.659039564387733       -11.771346861322963
  22.932783577231394       -11.663592132396330
  24.255511819859098       -11.512128857245330


# Temperature: 289.000000
# Parameters: -11.862511 0.913416 4.606736 19.524488
  17.035421195840680       -11.675340812655614
  18.122470597054591       -11.810111859834638
  19.254807305049955       -11.860276640867552
  20.433355550577456       -11.846091911491360
  21.659039564387733       -11.771729883040480
  22.932783577231394       -11.664090235785155
  24.255511819859098       -11.512620566920074


# Temperature: 290.000000
# Parameters: -11.862838 0.913205 4.606381 19.525316
  17.035421195840680       -11.675578485943474
  18.122470597054591       -11.810393981302436
  19.254807305049955       -11.860599768543416
  20.433355550577456       -11.846446205543637
  21.659039564387733       -11.772114371301267
  22.932783577231394       -11.664589885522076
  24.255511819859098       -11.513113512015014


# Temperature: 291.000000
# Parameters: -11.863166 0.912995 4.606011 19.526147
  17.035421195840680       -11.675817372886574
  18.122470597054591       -11.810677414885976
  19.254807305049955       -11.860924280884868
  20.433355550577456       -11.846801925718557
  21.659039564387733       -11.772500320923191
  22.932783577231394       -11.665091078497817
  24.255511819859098       -11.513607691493723


# Temperature: 292.000000
# Parameters: -11.863496 0.912785 4.605625 19.526979
  17.035421195840680       -11.676057471412065
  18.122470597054591       -11.810962158512407
  19.254807305049955       -11.861250173746203
  20.433355550577456       -11.847159070979691
  21.659039564387733       -11.772887729833398
  22.932783577231394       -11.665593809530241
  24.255511819859098       -11.514103101210495


# Temperature: 293.000000
# Parameters: -11.863827 0.912575 4.605225 19.527814
  17.035421195840680       -11.676298780483519
  18.122470597054591       -11.811248212181731
  19.254807305049955       -11.861577446090994
  20.433355550577456       -11.847517638217761
  21.659039564387733       -11.773276594922612
  22.932783577231394       -11.666098075510073
  24.255511819859098       -11.514599739092478


# Temperature: 294.000000
# Parameters: -11.864160 0.912365 4.604809 19.528651
  17.035421195840680       -11.676541299064509
  18.122470597054591       -11.811535571748239
  19.254807305049955       -11.861906093773534
  20.433355550577456       -11.847877623287062
  21.659039564387733       -11.773666913081550
  22.932783577231394       -11.666603872291605
  24.255511819859098       -11.515097599957540


# Temperature: 295.000000
# Parameters: -11.864494 0.912155 4.604378 19.529490
  17.035421195840680       -11.676785025082182
  18.122470597054591       -11.811824236175509
  19.254807305049955       -11.862236115757401
  20.433355550577456       -11.848239024114742
  21.659039564387733       -11.774058681200936
  22.932783577231394       -11.667111196765561
  24.255511819859098       -11.515596681732829


# Temperature: 296.000000
# Parameters: -11.864829 0.911945 4.603931 19.530331
  17.035421195840680       -11.677029959572968
  18.122470597054591       -11.812114203390685
  19.254807305049955       -11.862567508933312
  20.433355550577456       -11.848601838627944
  21.659039564387733       -11.774451895135064
  22.932783577231394       -11.667620043749807
  24.255511819859098       -11.516096982345490


# Temperature: 297.000000
# Parameters: -11.865166 0.911735 4.603469 19.531174
  17.035421195840680       -11.677276098391156
  18.122470597054591       -11.812405472357341
  19.254807305049955       -11.862900270191989
  20.433355550577456       -11.848966062680969
  21.659039564387733       -11.774846552811081
  22.932783577231394       -11.668130411171491
  24.255511819859098       -11.516598496613394


# Temperature: 298.000000
# Parameters: -11.865505 0.911526 4.602992 19.532019
  17.035421195840680       -11.677523441536751
  18.122470597054591       -11.812698038929774
  19.254807305049955       -11.863234397460580
  20.433355550577456       -11.849331693164533
  21.659039564387733       -11.775242651119706
  22.932783577231394       -11.668642292812056
  24.255511819859098       -11.517101223500113


# Temperature: 299.000000
# Parameters: -11.865844 0.911316 4.602502 19.532866
  17.035421195840680       -11.677771987973323
  18.122470597054591       -11.812991902071554
  19.254807305049955       -11.863569887629804
  20.433355550577456       -11.849698729042213
  21.659039564387733       -11.775640185915238
  22.932783577231394       -11.669155687635072
  24.255511819859098       -11.517605157823517


# Temperature: 300.000000
# Parameters: -11.866185 0.911106 4.601994 19.533716
  17.035421195840680       -11.678021734591596
  18.122470597054591       -11.813287060746259
  19.254807305049955       -11.863906739663239
  20.433355550577456       -11.850067166168301
  21.659039564387733       -11.776039155124820
  22.932783577231394       -11.669670589421987
  24.255511819859098       -11.518110298547178


# Temperature: 301.000000
# Parameters: -11.866528 0.910897 4.601473 19.534567
  17.035421195840680       -11.678272682427993
  18.122470597054591       -11.813583511844605
  19.254807305049955       -11.864244950451601
  20.433355550577456       -11.850437002469945
  21.659039564387733       -11.776439555639177
  22.932783577231394       -11.670186997136369
  24.255511819859098       -11.518616640488965


# Temperature: 302.000000
# Parameters: -11.866872 0.910687 4.600935 19.535421
  17.035421195840680       -11.678524828373238
  18.122470597054591       -11.813881254330170
  19.254807305049955       -11.864584516885616
  20.433355550577456       -11.850808233801441
  21.659039564387733       -11.776841383312600
  22.932783577231394       -11.670704903523237
  24.255511819859098       -11.519124182612451


# Temperature: 303.000000
# Parameters: -11.867217 0.910478 4.600383 19.536276
  17.035421195840680       -11.678778172427331
  18.122470597054591       -11.814180284057246
  19.254807305049955       -11.864925436892426
  20.433355550577456       -11.851180858089936
  21.659039564387733       -11.777244636072240
  22.932783577231394       -11.671224307546163
  24.255511819859098       -11.519632920771931


# Temperature: 304.000000
# Parameters: -11.867564 0.910269 4.599816 19.537134
  17.035421195840680       -11.679032711480991
  18.122470597054591       -11.814480602062261
  19.254807305049955       -11.865267708399182
  20.433355550577456       -11.851554873262575
  21.659039564387733       -11.777649309772388
  22.932783577231394       -11.671745205059443
  24.255511819859098       -11.520142851858127


# Temperature: 305.000000
# Parameters: -11.867912 0.910060 4.599235 19.537993
  17.035421195840680       -11.679288445534217
  18.122470597054591       -11.814782203163082
  19.254807305049955       -11.865611327260178
  20.433355550577456       -11.851930275173656
  21.659039564387733       -11.778055402340192
  22.932783577231394       -11.672267591917370
  24.255511819859098       -11.520653972761759


# Temperature: 306.000000
# Parameters: -11.868262 0.909850 4.598638 19.538855
  17.035421195840680       -11.679545372514161
  18.122470597054591       -11.815085088396136
  19.254807305049955       -11.865956292438986
  20.433355550577456       -11.852307061750324
  21.659039564387733       -11.778462910666375
  22.932783577231394       -11.672791463974239
  24.255511819859098       -11.521166281409975


# Temperature: 307.000000
# Parameters: -11.868613 0.909641 4.598026 19.539718
  17.035421195840680       -11.679803492420819
  18.122470597054591       -11.815389253615718
  19.254807305049955       -11.866302601862756
  20.433355550577456       -11.852685229883301
  21.659039564387733       -11.778871831641657
  22.932783577231394       -11.673316818120773
  24.255511819859098       -11.521679774693494


# Temperature: 308.000000
# Parameters: -11.868965 0.909432 4.597400 19.540584
  17.035421195840680       -11.680062801108486
  18.122470597054591       -11.815694696748976
  19.254807305049955       -11.866650251385780
  20.433355550577456       -11.853064776463308
  21.659039564387733       -11.779282161120333
  22.932783577231394       -11.673843651247690
  24.255511819859098       -11.522194448466614


# Temperature: 309.000000
# Parameters: -11.869319 0.909224 4.596758 19.541451
  17.035421195840680       -11.680323299613590
  18.122470597054591       -11.816001416759482
  19.254807305049955       -11.866999239971634
  20.433355550577456       -11.853445699417492
  21.659039564387733       -11.779693897029549
  22.932783577231394       -11.674371958172861
  24.255511819859098       -11.522710300656479


# Temperature: 310.000000
# Parameters: -11.869674 0.909015 4.596102 19.542321
  17.035421195840680       -11.680584984826851
  18.122470597054591       -11.816309411574382
  19.254807305049955       -11.867349563474610
  20.433355550577456       -11.853827996672999
  21.659039564387733       -11.780107036260027
  22.932783577231394       -11.674901736823433
  24.255511819859098       -11.523227327117386


# Temperature: 311.000000
# Parameters: -11.870030 0.908806 4.595433 19.543192
  17.035421195840680       -11.680847856748269
  18.122470597054591       -11.816618679120827
  19.254807305049955       -11.867701221894711
  20.433355550577456       -11.854211663047700
  21.659039564387733       -11.780521575702487
  22.932783577231394       -11.675432983053698
  24.255511819859098       -11.523745526812906


# Temperature: 312.000000
# Parameters: -11.870388 0.908598 4.594745 19.544066
  17.035421195840680       -11.681111912268566
  18.122470597054591       -11.816929216289536
  19.254807305049955       -11.868054210049802
  20.433355550577456       -11.854596697505167
  21.659039564387733       -11.780937512247652
  22.932783577231394       -11.675965692717954
  24.255511819859098       -11.524264895597337


# Temperature: 313.000000
# Parameters: -11.870747 0.908389 4.594046 19.544941
  17.035421195840680       -11.681377151387741
  18.122470597054591       -11.817241023080509
  19.254807305049955       -11.868408526903460
  20.433355550577456       -11.854983096936122
  21.659039564387733       -11.781354843822667
  22.932783577231394       -11.676499862706919
  24.255511819859098       -11.524785431397826


# Temperature: 314.000000
# Parameters: -11.871108 0.908181 4.593332 19.545818
  17.035421195840680       -11.681643572032941
  18.122470597054591       -11.817554095348040
  19.254807305049955       -11.868764170382830
  20.433355550577456       -11.855370859267710
  21.659039564387733       -11.781773565245404
  22.932783577231394       -11.677035488874889
  24.255511819859098       -11.525307130068663


# Temperature: 315.000000
# Parameters: -11.871470 0.907973 4.592602 19.546697
  17.035421195840680       -11.681911173167739
  18.122470597054591       -11.817868432055706
  19.254807305049955       -11.869121136342208
  20.433355550577456       -11.855759980354229
  21.659039564387733       -11.782193675479432
  22.932783577231394       -11.677572569149012
  24.255511819859098       -11.525829989537002


# Temperature: 316.000000
# Parameters: -11.871834 0.907765 4.591857 19.547579
  17.035421195840680       -11.682179953755712
  18.122470597054591       -11.818184031130649
  19.254807305049955       -11.869479423745167
  20.433355550577456       -11.856150458122825
  21.659039564387733       -11.782615170379048
  22.932783577231394       -11.678111098347156
  24.255511819859098       -11.526354006693559


# Temperature: 317.000000
# Parameters: -11.872198 0.907556 4.591098 19.548462
  17.035421195840680       -11.682449910687577
  18.122470597054591       -11.818500889463595
  19.254807305049955       -11.869839030518856
  20.433355550577456       -11.856542289464215
  21.659039564387733       -11.783038046834973
  22.932783577231394       -11.678651074396468
  24.255511819859098       -11.526879178429057


# Temperature: 318.000000
# Parameters: -11.872564 0.907349 4.590325 19.549347
  17.035421195840680       -11.682721042926911
  18.122470597054591       -11.818819007054540
  19.254807305049955       -11.870199952517565
  20.433355550577456       -11.856935472305553
  21.659039564387733       -11.783462303810779
  22.932783577231394       -11.679192492114815
  24.255511819859098       -11.527405502670643


# Temperature: 319.000000
# Parameters: -11.872932 0.907141 4.589538 19.550233
  17.035421195840680       -11.682993350473712
  18.122470597054591       -11.819138380794207
  19.254807305049955       -11.870562187668446
  20.433355550577456       -11.857330002501131
  21.659039564387733       -11.783887936124337
  22.932783577231394       -11.679735349429347
  24.255511819859098       -11.527932975272611


# Temperature: 320.000000
# Parameters: -11.873301 0.906933 4.588736 19.551122
  17.035421195840680       -11.683266830218701
  18.122470597054591       -11.819459007573318
  19.254807305049955       -11.870925734935071
  20.433355550577456       -11.857725879014520
  21.659039564387733       -11.784314941702792
  22.932783577231394       -11.680279642194357
  24.255511819859098       -11.528461595198536


# Temperature: 321.000000
# Parameters: -11.873671 0.906726 4.587920 19.552013
  17.035421195840680       -11.683541481125451
  18.122470597054591       -11.819780887391872
  19.254807305049955       -11.871290590171736
  20.433355550577456       -11.858123098736446
  21.659039564387733       -11.784743317436869
  22.932783577231394       -11.680825366264141
  24.255511819859098       -11.528991358302711


# Temperature: 322.000000
# Parameters: -11.874043 0.906518 4.587086 19.552905
  17.035421195840680       -11.683817302157538
  18.122470597054591       -11.820104016104162
  19.254807305049955       -11.871656751305585
  20.433355550577456       -11.858521658557624
  21.659039564387733       -11.785173060217282
  22.932783577231394       -11.681372519565844
  24.255511819859098       -11.529522261475860


# Temperature: 323.000000
# Parameters: -11.874416 0.906311 4.586242 19.553800
  17.035421195840680       -11.684094291242108
  18.122470597054591       -11.820428393710189
  19.254807305049955       -11.872024216263767
  20.433355550577456       -11.858921555368781
  21.659039564387733       -11.785604167971185
  22.932783577231394       -11.681921097953762
  24.255511819859098       -11.530054302645127


# Temperature: 324.000000
# Parameters: -11.874790 0.906104 4.585380 19.554696
  17.035421195840680       -11.684372447342735
  18.122470597054591       -11.820754017100677
  19.254807305049955       -11.872392982973432
  20.433355550577456       -11.859322787097060
  21.659039564387733       -11.786036636552868
  22.932783577231394       -11.682471098318617
  24.255511819859098       -11.530587478701234


# Temperature: 325.000000
# Parameters: -11.875166 0.905897 4.584504 19.555594
  17.035421195840680       -11.684651768386566
  18.122470597054591       -11.821080884202768
  19.254807305049955       -11.872763048325297
  20.433355550577456       -11.859725350633184
  21.659039564387733       -11.786470463889483
  22.932783577231394       -11.683022516514701
  24.255511819859098       -11.531121787571328


# Temperature: 326.000000
# Parameters: -11.875543 0.905690 4.583618 19.556494
  17.035421195840680       -11.684932253337173
  18.122470597054591       -11.821408992943613
  19.254807305049955       -11.873134409210085
  20.433355550577456       -11.860129242867872
  21.659039564387733       -11.786905645835320
  22.932783577231394       -11.683575350469164
  24.255511819859098       -11.531657226146132


# Temperature: 327.000000
# Parameters: -11.875921 0.905483 4.582712 19.557396
  17.035421195840680       -11.685213900121708
  18.122470597054591       -11.821738341250359
  19.254807305049955       -11.873507064591369
  20.433355550577456       -11.860534462764701
  21.659039564387733       -11.787342181353955
  22.932783577231394       -11.684129594999872
  24.255511819859098       -11.532193791316365


# Temperature: 328.000000
# Parameters: -11.876301 0.905276 4.581796 19.558299
  17.035421195840680       -11.685496708740166
  18.122470597054591       -11.822068927050154
  19.254807305049955       -11.873881011359872
  20.433355550577456       -11.860941006177963
  21.659039564387733       -11.787780067336108
  22.932783577231394       -11.684685248033974
  24.255511819859098       -11.532731479972748


# Temperature: 329.000000
# Parameters: -11.876682 0.905070 4.580866 19.559205
  17.035421195840680       -11.685780675046844
  18.122470597054591       -11.822400749306569
  19.254807305049955       -11.874256247442737
  20.433355550577456       -11.861348871034807
  21.659039564387733       -11.788219298599648
  22.932783577231394       -11.685242305425765
  24.255511819859098       -11.533270290042429


# Temperature: 330.000000
# Parameters: -11.877064 0.904863 4.579918 19.560112
  17.035421195840680       -11.686065800078168
  18.122470597054591       -11.822733803873898
  19.254807305049955       -11.874632769730690
  20.433355550577456       -11.861758053189526
  21.659039564387733       -11.788659875144576
  22.932783577231394       -11.685800765102391
  24.255511819859098       -11.533810218416130


# Temperature: 331.000000
# Parameters: -11.877448 0.904657 4.578956 19.561021
  17.035421195840680       -11.686352080724859
  18.122470597054591       -11.823068090752146
  19.254807305049955       -11.875010576150874
  20.433355550577456       -11.862168552642121
  21.659039564387733       -11.789101791788758
  22.932783577231394       -11.686360621881720
  24.255511819859098       -11.534351263020996


# Temperature: 332.000000
# Parameters: -11.877833 0.904451 4.577984 19.561932
  17.035421195840680       -11.686639515950491
  18.122470597054591       -11.823403606832031
  19.254807305049955       -11.875389664630440
  20.433355550577456       -11.862580364210460
  21.659039564387733       -11.789545047495769
  22.932783577231394       -11.686921873690901
  24.255511819859098       -11.534893420747750


# Temperature: 333.000000
# Parameters: -11.878220 0.904245 4.576996 19.562844
  17.035421195840680       -11.686928104718637
  18.122470597054591       -11.823740351077126
  19.254807305049955       -11.875770032060107
  20.433355550577456       -11.862993486858116
  21.659039564387733       -11.789989638119904
  22.932783577231394       -11.687484516384227
  24.255511819859098       -11.535436688487112


# Temperature: 334.000000
# Parameters: -11.878607 0.904039 4.575991 19.563759
  17.035421195840680       -11.687217843920019
  18.122470597054591       -11.824078320378151
  19.254807305049955       -11.876151676367021
  20.433355550577456       -11.863407917475811
  21.659039564387733       -11.790435561588311
  22.932783577231394       -11.688048547888847
  24.255511819859098       -11.535981064166229


# Temperature: 335.000000
# Parameters: -11.878997 0.903834 4.574975 19.564675
  17.035421195840680       -11.687508733554637
  18.122470597054591       -11.824417512662256
  19.254807305049955       -11.876534595478333
  20.433355550577456       -11.863823652954267
  21.659039564387733       -11.790882813755282
  22.932783577231394       -11.688613964059055
  24.255511819859098       -11.536526545712249


# Temperature: 336.000000
# Parameters: -11.879387 0.903628 4.573945 19.565593
  17.035421195840680       -11.687800772586062
  18.122470597054591       -11.824757925856588
  19.254807305049955       -11.876918786284760
  20.433355550577456       -11.864240691220628
  21.659039564387733       -11.791331393584391
  22.932783577231394       -11.689180761785570
  24.255511819859098       -11.537073128979467


# Temperature: 337.000000
# Parameters: -11.879779 0.903423 4.572899 19.566512
  17.035421195840680       -11.688093956868592
  18.122470597054591       -11.825099558924720
  19.254807305049955       -11.877304246713452
  20.433355550577456       -11.864659029165619
  21.659039564387733       -11.791781297966361
  22.932783577231394       -11.689748937959116
  24.255511819859098       -11.537620811895028


# Temperature: 338.000000
# Parameters: -11.880172 0.903218 4.571841 19.567434
  17.035421195840680       -11.688388287438650
  18.122470597054591       -11.825442408757372
  19.254807305049955       -11.877690974691555
  20.433355550577456       -11.865078664716384
  21.659039564387733       -11.792232522755487
  22.932783577231394       -11.690318488433986
  24.255511819859098       -11.538169592386081


# Temperature: 339.000000
# Parameters: -11.880566 0.903013 4.570769 19.568357
  17.035421195840680       -11.688683761186962
  18.122470597054591       -11.825786474318120
  19.254807305049955       -11.878078967109792
  20.433355550577456       -11.865499594763646
  21.659039564387733       -11.792685065878915
  22.932783577231394       -11.690889411137329
  24.255511819859098       -11.538719467343348


# Temperature: 340.000000
# Parameters: -11.880962 0.902808 4.569682 19.569282
  17.035421195840680       -11.688980377077096
  18.122470597054591       -11.826131752497682
  19.254807305049955       -11.878468221895307
  20.433355550577456       -11.865921816198124
  21.659039564387733       -11.793138925263792
  22.932783577231394       -11.691461702959863
  24.255511819859098       -11.539270433657551


# Temperature: 341.000000
# Parameters: -11.881359 0.902603 4.568577 19.570209
  17.035421195840680       -11.689278133036202
  18.122470597054591       -11.826478242259634
  19.254807305049955       -11.878858736975250
  20.433355550577456       -11.866345327983394
  21.659039564387733       -11.793594096764412
  22.932783577231394       -11.692035359755884
  24.255511819859098       -11.539822489255833


# Temperature: 342.000000
# Parameters: -11.881757 0.902399 4.567464 19.571137
  17.035421195840680       -11.689577029064282
  18.122470597054591       -11.826825940494697
  19.254807305049955       -11.879250510276767
  20.433355550577456       -11.866770125973751
  21.659039564387733       -11.794050578307925
  22.932783577231394       -11.692610378416115
  24.255511819859098       -11.540375632065345


# Temperature: 343.000000
# Parameters: -11.882157 0.902194 4.566335 19.572067
  17.035421195840680       -11.689877061015627
  18.122470597054591       -11.827174846166443
  19.254807305049955       -11.879643537654154
  20.433355550577456       -11.867196209132766
  21.659039564387733       -11.794508366785049
  22.932783577231394       -11.693186755831276
  24.255511819859098       -11.540929858976805


# Temperature: 344.000000
# Parameters: -11.882558 0.901990 4.565191 19.572999
  17.035421195840680       -11.690178229926666
  18.122470597054591       -11.827524957202021
  19.254807305049955       -11.880037819107411
  20.433355550577456       -11.867623573314734
  21.659039564387733       -11.794967461159359
  22.932783577231394       -11.693764489928510
  24.255511819859098       -11.541485167917363


# Temperature: 345.000000
# Parameters: -11.882960 0.901786 4.564036 19.573932
  17.035421195840680       -11.690480532688118
  18.122470597054591       -11.827876270492149
  19.254807305049955       -11.880433350490829
  20.433355550577456       -11.868052216446804
  21.659039564387733       -11.795427856248724
  22.932783577231394       -11.694343575525691
  24.255511819859098       -11.542041554741314


# Temperature: 346.000000
# Parameters: -11.883364 0.901582 4.562864 19.574867
  17.035421195840680       -11.690783969299984
  18.122470597054591       -11.828228785000405
  19.254807305049955       -11.880830129731560
  20.433355550577456       -11.868482136456123
  21.659039564387733       -11.795889549980291
  22.932783577231394       -11.694924011586391
  24.255511819859098       -11.542599018412227


# Temperature: 347.000000
# Parameters: -11.883769 0.901379 4.561680 19.575804
  17.035421195840680       -11.691088535616560
  18.122470597054591       -11.828582497617509
  19.254807305049955       -11.881228155793176
  20.433355550577456       -11.868913330233411
  21.659039564387733       -11.796352540281207
  22.932783577231394       -11.695505792928477
  24.255511819859098       -11.543157556857256


# Temperature: 348.000000
# Parameters: -11.884175 0.901175 4.560480 19.576743
  17.035421195840680       -11.691394231637842
  18.122470597054591       -11.828937408343458
  19.254807305049955       -11.881627424529970
  20.433355550577456       -11.869345795705817
  21.659039564387733       -11.796816825078619
  22.932783577231394       -11.696088918515525
  24.255511819859098       -11.543717165930691


# Temperature: 349.000000
# Parameters: -11.884582 0.900972 4.559270 19.577683
  17.035421195840680       -11.691701056327409
  18.122470597054591       -11.829293513032548
  19.254807305049955       -11.882027933869093
  20.433355550577456       -11.869779528727634
  21.659039564387733       -11.797282399190395
  22.932783577231394       -11.696673384201826
  24.255511819859098       -11.544277843559680


# Temperature: 350.000000
# Parameters: -11.884991 0.900769 4.558040 19.578625
  17.035421195840680       -11.692009006575978
  18.122470597054591       -11.829650810648355
  19.254807305049955       -11.882429682774115
  20.433355550577456       -11.870214529298861
  21.659039564387733       -11.797749262616536
  22.932783577231394       -11.697259185841679
  24.255511819859098       -11.544839587671371


# Temperature: 351.000000
# Parameters: -11.885401 0.900566 4.556802 19.579568
  17.035421195840680       -11.692318082383549
  18.122470597054591       -11.830009300154449
  19.254807305049955       -11.882832668135759
  20.433355550577456       -11.870650793273795
  21.659039564387733       -11.798217410174910
  22.932783577231394       -11.697846322398654
  24.255511819859098       -11.545402396192912


# Temperature: 352.000000
# Parameters: -11.885813 0.900363 4.555552 19.580513
  17.035421195840680       -11.692628280640845
  18.122470597054591       -11.830368977405127
  19.254807305049955       -11.883236886844744
  20.433355550577456       -11.871088318579583
  21.659039564387733       -11.798686840829092
  22.932783577231394       -11.698434789727049
  24.255511819859098       -11.545966266015023


# Temperature: 353.000000
# Parameters: -11.886225 0.900160 4.554284 19.581460
  17.035421195840680       -11.692939601347867
  18.122470597054591       -11.830729841363963
  19.254807305049955       -11.883642337864645
  20.433355550577456       -11.871527102106946
  21.659039564387733       -11.799157552506225
  22.932783577231394       -11.699024584717581
  24.255511819859098       -11.546531194028425


# Temperature: 354.000000
# Parameters: -11.886639 0.899958 4.553007 19.582409
  17.035421195840680       -11.693252041395331
  18.122470597054591       -11.831091889958103
  19.254807305049955       -11.884049019122610
  20.433355550577456       -11.871967141783029
  21.659039564387733       -11.799629540024183
  22.932783577231394       -11.699615704260975
  24.255511819859098       -11.547097179196692


# Temperature: 355.000000
# Parameters: -11.887054 0.899756 4.551710 19.583359
  17.035421195840680       -11.693565599746815
  18.122470597054591       -11.831455122151121
  19.254807305049955       -11.884456926472934
  20.433355550577456       -11.872408435534982
  21.659039564387733       -11.800102803382963
  22.932783577231394       -11.700208145247949
  24.255511819859098       -11.547664218410544


# Temperature: 356.000000
# Parameters: -11.887471 0.899554 4.550404 19.584311
  17.035421195840680       -11.693880275365892
  18.122470597054591       -11.831819534833739
  19.254807305049955       -11.884866058879188
  20.433355550577456       -11.872850980253526
  21.659039564387733       -11.800577337400432
  22.932783577231394       -11.700801905605651
  24.255511819859098       -11.548232308560705


# Temperature: 357.000000
# Parameters: -11.887889 0.899352 4.549083 19.585264
  17.035421195840680       -11.694196066179709
  18.122470597054591       -11.832185125933103
  19.254807305049955       -11.885276413232097
  20.433355550577456       -11.873294772829381
  21.659039564387733       -11.801053142076592
  22.932783577231394       -11.701396981188376
  24.255511819859098       -11.548801447574318


# Temperature: 358.000000
# Parameters: -11.888308 0.899150 4.547749 19.586219
  17.035421195840680       -11.694512970115413
  18.122470597054591       -11.832551893376360
  19.254807305049955       -11.885687988495230
  20.433355550577456       -11.873739812226120
  21.659039564387733       -11.801530212229311
  22.932783577231394       -11.701993369923272
  24.255511819859098       -11.549371634414960


# Temperature: 359.000000
# Parameters: -11.888728 0.898949 4.546401 19.587176
  17.035421195840680       -11.694830987173004
  18.122470597054591       -11.832919836127084
  19.254807305049955       -11.886100781559310
  20.433355550577456       -11.874186095334466
  21.659039564387733       -11.802008546822162
  22.932783577231394       -11.702591067664633
  24.255511819859098       -11.549942864936925


# Temperature: 360.000000
# Parameters: -11.889150 0.898748 4.545037 19.588134
  17.035421195840680       -11.695150114243203
  18.122470597054591       -11.833288951075998
  19.254807305049955       -11.886514789315060
  20.433355550577456       -11.874633619045136
  21.659039564387733       -11.802488142745867
  22.932783577231394       -11.703190072339607
  24.255511819859098       -11.550515137067359


# Temperature: 361.000000
# Parameters: -11.889573 0.898547 4.543660 19.589094
  17.035421195840680       -11.695470350289584
  18.122470597054591       -11.833659237186675
  19.254807305049955       -11.886930011762479
  20.433355550577456       -11.875082382321709
  21.659039564387733       -11.802968997927573
  22.932783577231394       -11.703790380838914
  24.255511819859098       -11.551088448733410


# Temperature: 362.000000
# Parameters: -11.889997 0.898346 4.542272 19.590055
  17.035421195840680       -11.695791693239295
  18.122470597054591       -11.834030692386259
  19.254807305049955       -11.887346443719432
  20.433355550577456       -11.875532381018475
  21.659039564387733       -11.803451108221575
  22.932783577231394       -11.704391991089700
  24.255511819859098       -11.551662796825799


# Temperature: 363.000000
# Parameters: -11.890422 0.898145 4.540869 19.591018
  17.035421195840680       -11.696114142055908
  18.122470597054591       -11.834403313565474
  19.254807305049955       -11.887764085185923
  20.433355550577456       -11.875983614099011
  21.659039564387733       -11.803934473627871
  22.932783577231394       -11.704994897909838
  24.255511819859098       -11.552238180308100


# Temperature: 364.000000
# Parameters: -11.890849 0.897945 4.539457 19.591983
  17.035421195840680       -11.696437694666571
  18.122470597054591       -11.834777099687894
  19.254807305049955       -11.888182933052672
  20.433355550577456       -11.876436077417612
  21.659039564387733       -11.804419088964332
  22.932783577231394       -11.705599100262896
  24.255511819859098       -11.552814596071034


# Temperature: 365.000000
# Parameters: -11.891277 0.897745 4.538025 19.592949
  17.035421195840680       -11.696762350034858
  18.122470597054591       -11.835152049717090
  19.254807305049955       -11.888602985246825
  20.433355550577456       -11.876889770974273
  21.659039564387733       -11.804904952158104
  22.932783577231394       -11.706204594003173
  24.255511819859098       -11.553392041005322


# Temperature: 366.000000
# Parameters: -11.891706 0.897545 4.536586 19.593917
  17.035421195840680       -11.697088107124340
  18.122470597054591       -11.835528159507360
  19.254807305049955       -11.889024238659104
  20.433355550577456       -11.877344689586868
  21.659039564387733       -11.805392062172761
  22.932783577231394       -11.706811377057814
  24.255511819859098       -11.553970515110963


# Temperature: 367.000000
# Parameters: -11.892137 0.897345 4.535130 19.594886
  17.035421195840680       -11.697414962825745
  18.122470597054591       -11.835905428022276
  19.254807305049955       -11.889446692253083
  20.433355550577456       -11.877800833255394
  21.659039564387733       -11.805880414862596
  22.932783577231394       -11.707419446317541
  24.255511819859098       -11.554550013205827


# Temperature: 368.000000
# Parameters: -11.892569 0.897146 4.533662 19.595857
  17.035421195840680       -11.697742916102639
  18.122470597054591       -11.836283853188984
  19.254807305049955       -11.889870343955909
  20.433355550577456       -11.878258197834146
  21.659039564387733       -11.806370008154760
  22.932783577231394       -11.708028798673075
  24.255511819859098       -11.555130534253486


# Temperature: 369.000000
# Parameters: -11.893002 0.896946 4.532177 19.596829
  17.035421195840680       -11.698071965918599
  18.122470597054591       -11.836663433971060
  19.254807305049955       -11.890295189621876
  20.433355550577456       -11.878716781250272
  21.659039564387733       -11.806860838939970
  22.932783577231394       -11.708639432051562
  24.255511819859098       -11.555712076181090


# Temperature: 370.000000
# Parameters: -11.893436 0.896747 4.530684 19.597803
  17.035421195840680       -11.698402109164347
  18.122470597054591       -11.837044167259224
  19.254807305049955       -11.890721229250984
  20.433355550577456       -11.879176582467345
  21.659039564387733       -11.807352906181801
  22.932783577231394       -11.709251342307297
  24.255511819859098       -11.556294636915782


# Temperature: 371.000000
# Parameters: -11.893872 0.896548 4.529173 19.598779
  17.035421195840680       -11.698733346876306
  18.122470597054591       -11.837426050980623
  19.254807305049955       -11.891148458697529
  20.433355550577456       -11.879637597339661
  21.659039564387733       -11.807846205734549
  22.932783577231394       -11.709864528403855
  24.255511819859098       -11.556878212311860


# Temperature: 372.000000
# Parameters: -11.894308 0.896350 4.527652 19.599756
  17.035421195840680       -11.699065674908773
  18.122470597054591       -11.837809084098831
  19.254807305049955       -11.891576876925084
  20.433355550577456       -11.880099823794366
  21.659039564387733       -11.808340736561787
  22.932783577231394       -11.710478985159105
  24.255511819859098       -11.557462802369322


# Temperature: 373.000000
# Parameters: -11.894746 0.896151 4.526117 19.600734
  17.035421195840680       -11.699399093261750
  18.122470597054591       -11.838193264540996
  19.254807305049955       -11.892006480824369
  20.433355550577456       -11.880563259758606
  21.659039564387733       -11.808836494517809
  22.932783577231394       -11.711094711536617
  24.255511819859098       -11.558048403978891


# Temperature: 374.000000
# Parameters: -11.895186 0.895953 4.524569 19.601714
  17.035421195840680       -11.699733599862380
  18.122470597054591       -11.838578590234263
  19.254807305049955       -11.892437269358959
  20.433355550577456       -11.881027904195957
  21.659039564387733       -11.809333478566188
  22.932783577231394       -11.711711703390689
  24.255511819859098       -11.558635014031287


# Temperature: 375.000000
# Parameters: -11.895626 0.895755 4.523007 19.602696
  17.035421195840680       -11.700069192637812
  18.122470597054591       -11.838965058069356
  19.254807305049955       -11.892869239419575
  20.433355550577456       -11.881493751924287
  21.659039564387733       -11.809831685597647
  22.932783577231394       -11.712329959684892
  24.255511819859098       -11.559222631490083


# Temperature: 376.000000
# Parameters: -11.896068 0.895557 4.521434 19.603679
  17.035421195840680       -11.700405870551622
  18.122470597054591       -11.839352668046274
  19.254807305049955       -11.893302388933364
  20.433355550577456       -11.881960802943595
  21.659039564387733       -11.810331112502906
  22.932783577231394       -11.712949476273524
  24.255511819859098       -11.559811253246002


# Temperature: 377.000000
# Parameters: -11.896511 0.895360 4.519845 19.604664
  17.035421195840680       -11.700743631530955
  18.122470597054591       -11.839741416019310
  19.254807305049955       -11.893736715827472
  20.433355550577456       -11.882429053108178
  21.659039564387733       -11.810831757209112
  22.932783577231394       -11.713570250047303
  24.255511819859098       -11.560400878262614


# Temperature: 378.000000
# Parameters: -11.896955 0.895163 4.518248 19.605650
  17.035421195840680       -11.701082474539383
  18.122470597054591       -11.840131301988466
  19.254807305049955       -11.894172218029047
  20.433355550577456       -11.882898501381606
  21.659039564387733       -11.811333617643413
  22.932783577231394       -11.714192279969804
  24.255511819859098       -11.560991502394218


# Temperature: 379.000000
# Parameters: -11.897401 0.894965 4.516628 19.606638
  17.035421195840680       -11.701422397504057
  18.122470597054591       -11.840522323880888
  19.254807305049955       -11.894608893465238
  20.433355550577456       -11.883369145691029
  21.659039564387733       -11.811836690696529
  22.932783577231394       -11.714815561895323
  24.255511819859098       -11.561583124604384


# Temperature: 380.000000
# Parameters: -11.897847 0.894769 4.515006 19.607626
  17.035421195840680       -11.701763399388549
  18.122470597054591       -11.840914477550871
  19.254807305049955       -11.895046739026764
  20.433355550577456       -11.883840981890740
  21.659039564387733       -11.812340974295608
  22.932783577231394       -11.715440092714578
  24.255511819859098       -11.562175742820262


# Temperature: 381.000000
# Parameters: -11.898295 0.894572 4.513365 19.608617
  17.035421195840680       -11.702105478120007
  18.122470597054591       -11.841307764034843
  19.254807305049955       -11.895485753677200
  20.433355550577456       -11.884314008944314
  21.659039564387733       -11.812846466367798
  22.932783577231394       -11.716065870354717
  24.255511819859098       -11.562769353932573


# Temperature: 382.000000
# Parameters: -11.898744 0.894376 4.511712 19.609609
  17.035421195840680       -11.702448632662003
  18.122470597054591       -11.841702179187097
  19.254807305049955       -11.895925935343692
  20.433355550577456       -11.884788224778898
  21.659039564387733       -11.813353163803820
  22.932783577231394       -11.716692892742889
  24.255511819859098       -11.563363956904888


# Temperature: 383.000000
# Parameters: -11.899195 0.894180 4.510048 19.610603
  17.035421195840680       -11.702792859905259
  18.122470597054591       -11.842097723007631
  19.254807305049955       -11.896367279880536
  20.433355550577456       -11.885263626285212
  21.659039564387733       -11.813861064530819
  22.932783577231394       -11.717321155733389
  24.255511819859098       -11.563959548627929


# Temperature: 384.000000
# Parameters: -11.899646 0.893984 4.508369 19.611598
  17.035421195840680       -11.703138160886201
  18.122470597054591       -11.842494391350744
  19.254807305049955       -11.896809787287731
  20.433355550577456       -11.885740211390406
  21.659039564387733       -11.814370165439517
  22.932783577231394       -11.717950658289787
  24.255511819859098       -11.564556127028846


# Temperature: 385.000000
# Parameters: -11.900099 0.893789 4.506677 19.612594
  17.035421195840680       -11.703484531459123
  18.122470597054591       -11.842892184216433
  19.254807305049955       -11.897253454455999
  20.433355550577456       -11.886217978021623
  21.659039564387733       -11.814880465493490
  22.932783577231394       -11.718581396266382
  24.255511819859098       -11.565153690034784


# Temperature: 386.000000
# Parameters: -11.900553 0.893593 4.504974 19.613592
  17.035421195840680       -11.703831971624028
  18.122470597054591       -11.843291098495420
  19.254807305049955       -11.897698279312486
  20.433355550577456       -11.886696924106015
  21.659039564387733       -11.815391960547029
  22.932783577231394       -11.719213366553891
  24.255511819859098       -11.565752235572889


# Temperature: 387.000000
# Parameters: -11.901008 0.893398 4.503257 19.614591
  17.035421195840680       -11.704180479308061
  18.122470597054591       -11.843691132114854
  19.254807305049955       -11.898144259784340
  20.433355550577456       -11.887177046534299
  21.659039564387733       -11.815904649563711
  22.932783577231394       -11.719846569152319
  24.255511819859098       -11.566351762606736


# Temperature: 388.000000
# Parameters: -11.901465 0.893204 4.501529 19.615592
  17.035421195840680       -11.704530052438368
  18.122470597054591       -11.844092284038306
  19.254807305049955       -11.898591393798709
  20.433355550577456       -11.887658343233625
  21.659039564387733       -11.816418528397829
  22.932783577231394       -11.720480998879529
  24.255511819859098       -11.566952266990620


# Temperature: 389.000000
# Parameters: -11.901923 0.893009 4.499782 19.616595
  17.035421195840680       -11.704880689978525
  18.122470597054591       -11.844494552192922
  19.254807305049955       -11.899039679282739
  20.433355550577456       -11.888140812131139
  21.659039564387733       -11.816933597049383
  22.932783577231394       -11.721116653662671
  24.255511819859098       -11.567553746651690


# Temperature: 390.000000
# Parameters: -11.902382 0.892815 4.498033 19.617598
  17.035421195840680       -11.705232390892105
  18.122470597054591       -11.844897935542280
  19.254807305049955       -11.899489114163579
  20.433355550577456       -11.888624451153991
  21.659039564387733       -11.817449852409094
  22.932783577231394       -11.721753530392466
  24.255511819859098       -11.568156201589943


# Temperature: 391.000000
# Parameters: -11.902842 0.892621 4.496261 19.618603
  17.035421195840680       -11.705585152069830
  18.122470597054591       -11.845302429940672
  19.254807305049955       -11.899939695331948
  20.433355550577456       -11.889109258229324
  21.659039564387733       -11.817967290331257
  22.932783577231394       -11.722391628032488
  24.255511819859098       -11.568759627659675


# Temperature: 392.000000
# Parameters: -11.903303 0.892427 4.494481 19.619610
  17.035421195840680       -11.705938973511698
  18.122470597054591       -11.845708034351670
  19.254807305049955       -11.900391421751420
  20.433355550577456       -11.889595230247860
  21.659039564387733       -11.818485910815872
  22.932783577231394       -11.723030942437029
  24.255511819859098       -11.569364023824459


# Temperature: 393.000000
# Parameters: -11.903766 0.892233 4.492685 19.620618
  17.035421195840680       -11.706293853144857
  18.122470597054591       -11.846114748775278
  19.254807305049955       -11.900844291349145
  20.433355550577456       -11.890082365136749
  21.659039564387733       -11.819005709717231
  22.932783577231394       -11.723671472569666
  24.255511819859098       -11.569969386975018


# Temperature: 394.000000
# Parameters: -11.904229 0.892040 4.490881 19.621627
  17.035421195840680       -11.706649788896454
  18.122470597054591       -11.846522569065790
  19.254807305049955       -11.901298302052266
  20.433355550577456       -11.890570661859563
  21.659039564387733       -11.819526684962486
  22.932783577231394       -11.724313213248266
  24.255511819859098       -11.570575716074922


# Temperature: 395.000000
# Parameters: -11.904694 0.891847 4.489062 19.622638
  17.035421195840680       -11.707006778693639
  18.122470597054591       -11.846931493150350
  19.254807305049955       -11.901753450751508
  20.433355550577456       -11.891060116270596
  21.659039564387733       -11.820048835515209
  22.932783577231394       -11.724956164472829
  24.255511819859098       -11.571183008014895


# Temperature: 396.000000
# Parameters: -11.905160 0.891655 4.487229 19.623650
  17.035421195840680       -11.707364822536407
  18.122470597054591       -11.847341521028962
  19.254807305049955       -11.902209735374017
  20.433355550577456       -11.891550727333422
  21.659039564387733       -11.820572158266121
  22.932783577231394       -11.725600322097650
  24.255511819859098       -11.571791261758511


# Temperature: 397.000000
# Parameters: -11.905628 0.891462 4.485383 19.624664
  17.035421195840680       -11.707723918351910
  18.122470597054591       -11.847752649592344
  19.254807305049955       -11.902667154883364
  20.433355550577456       -11.892042492975190
  21.659039564387733       -11.821096650105940
  22.932783577231394       -11.726245685086301
  24.255511819859098       -11.572400475232914


# Temperature: 398.000000
# Parameters: -11.906096 0.891270 4.483529 19.625679
  17.035421195840680       -11.708084064067293
  18.122470597054591       -11.848164877804070
  19.254807305049955       -11.903125707206700
  20.433355550577456       -11.892535410086619
  21.659039564387733       -11.821622309998244
  22.932783577231394       -11.726892248256652
  24.255511819859098       -11.573010645328829


# Temperature: 399.000000
# Parameters: -11.906566 0.891078 4.481659 19.626695
  17.035421195840680       -11.708445258646131
  18.122470597054591       -11.848578202554863
  19.254807305049955       -11.903585389234744
  20.433355550577456       -11.893029477631284
  21.659039564387733       -11.822149133797325
  22.932783577231394       -11.727540011608703
  24.255511819859098       -11.573621769973400


# Temperature: 400.000000
# Parameters: -11.907037 0.890887 4.479776 19.627713
  17.035421195840680       -11.708807498979144
  18.122470597054591       -11.848992622808295
  19.254807305049955       -11.904046199931070
  20.433355550577456       -11.893524692499904
  21.659039564387733       -11.822677121503183
  22.932783577231394       -11.728188972033173
  24.255511819859098       -11.574233848130202


# Temperature: 401.000000
# Parameters: -11.907509 0.890695 4.477880 19.628732
  17.035421195840680       -11.709170786102758
  18.122470597054591       -11.849408136491514
  19.254807305049955       -11.904508136186401
  20.433355550577456       -11.894021051583202
  21.659039564387733       -11.823206268970113
  22.932783577231394       -11.728839125384360
  24.255511819859098       -11.574846877726383


# Temperature: 402.000000
# Parameters: -11.907982 0.890504 4.475974 19.629752
  17.035421195840680       -11.709535115871269
  18.122470597054591       -11.849824742568092
  19.254807305049955       -11.904971196964308
  20.433355550577456       -11.894518554881177
  21.659039564387733       -11.823736575161691
  22.932783577231394       -11.729490470625835
  24.255511819859098       -11.575460855652663


# Temperature: 403.000000
# Parameters: -11.908457 0.890314 4.474055 19.630774
  17.035421195840680       -11.709900489321100
  18.122470597054591       -11.850242437928753
  19.254807305049955       -11.905435379155511
  20.433355550577456       -11.895017199284551
  21.659039564387733       -11.824268036968634
  22.932783577231394       -11.730143005684747
  24.255511819859098       -11.576075780872618


# Temperature: 404.000000
# Parameters: -11.908932 0.890123 4.472124 19.631797
  17.035421195840680       -11.710266902306550
  18.122470597054591       -11.850661220500642
  19.254807305049955       -11.905900681723587
  20.433355550577456       -11.895516982720471
  21.659039564387733       -11.824800653354519
  22.932783577231394       -11.730796726415388
  24.255511819859098       -11.576691651313391


# Temperature: 405.000000
# Parameters: -11.909409 0.889933 4.470176 19.632822
  17.035421195840680       -11.710634354827619
  18.122470597054591       -11.851081090283760
  19.254807305049955       -11.906367101559256
  20.433355550577456       -11.896017902079656
  21.659039564387733       -11.825334420173640
  22.932783577231394       -11.731451631781336
  24.255511819859098       -11.577308463865705


# Temperature: 406.000000
# Parameters: -11.909887 0.889743 4.468217 19.633848
  17.035421195840680       -11.711002845847876
  18.122470597054591       -11.851502044168827
  19.254807305049955       -11.906834637626091
  20.433355550577456       -11.896519955289255
  21.659039564387733       -11.825869335353142
  22.932783577231394       -11.732107718673308
  24.255511819859098       -11.577926217493136


# Temperature: 407.000000
# Parameters: -11.910367 0.889554 4.466255 19.634875
  17.035421195840680       -11.711372372258046
  18.122470597054591       -11.851924080082991
  19.254807305049955       -11.907303287851239
  20.433355550577456       -11.897023142349269
  21.659039564387733       -11.826405398893026
  22.932783577231394       -11.732764985018452
  24.255511819859098       -11.578544910122829


# Temperature: 408.000000
# Parameters: -11.910847 0.889365 4.464274 19.635904
  17.035421195840680       -11.711742933021700
  18.122470597054591       -11.852347195953401
  19.254807305049955       -11.907773049125421
  20.433355550577456       -11.897527458077565
  21.659039564387733       -11.826942605611164
  22.932783577231394       -11.733423426671065
  24.255511819859098       -11.579164539681932


# Temperature: 409.000000
# Parameters: -11.911329 0.889176 4.462279 19.636934
  17.035421195840680       -11.712114527102415
  18.122470597054591       -11.852771391780054
  19.254807305049955       -11.908243920412213
  20.433355550577456       -11.898032902474142
  21.659039564387733       -11.827480955507550
  22.932783577231394       -11.734083043631145
  24.255511819859098       -11.579785105134016


# Temperature: 410.000000
# Parameters: -11.911811 0.888987 4.460272 19.637965
  17.035421195840680       -11.712487152427336
  18.122470597054591       -11.853196663417247
  19.254807305049955       -11.908715898602333
  20.433355550577456       -11.898539472429725
  21.659039564387733       -11.828020444436483
  22.932783577231394       -11.734743831752986
  24.255511819859098       -11.580406602333380


# Temperature: 411.000000
# Parameters: -11.912295 0.888798 4.458250 19.638998
  17.035421195840680       -11.712860806923610
  18.122470597054591       -11.853623010864977
  19.254807305049955       -11.909188983695781
  20.433355550577456       -11.899047166907883
  21.659039564387733       -11.828561072397962
  22.932783577231394       -11.735405788963739
  24.255511819859098       -11.581029030243595


# Temperature: 412.000000
# Parameters: -11.912780 0.888610 4.456216 19.640033
  17.035421195840680       -11.713235490591238
  18.122470597054591       -11.854050431013968
  19.254807305049955       -11.909663171546853
  20.433355550577456       -11.899555981762912
  21.659039564387733       -11.829102835246280
  22.932783577231394       -11.736068913190547
  24.255511819859098       -11.581652387828235


# Temperature: 413.000000
# Parameters: -11.913267 0.888423 4.454181 19.641067
  17.035421195840680       -11.713611200320940
  18.122470597054591       -11.854478922827793
  19.254807305049955       -11.910138462155551
  20.433355550577456       -11.900065916994812
  21.659039564387733       -11.829645731945012
  22.932783577231394       -11.736733202360558
  24.255511819859098       -11.582276673014448


# Temperature: 414.000000
# Parameters: -11.913754 0.888235 4.452123 19.642104
  17.035421195840680       -11.713987936112717
  18.122470597054591       -11.854908484233599
  19.254807305049955       -11.910614851376165
  20.433355550577456       -11.900576969494306
  21.659039564387733       -11.830189759384881
  22.932783577231394       -11.737398652328070
  24.255511819859098       -11.582901882692955


# Temperature: 415.000000
# Parameters: -11.914242 0.888048 4.450053 19.643142
  17.035421195840680       -11.714365694857293
  18.122470597054591       -11.855339114194958
  19.254807305049955       -11.911092339208698
  20.433355550577456       -11.901089137188540
  21.659039564387733       -11.830734916529456
  22.932783577231394       -11.738065263093079
  24.255511819859098       -11.583528015827330


# Temperature: 416.000000
# Parameters: -11.914732 0.887861 4.447971 19.644182
  17.035421195840680       -11.714744476554660
  18.122470597054591       -11.855770809602594
  19.254807305049955       -11.911570921507446
  20.433355550577456       -11.901602416968235
  21.659039564387733       -11.831281200269462
  22.932783577231394       -11.738733030509881
  24.255511819859098       -11.584155070344718


# Temperature: 417.000000
# Parameters: -11.915223 0.887675 4.445884 19.645222
  17.035421195840680       -11.715124278095546
  18.122470597054591       -11.856203569420080
  19.254807305049955       -11.912050598272405
  20.433355550577456       -11.902116808833389
  21.659039564387733       -11.831828608532044
  22.932783577231394       -11.739401952505625
  24.255511819859098       -11.584783043135841


# Temperature: 418.000000
# Parameters: -11.915715 0.887488 4.443778 19.646264
  17.035421195840680       -11.715505098443522
  18.122470597054591       -11.856637390538136
  19.254807305049955       -11.912531366394298
  20.433355550577456       -11.902632309674726
  21.659039564387733       -11.832377138207924
  22.932783577231394       -11.740072027007457
  24.255511819859098       -11.585411934200701


# Temperature: 419.000000
# Parameters: -11.916208 0.887302 4.441661 19.647307
  17.035421195840680       -11.715886936562162
  18.122470597054591       -11.857072273993188
  19.254807305049955       -11.913013224836700
  20.433355550577456       -11.903148916382966
  21.659039564387733       -11.832926789297103
  22.932783577231394       -11.740743251942524
  24.255511819859098       -11.586041741466444


# Temperature: 420.000000
# Parameters: -11.916703 0.887117 4.439537 19.648351
  17.035421195840680       -11.716269791415041
  18.122470597054591       -11.857508215639530
  19.254807305049955       -11.913496170490330
  20.433355550577456       -11.903666628958108
  21.659039564387733       -11.833477558690300
  22.932783577231394       -11.741415623165119
  24.255511819859098       -11.586672460787364


# Temperature: 421.000000
# Parameters: -11.917198 0.886931 4.437394 19.649397
  17.035421195840680       -11.716653659892877
  18.122470597054591       -11.857945214440738
  19.254807305049955       -11.913980202318761
  20.433355550577456       -11.904185443254448
  21.659039564387733       -11.834029443278236
  22.932783577231394       -11.742089140675247
  24.255511819859098       -11.587304093199888


# Temperature: 422.000000
# Parameters: -11.917695 0.886747 4.435243 19.650444
  17.035421195840680       -11.717038541995674
  18.122470597054591       -11.858383268323959
  19.254807305049955       -11.914465317212716
  20.433355550577456       -11.904705359271986
  21.659039564387733       -11.834582442024487
  22.932783577231394       -11.742763801363624
  24.255511819859098       -11.587936634558311


# Temperature: 423.000000
# Parameters: -11.918193 0.886562 4.433078 19.651493
  17.035421195840680       -11.717424435650575
  18.122470597054591       -11.858822375216338
  19.254807305049955       -11.914951515172197
  20.433355550577456       -11.905226372865014
  21.659039564387733       -11.835136551819772
  22.932783577231394       -11.743439602120974
  24.255511819859098       -11.588570084862631


# Temperature: 424.000000
# Parameters: -11.918692 0.886377 4.430900 19.652542
  17.035421195840680       -11.717811338784729
  18.122470597054591       -11.859262534081452
  19.254807305049955       -11.915438792051493
  20.433355550577456       -11.905748484033536
  21.659039564387733       -11.835691771627666
  22.932783577231394       -11.744116541910870
  24.255511819859098       -11.589204441003572


# Temperature: 425.000000
# Parameters: -11.919192 0.886193 4.428711 19.653593
  17.035421195840680       -11.718199249325284
  18.122470597054591       -11.859703743882871
  19.254807305049955       -11.915927146814182
  20.433355550577456       -11.906271688631845
  21.659039564387733       -11.836248099375313
  22.932783577231394       -11.744794616587605
  24.255511819859098       -11.589839700908280


# Temperature: 426.000000
# Parameters: -11.919693 0.886010 4.426512 19.654645
  17.035421195840680       -11.718588168308667
  18.122470597054591       -11.860146001511319
  19.254807305049955       -11.916416578423835
  20.433355550577456       -11.906795986659938
  21.659039564387733       -11.836805531953438
  22.932783577231394       -11.745473826151180
  24.255511819859098       -11.590475862503901


# Temperature: 427.000000
# Parameters: -11.920195 0.885826 4.424294 19.655699
  17.035421195840680       -11.718978091589170
  18.122470597054591       -11.860589304893942
  19.254807305049955       -11.916907083771175
  20.433355550577456       -11.907321373972115
  21.659039564387733       -11.837364067289187
  22.932783577231394       -11.746154166455891
  24.255511819859098       -11.591112925790437


# Temperature: 428.000000
# Parameters: -11.920699 0.885643 4.422076 19.656753
  17.035421195840680       -11.719369019166797
  18.122470597054591       -11.861033652994314
  19.254807305049955       -11.917398661819776
  20.433355550577456       -11.907847850568373
  21.659039564387733       -11.837923704346133
  22.932783577231394       -11.746835635428884
  24.255511819859098       -11.591750887658609


# Temperature: 429.000000
# Parameters: -11.921204 0.885461 4.419836 19.657809
  17.035421195840680       -11.719760948968691
  18.122470597054591       -11.861479044776008
  19.254807305049955       -11.917891309460357
  20.433355550577456       -11.908375413339433
  21.659039564387733       -11.838484438978570
  22.932783577231394       -11.747518232033734
  24.255511819859098       -11.592389746035561


# Temperature: 430.000000
# Parameters: -11.921709 0.885278 4.417587 19.658867
  17.035421195840680       -11.720153879958428
  18.122470597054591       -11.861925477129747
  19.254807305049955       -11.918385026692919
  20.433355550577456       -11.908904060212443
  21.659039564387733       -11.839046272222927
  22.932783577231394       -11.748201952124733
  24.255511819859098       -11.593029499884871


# Temperature: 431.000000
# Parameters: -11.922216 0.885096 4.415329 19.659925
  17.035421195840680       -11.720547809026728
  18.122470597054591       -11.862372950055526
  19.254807305049955       -11.918879809371758
  20.433355550577456       -11.909433789114550
  21.659039564387733       -11.839609198897071
  22.932783577231394       -11.748886794665456
  24.255511819859098       -11.593670146097258


# Temperature: 432.000000
# Parameters: -11.922724 0.884915 4.413054 19.660985
  17.035421195840680       -11.720942737210020
  18.122470597054591       -11.862821459407646
  19.254807305049955       -11.919375656460444
  20.433355550577456       -11.909964599009326
  21.659039564387733       -11.840173219001001
  22.932783577231394       -11.749572757583051
  24.255511819859098       -11.594311684672721


# Temperature: 433.000000
# Parameters: -11.923234 0.884733 4.410776 19.662045
  17.035421195840680       -11.721338661399022
  18.122470597054591       -11.863271005186103
  19.254807305049955       -11.919872566922553
  20.433355550577456       -11.910496486787496
  21.659039564387733       -11.840738329425438
  22.932783577231394       -11.750259838804665
  24.255511819859098       -11.594954112501984


# Temperature: 434.000000
# Parameters: -11.923744 0.884552 4.408477 19.663108
  17.035421195840680       -11.721735579520882
  18.122470597054591       -11.863721585318046
  19.254807305049955       -11.920370537648807
  20.433355550577456       -11.911029451412629
  21.659039564387733       -11.841304528097531
  22.932783577231394       -11.750948034184592
  24.255511819859098       -11.595597427512191


# Temperature: 435.000000
# Parameters: -11.924255 0.884372 4.406173 19.664171
  17.035421195840680       -11.722133491575599
  18.122470597054591       -11.864173198767048
  19.254807305049955       -11.920869567602779
  20.433355550577456       -11.911563489775451
  21.659039564387733       -11.841871812944426
  22.932783577231394       -11.751637343722832
  24.255511819859098       -11.596241628666919


# Temperature: 436.000000
# Parameters: -11.924768 0.884191 4.403854 19.665235
  17.035421195840680       -11.722532395490324
  18.122470597054591       -11.864625841387404
  19.254807305049955       -11.921369653675189
  20.433355550577456       -11.912098600839531
  21.659039564387733       -11.842440182929696
  22.932783577231394       -11.752327763273682
  24.255511819859098       -11.596886714929736


# Temperature: 437.000000
# Parameters: -11.925282 0.884011 4.401517 19.666301
  17.035421195840680       -11.722932290228627
  18.122470597054591       -11.865079514215541
  19.254807305049955       -11.921870795866036
  20.433355550577456       -11.912634782532018
  21.659039564387733       -11.843009634944066
  22.932783577231394       -11.753019292837140
  24.255511819859098       -11.597532682154943


# Temperature: 438.000000
# Parameters: -11.925796 0.883832 4.399182 19.667368
  17.035421195840680       -11.723333172681230
  18.122470597054591       -11.865534214142178
  19.254807305049955       -11.922372991066045
  20.433355550577456       -11.913172032780061
  21.659039564387733       -11.843580167951103
  22.932783577231394       -11.753711928267499
  24.255511819859098       -11.598179531378964


# Temperature: 439.000000
# Parameters: -11.926312 0.883653 4.396831 19.668436
  17.035421195840680       -11.723735042848134
  18.122470597054591       -11.865989940130889
  19.254807305049955       -11.922876238238786
  20.433355550577456       -11.913710349510806
  21.659039564387733       -11.844151777805108
  22.932783577231394       -11.754405668528335
  24.255511819859098       -11.598827258456094


# Temperature: 440.000000
# Parameters: -11.926829 0.883474 4.394463 19.669505
  17.035421195840680       -11.724137898656485
  18.122470597054591       -11.866446689072395
  19.254807305049955       -11.923380534274981
  20.433355550577456       -11.914249729614973
  21.659039564387733       -11.844724465542503
  22.932783577231394       -11.755100510510369
  24.255511819859098       -11.599475863386330


# Temperature: 441.000000
# Parameters: -11.927348 0.883295 4.392087 19.670576
  17.035421195840680       -11.724541739069856
  18.122470597054591       -11.866904460966699
  19.254807305049955       -11.923885878138204
  20.433355550577456       -11.914790173092562
  21.659039564387733       -11.845298225981159
  22.932783577231394       -11.755796452140748
  24.255511819859098       -11.600125343060396


# Temperature: 442.000000
# Parameters: -11.927867 0.883117 4.389694 19.671648
  17.035421195840680       -11.724946563051825
  18.122470597054591       -11.867363253740946
  19.254807305049955       -11.924392267755604
  20.433355550577456       -11.915331677870723
  21.659039564387733       -11.845873060157501
  22.932783577231394       -11.756493492383044
  24.255511819859098       -11.600775696441866


# Temperature: 443.000000
# Parameters: -11.928387 0.882939 4.387293 19.672721
  17.035421195840680       -11.725352367493107
  18.122470597054591       -11.867823064285856
  19.254807305049955       -11.924899701054324
  20.433355550577456       -11.915874240840175
  21.659039564387733       -11.846448963925823
  22.932783577231394       -11.757191628127980
  24.255511819859098       -11.601426921457886


# Temperature: 444.000000
# Parameters: -11.928909 0.882761 4.384882 19.673795
  17.035421195840680       -11.725759152393707
  18.122470597054591       -11.868283892601431
  19.254807305049955       -11.925408176997941
  20.433355550577456       -11.916417859928066
  21.659039564387733       -11.847025935213274
  22.932783577231394       -11.757890857302703
  24.255511819859098       -11.602079017072031


# Temperature: 445.000000
# Parameters: -11.929431 0.882584 4.382460 19.674870
  17.035421195840680       -11.726166915680768
  18.122470597054591       -11.868745736614816
  19.254807305049955       -11.925917693513602
  20.433355550577456       -11.916962535134395
  21.659039564387733       -11.847603972983428
  22.932783577231394       -11.758591177834361
  24.255511819859098       -11.602731981211447


# Temperature: 446.000000
# Parameters: -11.929955 0.882407 4.380026 19.675947
  17.035421195840680       -11.726575655281440
  18.122470597054591       -11.869208594253161
  19.254807305049955       -11.926428247492026
  20.433355550577456       -11.917508262313456
  21.659039564387733       -11.848183075163430
  22.932783577231394       -11.759292586613673
  24.255511819859098       -11.603385811803280


# Temperature: 447.000000
# Parameters: -11.930480 0.882231 4.377575 19.677025
  17.035421195840680       -11.726985371195724
  18.122470597054591       -11.869672464480036
  19.254807305049955       -11.926939838933215
  20.433355550577456       -11.918055040428825
  21.659039564387733       -11.848763239680430
  22.932783577231394       -11.759995083640639
  24.255511819859098       -11.604040506774680


# Temperature: 448.000000
# Parameters: -11.931006 0.882055 4.375116 19.678104
  17.035421195840680       -11.727396060314339
  18.122470597054591       -11.870137344186167
  19.254807305049955       -11.927452464727891
  20.433355550577456       -11.918602868444076
  21.659039564387733       -11.849344464461572
  22.932783577231394       -11.760698664769556
  24.255511819859098       -11.604696066125646


# Temperature: 449.000000
# Parameters: -11.931533 0.881879 4.372649 19.679184
  17.035421195840680       -11.727807722637285
  18.122470597054591       -11.870603233371551
  19.254807305049955       -11.927966123839624
  20.433355550577456       -11.919151743249925
  21.659039564387733       -11.849926747434006
  22.932783577231394       -11.761403328963997
  24.255511819859098       -11.605352485710473


# Temperature: 450.000000
# Parameters: -11.932061 0.881704 4.370171 19.680265
  17.035421195840680       -11.728220356091709
  18.122470597054591       -11.871070129963334
  19.254807305049955       -11.928480814195565
  20.433355550577456       -11.919701663809951
  21.659039564387733       -11.850510087561306
  22.932783577231394       -11.762109074151107
  24.255511819859098       -11.606009765529160


# Temperature: 451.000000
# Parameters: -11.932590 0.881529 4.367677 19.681347
  17.035421195840680       -11.728633959641188
  18.122470597054591       -11.871538031888667
  19.254807305049955       -11.928996534759285
  20.433355550577456       -11.920252627014873
  21.659039564387733       -11.851094480697764
  22.932783577231394       -11.762815898258037
  24.255511819859098       -11.606667904545281


# Temperature: 452.000000
# Parameters: -11.933121 0.881354 4.365172 19.682431
  17.035421195840680       -11.729048530176438
  18.122470597054591       -11.872006937074694
  19.254807305049955       -11.929513281385081
  20.433355550577456       -11.920804631828267
  21.659039564387733       -11.851679926843381
  22.932783577231394       -11.763523798175505
  24.255511819859098       -11.607326898613133


# Temperature: 453.000000
# Parameters: -11.933652 0.881180 4.362657 19.683516
  17.035421195840680       -11.729464068733890
  18.122470597054591       -11.872476844484989
  19.254807305049955       -11.930031055109378
  20.433355550577456       -11.921357677213701
  21.659039564387733       -11.852266423925307
  22.932783577231394       -11.764232771830658
  24.255511819859098       -11.607986747732712


# Temperature: 454.000000
# Parameters: -11.934185 0.881006 4.360127 19.684602
  17.035421195840680       -11.729880572204261
  18.122470597054591       -11.872947752046702
  19.254807305049955       -11.930549851786470
  20.433355550577456       -11.921911759025475
  21.659039564387733       -11.852853968834260
  22.932783577231394       -11.764942819223499
  24.255511819859098       -11.608647450867593


# Temperature: 455.000000
# Parameters: -11.934718 0.880833 4.357590 19.685689
  17.035421195840680       -11.730298039551126
  18.122470597054591       -11.873419659759831
  19.254807305049955       -11.931069671416358
  20.433355550577456       -11.922466878300014
  21.659039564387733       -11.853442561570240
  22.932783577231394       -11.765653935171894
  24.255511819859098       -11.609309004908500


# Temperature: 456.000000
# Parameters: -11.935253 0.880660 4.355040 19.686777
  17.035421195840680       -11.730716468701635
  18.122470597054591       -11.873892563478671
  19.254807305049955       -11.931590511926188
  20.433355550577456       -11.923023030891610
  21.659039564387733       -11.854032197987543
  22.932783577231394       -11.766366120712270
  24.255511819859098       -11.609971407782576


# Temperature: 457.000000
# Parameters: -11.935789 0.880487 4.352477 19.687866
  17.035421195840680       -11.731135859655785
  18.122470597054591       -11.874366463203222
  19.254807305049955       -11.932112370206683
  20.433355550577456       -11.923580215763840
  21.659039564387733       -11.854622877049742
  22.932783577231394       -11.767079371698921
  24.255511819859098       -11.610634659489824


# Temperature: 458.000000
# Parameters: -11.936326 0.880315 4.349910 19.688956
  17.035421195840680       -11.731556209304298
  18.122470597054591       -11.874841356860632
  19.254807305049955       -11.932635246257842
  20.433355550577456       -11.924138430843851
  21.659039564387733       -11.855214596683986
  22.932783577231394       -11.767793686058996
  24.255511819859098       -11.611298757957391


# Temperature: 459.000000
# Parameters: -11.936864 0.880143 4.347327 19.690048
  17.035421195840680       -11.731977517647172
  18.122470597054591       -11.875317242378046
  19.254807305049955       -11.933159136970387
  20.433355550577456       -11.924697674058788
  21.659039564387733       -11.855807355853845
  22.932783577231394       -11.768509063792493
  24.255511819859098       -11.611963701112421


# Temperature: 460.000000
# Parameters: -11.937403 0.879971 4.344736 19.691140
  17.035421195840680       -11.732399782611557
  18.122470597054591       -11.875794119755465
  19.254807305049955       -11.933684040271462
  20.433355550577456       -11.925257944372227
  21.659039564387733       -11.856401152486470
  22.932783577231394       -11.769225499717281
  24.255511819859098       -11.612629487918491


# Temperature: 461.000000
# Parameters: -11.937943 0.879800 4.342128 19.692234
  17.035421195840680       -11.732823002124601
  18.122470597054591       -11.876271984847186
  19.254807305049955       -11.934209956161071
  20.433355550577456       -11.925819239711315
  21.659039564387733       -11.856995983472579
  22.932783577231394       -11.769942994869789
  24.255511819859098       -11.613296115266323


# Temperature: 462.000000
# Parameters: -11.938484 0.879629 4.339508 19.693329
  17.035421195840680       -11.733247176186300
  18.122470597054591       -11.876750837653207
  19.254807305049955       -11.934736882566359
  20.433355550577456       -11.926381558003197
  21.659039564387733       -11.857591847775748
  22.932783577231394       -11.770661545104307
  24.255511819859098       -11.613963583155915


# Temperature: 463.000000
# Parameters: -11.939026 0.879459 4.336883 19.694425
  17.035421195840680       -11.733672302723805
  18.122470597054591       -11.877230677137101
  19.254807305049955       -11.935264816378048
  20.433355550577456       -11.926944898211449
  21.659039564387733       -11.858188744359550
  22.932783577231394       -11.771381149384410
  24.255511819859098       -11.614631889514413


# Temperature: 464.000000
# Parameters: -11.939570 0.879289 4.334247 19.695522
  17.035421195840680       -11.734098379664262
  18.122470597054591       -11.877711500189591
  19.254807305049955       -11.935793756559711
  20.433355550577456       -11.927509257226792
  21.659039564387733       -11.858786670114705
  22.932783577231394       -11.772101805637249
  24.255511819859098       -11.615301032268967


# Temperature: 465.000000
# Parameters: -11.940114 0.879119 4.331593 19.696621
  17.035421195840680       -11.734525405971244
  18.122470597054591       -11.878193305774248
  19.254807305049955       -11.936323702074922
  20.433355550577456       -11.928074634012798
  21.659039564387733       -11.859385622968363
  22.932783577231394       -11.772823511789966
  24.255511819859098       -11.615971009346723


# Temperature: 466.000000
# Parameters: -11.940659 0.878950 4.328931 19.697720
  17.035421195840680       -11.734953380608326
  18.122470597054591       -11.878676092854649
  19.254807305049955       -11.936854649814403
  20.433355550577456       -11.928641025460189
  21.659039564387733       -11.859985601884093
  22.932783577231394       -11.773546265769712
  24.255511819859098       -11.616641820747679


# Temperature: 467.000000
# Parameters: -11.941206 0.878781 4.326258 19.698821
  17.035421195840680       -11.735382302539081
  18.122470597054591       -11.879159859357939
  19.254807305049955       -11.937386598741726
  20.433355550577456       -11.929208432605392
  21.659039564387733       -11.860586604789047
  22.932783577231394       -11.774270065503634
  24.255511819859098       -11.617313464398988


# Temperature: 468.000000
# Parameters: -11.941754 0.878613 4.323577 19.699922
  17.035421195840680       -11.735812169690657
  18.122470597054591       -11.879644603211265
  19.254807305049955       -11.937919547820465
  20.433355550577456       -11.929776850266276
  21.659039564387733       -11.861188629610369
  22.932783577231394       -11.774994908918877
  24.255511819859098       -11.617985937191365


# Temperature: 469.000000
# Parameters: -11.942302 0.878445 4.320885 19.701024
  17.035421195840680       -11.736242979990200
  18.122470597054591       -11.880130323378202
  19.254807305049955       -11.938453493941342
  20.433355550577456       -11.930346279479263
  21.659039564387733       -11.861791674275208
  22.932783577231394       -11.775720793942590
  24.255511819859098       -11.618659240161239


# Temperature: 470.000000
# Parameters: -11.942852 0.878277 4.318177 19.702128
  17.035421195840680       -11.736674733437711
  18.122470597054591       -11.880617017785898
  19.254807305049955       -11.938988437104356
  20.433355550577456       -11.930916717135078
  21.659039564387733       -11.862395737747139
  22.932783577231394       -11.776447719538346
  24.255511819859098       -11.619333369162906


# Temperature: 471.000000
# Parameters: -11.943403 0.878110 4.315457 19.703233
  17.035421195840680       -11.737107427960336
  18.122470597054591       -11.881104686434350
  19.254807305049955       -11.939524374200229
  20.433355550577456       -11.931488161160869
  21.659039564387733       -11.863000817953306
  22.932783577231394       -11.777175682596868
  24.255511819859098       -11.620008324196364


# Temperature: 472.000000
# Parameters: -11.943955 0.877943 4.312731 19.704339
  17.035421195840680       -11.737541061485224
  18.122470597054591       -11.881593326214281
  19.254807305049955       -11.940061304192533
  20.433355550577456       -11.932060610520207
  21.659039564387733       -11.863606912820860
  22.932783577231394       -11.777904682081727
  24.255511819859098       -11.620684103188761


# Temperature: 473.000000
# Parameters: -11.944508 0.877777 4.309995 19.705446
  17.035421195840680       -11.737975634012376
  18.122470597054591       -11.882082935052839
  19.254807305049955       -11.940599225008416
  20.433355550577456       -11.932634064176666
  21.659039564387733       -11.864214020276943
  22.932783577231394       -11.778634714883646
  24.255511819859098       -11.621360704067243


# Temperature: 474.000000
# Parameters: -11.945062 0.877611 4.307248 19.706554
  17.035421195840680       -11.738411142432509
  18.122470597054591       -11.882573512950023
  19.254807305049955       -11.941138134575025
  20.433355550577456       -11.933208517984543
  21.659039564387733       -11.864822139285135
  22.932783577231394       -11.779365779966197
  24.255511819859098       -11.622038125795386


# Temperature: 475.000000
# Parameters: -11.945617 0.877445 4.304484 19.707663
  17.035421195840680       -11.738847586745626
  18.122470597054591       -11.883065057832981
  19.254807305049955       -11.941678032892362
  20.433355550577456       -11.933783971943834
  21.659039564387733       -11.865431266736152
  22.932783577231394       -11.780097875256528
  24.255511819859098       -11.622716367336762


# Temperature: 476.000000
# Parameters: -11.946173 0.877280 4.301717 19.708773
  17.035421195840680       -11.739284965915299
  18.122470597054591       -11.883557567628859
  19.254807305049955       -11.942218916851145
  20.433355550577456       -11.934360423981691
  21.659039564387733       -11.866041402629998
  22.932783577231394       -11.780830998681788
  24.255511819859098       -11.623395426618519


# Temperature: 477.000000
# Parameters: -11.946730 0.877115 4.298937 19.709884
  17.035421195840680       -11.739723276832253
  18.122470597054591       -11.884051040264804
  19.254807305049955       -11.942760784378525
  20.433355550577456       -11.934937873061683
  21.659039564387733       -11.866652543857391
  22.932783577231394       -11.781565149205548
  24.255511819859098       -11.624075301567803


# Temperature: 478.000000
# Parameters: -11.947289 0.876951 4.296142 19.710997
  17.035421195840680       -11.740162519496483
  18.122470597054591       -11.884545476777246
  19.254807305049955       -11.943303635474498
  20.433355550577456       -11.935516316074535
  21.659039564387733       -11.867264688345479
  22.932783577231394       -11.782300322682103
  24.255511819859098       -11.624755992184616


# Temperature: 479.000000
# Parameters: -11.947848 0.876787 4.293338 19.712110
  17.035421195840680       -11.740602691835138
  18.122470597054591       -11.885040871984049
  19.254807305049955       -11.943847467029787
  20.433355550577456       -11.936095751983817
  21.659039564387733       -11.867877836094262
  22.932783577231394       -11.783036520147881
  24.255511819859098       -11.625437495359678


# Temperature: 480.000000
# Parameters: -11.948408 0.876623 4.290524 19.713225
  17.035421195840680       -11.741043792811793
  18.122470597054591       -11.885537227958068
  19.254807305049955       -11.944392278007966
  20.433355550577456       -11.936676178716681
  21.659039564387733       -11.868491982958036
  22.932783577231394       -11.783773736420748
  24.255511819859098       -11.626119810056563


# Temperature: 481.000000
# Parameters: -11.948970 0.876460 4.287698 19.714340
  17.035421195840680       -11.741485821390020
  18.122470597054591       -11.886034540553597
  19.254807305049955       -11.944938066336183
  20.433355550577456       -11.937257595236696
  21.659039564387733       -11.869107128936799
  22.932783577231394       -11.784511972537134
  24.255511819859098       -11.626802935238844


# Temperature: 482.000000
# Parameters: -11.949532 0.876298 4.284865 19.715456
  17.035421195840680       -11.741928775496966
  18.122470597054591       -11.886532808734211
  19.254807305049955       -11.945484830978009
  20.433355550577456       -11.937839999471011
  21.659039564387733       -11.869723271957699
  22.932783577231394       -11.785251225387757
  24.255511819859098       -11.627486868833669


# Temperature: 483.000000
# Parameters: -11.950096 0.876135 4.282018 19.716574
  17.035421195840680       -11.742372654096206
  18.122470597054591       -11.887032031463480
  19.254807305049955       -11.946032569860593
  20.433355550577456       -11.938423389346775
  21.659039564387733       -11.870340408911458
  22.932783577231394       -11.785991492899765
  24.255511819859098       -11.628171609804612


# Temperature: 484.000000
# Parameters: -11.950660 0.875974 4.279162 19.717693
  17.035421195840680       -11.742817455114889
  18.122470597054591       -11.887532207704982
  19.254807305049955       -11.946581280911083
  20.433355550577456       -11.939007762791134
  21.659039564387733       -11.870958539798076
  22.932783577231394       -11.786732773000304
  24.255511819859098       -11.628857156078819


# Temperature: 485.000000
# Parameters: -11.951226 0.875812 4.276292 19.718812
  17.035421195840680       -11.743263178553011
  18.122470597054591       -11.888033334349435
  19.254807305049955       -11.947130964129478
  20.433355550577456       -11.939593119804085
  21.659039564387733       -11.871577662544698
  22.932783577231394       -11.787475064652950
  24.255511819859098       -11.629543506619864


# Temperature: 486.000000
# Parameters: -11.951793 0.875651 4.273418 19.719933
  17.035421195840680       -11.743709822337721
  18.122470597054591       -11.888535411396841
  19.254807305049955       -11.947681616406499
  20.433355550577456       -11.940179457276354
  21.659039564387733       -11.872197774042048
  22.932783577231394       -11.788218365784848
  24.255511819859098       -11.630230659354895


# Temperature: 487.000000
# Parameters: -11.952360 0.875491 4.270526 19.721054
  17.035421195840680       -11.744157384396168
  18.122470597054591       -11.889038436774346
  19.254807305049955       -11.948233235669292
  20.433355550577456       -11.940766774171513
  21.659039564387733       -11.872818874290124
  22.932783577231394       -11.788962674323148
  24.255511819859098       -11.630918613247486


# Temperature: 488.000000
# Parameters: -11.952929 0.875331 4.267625 19.722177
  17.035421195840680       -11.744605864728349
  18.122470597054591       -11.889542409445523
  19.254807305049955       -11.948785821917861
  20.433355550577456       -11.941355068416708
  21.659039564387733       -11.873440960179648
  22.932783577231394       -11.789707988194996
  24.255511819859098       -11.631607367261209


# Temperature: 489.000000
# Parameters: -11.953499 0.875171 4.264716 19.723301
  17.035421195840680       -11.745055261261415
  18.122470597054591       -11.890047326301096
  19.254807305049955       -11.949339372042923
  20.433355550577456       -11.941944338975514
  21.659039564387733       -11.874064031710619
  22.932783577231394       -11.790454305327540
  24.255511819859098       -11.632296919323213


# Temperature: 490.000000
# Parameters: -11.954069 0.875012 4.261799 19.724425
  17.035421195840680       -11.745505572958935
  18.122470597054591       -11.890553187341061
  19.254807305049955       -11.949893886044478
  20.433355550577456       -11.942534582738652
  21.659039564387733       -11.874688084737333
  22.932783577231394       -11.791201625720779
  24.255511819859098       -11.632987267360646


# Temperature: 491.000000
# Parameters: -11.954641 0.874853 4.258864 19.725551
  17.035421195840680       -11.745956797748061
  18.122470597054591       -11.891059990492568
  19.254807305049955       -11.950449360813250
  20.433355550577456       -11.943125799706120
  21.659039564387733       -11.875313119259788
  22.932783577231394       -11.791949945229007
  24.255511819859098       -11.633678411373504


# Temperature: 492.000000
# Parameters: -11.955214 0.874695 4.255925 19.726678
  17.035421195840680       -11.746408934592363
  18.122470597054591       -11.891567734719191
  19.254807305049955       -11.951005795312811
  20.433355550577456       -11.943717986768641
  21.659039564387733       -11.875939133205133
  22.932783577231394       -11.792699262815798
  24.255511819859098       -11.634370349288940


# Temperature: 493.000000
# Parameters: -11.955788 0.874537 4.252974 19.727806
  17.035421195840680       -11.746861982455417
  18.122470597054591       -11.892076418984502
  19.254807305049955       -11.951563188506736
  20.433355550577456       -11.944311142889788
  21.659039564387733       -11.876566124500515
  22.932783577231394       -11.793449576408301
  24.255511819859098       -11.635063079034095


# Temperature: 494.000000
# Parameters: -11.956363 0.874379 4.250006 19.728935
  17.035421195840680       -11.747315940300796
  18.122470597054591       -11.892586040179221
  19.254807305049955       -11.952121537285743
  20.433355550577456       -11.944905267033135
  21.659039564387733       -11.877194092109507
  22.932783577231394       -11.794200884970090
  24.255511819859098       -11.635756599572549


# Temperature: 495.000000
# Parameters: -11.956939 0.874222 4.247036 19.730064
  17.035421195840680       -11.747770806055648
  18.122470597054591       -11.893096597266926
  19.254807305049955       -11.952680841649835
  20.433355550577456       -11.945500356089404
  21.659039564387733       -11.877823033959258
  22.932783577231394       -11.794953187464735
  24.255511819859098       -11.636450909867870


# Temperature: 496.000000
# Parameters: -11.957516 0.874066 4.244051 19.731195
  17.035421195840680       -11.748226578683544
  18.122470597054591       -11.893608090247614
  19.254807305049955       -11.953241099526158
  20.433355550577456       -11.946096410058592
  21.659039564387733       -11.878452947976912
  22.932783577231394       -11.795706479746535
  24.255511819859098       -11.637146007847210


# Temperature: 497.000000
# Parameters: -11.958094 0.873909 4.241059 19.732327
  17.035421195840680       -11.748683256111635
  18.122470597054591       -11.894120516012006
  19.254807305049955       -11.953802308841858
  20.433355550577456       -11.946693426867849
  21.659039564387733       -11.879083833126048
  22.932783577231394       -11.796460760779059
  24.255511819859098       -11.637841891437713


# Temperature: 498.000000
# Parameters: -11.958673 0.873754 4.238054 19.733459
  17.035421195840680       -11.749140838339917
  18.122470597054591       -11.894633873523675
  19.254807305049955       -11.954364468560511
  20.433355550577456       -11.947291403407895
  21.659039564387733       -11.879715687333807
  22.932783577231394       -11.797216030562312
  24.255511819859098       -11.638538561675807


# Temperature: 499.000000
# Parameters: -11.959253 0.873599 4.235041 19.734593
  17.035421195840680       -11.749599323295541
  18.122470597054591       -11.895148160709770
  19.254807305049955       -11.954927576609265
  20.433355550577456       -11.947890339678731
  21.659039564387733       -11.880348509563767
  22.932783577231394       -11.797972284950585
  24.255511819859098       -11.639236014415786


# Temperature: 500.000000
# Parameters: -11.959834 0.873444 4.232017 19.735727
  17.035421195840680       -11.750058709942079
  18.122470597054591       -11.895663377570290
  19.254807305049955       -11.955491631951690
  20.433355550577456       -11.948490233607503
  21.659039564387733       -11.880982296706648
  22.932783577231394       -11.798729523943878
  24.255511819859098       -11.639934250694077


# Temperature: 501.000000
# Parameters: -11.960416 0.873289 4.228980 19.736863
  17.035421195840680       -11.750518997243105
  18.122470597054591       -11.896179522032382
  19.254807305049955       -11.956056632514935
  20.433355550577456       -11.949091084157784
  21.659039564387733       -11.881617048762450
  22.932783577231394       -11.799487744432916
  24.255511819859098       -11.640633266364976


# Temperature: 502.000000
# Parameters: -11.960999 0.873135 4.225932 19.738000
  17.035421195840680       -11.750980183125765
  18.122470597054591       -11.896696592023195
  19.254807305049955       -11.956622577262575
  20.433355550577456       -11.949692888220296
  21.659039564387733       -11.882252762621894
  22.932783577231394       -11.800246945381268
  24.255511819859098       -11.641333062464906


# Temperature: 503.000000
# Parameters: -11.961583 0.872982 4.222876 19.739138
  17.035421195840680       -11.751442266553635
  18.122470597054591       -11.897214587542727
  19.254807305049955       -11.957189464121756
  20.433355550577456       -11.950295645795041
  21.659039564387733       -11.882889438284979
  22.932783577231394       -11.801007124716083
  24.255511819859098       -11.642033635884589


# Temperature: 504.000000
# Parameters: -11.962168 0.872829 4.219810 19.740276
  17.035421195840680       -11.751905245453862
  18.122470597054591       -11.897733505481701
  19.254807305049955       -11.957757292056053
  20.433355550577456       -11.950899353772737
  21.659039564387733       -11.883527072642428
  22.932783577231394       -11.801768280364509
  24.255511819859098       -11.642734986624026


# Temperature: 505.000000
# Parameters: -11.962755 0.872677 4.216734 19.741416
  17.035421195840680       -11.752369120862870
  18.122470597054591       -11.898253344803690
  19.254807305049955       -11.958326060029037
  20.433355550577456       -11.951504012153384
  21.659039564387733       -11.884165663621387
  22.932783577231394       -11.802530412326547
  24.255511819859098       -11.643437111573938


# Temperature: 506.000000
# Parameters: -11.963342 0.872525 4.213649 19.742556
  17.035421195840680       -11.752833888634955
  18.122470597054591       -11.898774104472267
  19.254807305049955       -11.958895764931432
  20.433355550577456       -11.952109617827706
  21.659039564387733       -11.884805211221854
  22.932783577231394       -11.803293516456488
  24.255511819859098       -11.644140010734324


# Temperature: 507.000000
# Parameters: -11.963930 0.872373 4.210553 19.743697
  17.035421195840680       -11.753299548770118
  18.122470597054591       -11.899295782414578
  19.254807305049955       -11.959466405726809
  20.433355550577456       -11.952716169759272
  21.659039564387733       -11.885445713370979
  22.932783577231394       -11.804057592754335
  24.255511819859098       -11.644843683068759


# Temperature: 508.000000
# Parameters: -11.964519 0.872222 4.207444 19.744840
  17.035421195840680       -11.753766101268358
  18.122470597054591       -11.899818378630627
  19.254807305049955       -11.960037981378745
  20.433355550577456       -11.953323666911661
  21.659039564387733       -11.886087167995910
  22.932783577231394       -11.804822639147234
  24.255511819859098       -11.645548125467963


# Temperature: 509.000000
# Parameters: -11.965109 0.872071 4.204330 19.745983
  17.035421195840680       -11.754233541983970
  18.122470597054591       -11.900341890011131
  19.254807305049955       -11.960610490850810
  20.433355550577456       -11.953932107212017
  21.659039564387733       -11.886729573023793
  22.932783577231394       -11.805588652525907
  24.255511819859098       -11.646253337931936


# Temperature: 510.000000
# Parameters: -11.965700 0.871921 4.201197 19.747128
  17.035421195840680       -11.754701871953380
  18.122470597054591       -11.900866316556092
  19.254807305049955       -11.961183932070155
  20.433355550577456       -11.954541488587488
  21.659039564387733       -11.887372927418202
  22.932783577231394       -11.806355632890355
  24.255511819859098       -11.646959318387825


# Temperature: 511.000000
# Parameters: -11.966293 0.871771 4.198062 19.748273
  17.035421195840680       -11.755171089103735
  18.122470597054591       -11.901391655156230
  19.254807305049955       -11.961758301927496
  20.433355550577456       -11.955151811038073
  21.659039564387733       -11.888017230142708
  22.932783577231394       -11.807123578167722
  24.255511819859098       -11.647666065799205


# Temperature: 512.000000
# Parameters: -11.966886 0.871622 4.194916 19.749419
  17.035421195840680       -11.755641192398608
  18.122470597054591       -11.901917905811546
  19.254807305049955       -11.962333601459264
  20.433355550577456       -11.955763070418069
  21.659039564387733       -11.888662479124463
  22.932783577231394       -11.807892486285157
  24.255511819859098       -11.648373579129649


# Temperature: 513.000000
# Parameters: -11.967480 0.871473 4.191758 19.750566
  17.035421195840680       -11.756112179765148
  18.122470597054591       -11.902445066449186
  19.254807305049955       -11.962909828592604
  20.433355550577456       -11.956375267763899
  21.659039564387733       -11.889308672290611
  22.932783577231394       -11.808662356206234
  24.255511819859098       -11.649081856306303


# Temperature: 514.000000
# Parameters: -11.968075 0.871325 4.188587 19.751714
  17.035421195840680       -11.756584050166930
  18.122470597054591       -11.902973136032726
  19.254807305049955       -11.963486980218239
  20.433355550577456       -11.956988401002715
  21.659039564387733       -11.889955808604727
  22.932783577231394       -11.809433184821675
  24.255511819859098       -11.649790896292744


# Temperature: 515.000000
# Parameters: -11.968671 0.871177 4.185412 19.752863
  17.035421195840680       -11.757056802567524
  18.122470597054591       -11.903502113525738
  19.254807305049955       -11.964065056336166
  20.433355550577456       -11.957602467025234
  21.659039564387733       -11.890603885993958
  22.932783577231394       -11.810204972131476
  24.255511819859098       -11.650500698052541


# Temperature: 516.000000
# Parameters: -11.969268 0.871030 4.182227 19.754013
  17.035421195840680       -11.757530436966933
  18.122470597054591       -11.904031995818942
  19.254807305049955       -11.964644054873535
  20.433355550577456       -11.958217465831458
  21.659039564387733       -11.891252903421877
  22.932783577231394       -11.810977715026363
  24.255511819859098       -11.651211259512847


# Temperature: 517.000000
# Parameters: -11.969867 0.870883 4.179026 19.755164
  17.035421195840680       -11.758004949219449
  18.122470597054591       -11.904562782912340
  19.254807305049955       -11.965223974793918
  20.433355550577456       -11.958833394312107
  21.659039564387733       -11.891902858815634
  22.932783577231394       -11.811751412469906
  24.255511819859098       -11.651922580673656


# Temperature: 518.000000
# Parameters: -11.970466 0.870736 4.175823 19.756315
  17.035421195840680       -11.758480340361499
  18.122470597054591       -11.905094473769505
  19.254807305049955       -11.965804814024462
  20.433355550577456       -11.959450252467180
  21.659039564387733       -11.892553750102373
  22.932783577231394       -11.812526063425683
  24.255511819859098       -11.652634658425693


# Temperature: 519.000000
# Parameters: -11.971066 0.870590 4.172603 19.757468
  17.035421195840680       -11.758956608320233
  18.122470597054591       -11.905627065281157
  19.254807305049955       -11.966386571528744
  20.433355550577456       -11.960068039260253
  21.659039564387733       -11.893205577282096
  22.932783577231394       -11.813301664784408
  24.255511819859098       -11.653347491732530


# Temperature: 520.000000
# Parameters: -11.971667 0.870445 4.169374 19.758622
  17.035421195840680       -11.759433752059223
  18.122470597054591       -11.906160558483723
  19.254807305049955       -11.966969246270335
  20.433355550577456       -11.960686750545619
  21.659039564387733       -11.893858337245522
  22.932783577231394       -11.814078215509662
  24.255511819859098       -11.654061080594168


# Temperature: 521.000000
# Parameters: -11.972269 0.870300 4.166138 19.759776
  17.035421195840680       -11.759911770542042
  18.122470597054591       -11.906694949231499
  19.254807305049955       -11.967552835139953
  20.433355550577456       -11.961306387359706
  21.659039564387733       -11.894512029992654
  22.932783577231394       -11.814855714565013
  24.255511819859098       -11.654775422937753


# Temperature: 522.000000
# Parameters: -11.972872 0.870156 4.162891 19.760931
  17.035421195840680       -11.760390661695837
  18.122470597054591       -11.907230238560910
  19.254807305049955       -11.968137338137604
  20.433355550577456       -11.961926947629660
  21.659039564387733       -11.895166652414209
  22.932783577231394       -11.815634159877613
  24.255511819859098       -11.655490517726861


# Temperature: 523.000000
# Parameters: -11.973477 0.870012 4.159634 19.762088
  17.035421195840680       -11.760870424484182
  18.122470597054591       -11.907766423362677
  19.254807305049955       -11.968722753190432
  20.433355550577456       -11.962548428246203
  21.659039564387733       -11.895822203473765
  22.932783577231394       -11.816413550411031
  24.255511819859098       -11.656206362888636


# Temperature: 524.000000
# Parameters: -11.974082 0.869868 4.156365 19.763245
  17.035421195840680       -11.761351058907078
  18.122470597054591       -11.908303503636800
  19.254807305049955       -11.969309079262011
  20.433355550577456       -11.963170829209332
  21.659039564387733       -11.896478682134893
  22.932783577231394       -11.817193883055992
  24.255511819859098       -11.656922957386655


# Temperature: 525.000000
# Parameters: -11.974688 0.869725 4.153092 19.764403
  17.035421195840680       -11.761832561855245
  18.122470597054591       -11.908841476274000
  19.254807305049955       -11.969896314279490
  20.433355550577456       -11.963794149482625
  21.659039564387733       -11.897136085288315
  22.932783577231394       -11.817975156776068
  24.255511819859098       -11.657640300184489


# Temperature: 526.000000
# Parameters: -11.975295 0.869583 4.149806 19.765562
  17.035421195840680       -11.762314932292258
  18.122470597054591       -11.909380342310703
  19.254807305049955       -11.970484457206439
  20.433355550577456       -11.964418385956799
  21.659039564387733       -11.897794413970455
  22.932783577231394       -11.818757370534831
  24.255511819859098       -11.658358390245713


# Temperature: 527.000000
# Parameters: -11.975903 0.869441 4.146507 19.766722
  17.035421195840680       -11.762798171254541
  18.122470597054591       -11.909920097601205
  19.254807305049955       -11.971073507006434
  20.433355550577456       -11.965043538631859
  21.659039564387733       -11.898453664035612
  22.932783577231394       -11.819540522259432
  24.255511819859098       -11.659077225497475


# Temperature: 528.000000
# Parameters: -11.976512 0.869299 4.143203 19.767883
  17.035421195840680       -11.763282274596390
  18.122470597054591       -11.910460743181932
  19.254807305049955       -11.971663460570197
  20.433355550577456       -11.965669604398521
  21.659039564387733       -11.899113835483783
  22.932783577231394       -11.820324610913442
  24.255511819859098       -11.659796805939774


# Temperature: 529.000000
# Parameters: -11.977122 0.869158 4.139890 19.769044
  17.035421195840680       -11.763767242317806
  18.122470597054591       -11.911002275943604
  19.254807305049955       -11.972254318934153
  20.433355550577456       -11.966296583256787
  21.659039564387733       -11.899774927278543
  22.932783577231394       -11.821109634424008
  24.255511819859098       -11.660517128463329


# Temperature: 530.000000
# Parameters: -11.977733 0.869017 4.136562 19.770207
  17.035421195840680       -11.764253073382362
  18.122470597054591       -11.911544695886221
  19.254807305049955       -11.972846077952596
  20.433355550577456       -11.966924472097377
  21.659039564387733       -11.900436936310610
  22.932783577231394       -11.821895589681853
  24.255511819859098       -11.661238193068145


# Temperature: 531.000000
# Parameters: -11.978345 0.868877 4.133227 19.771370
  17.035421195840680       -11.764739766753630
  18.122470597054591       -11.912088000936929
  19.254807305049955       -11.973438738661955
  20.433355550577456       -11.967553271956719
  21.659039564387733       -11.901099861543562
  22.932783577231394       -11.822682477723403
  24.255511819859098       -11.661959997681365


# Temperature: 532.000000
# Parameters: -11.978958 0.868738 4.129881 19.772534
  17.035421195840680       -11.765227320358759
  18.122470597054591       -11.912632190059306
  19.254807305049955       -11.974032297952947
  20.433355550577456       -11.968182978689107
  21.659039564387733       -11.901763701940968
  22.932783577231394       -11.823470295439378
  24.255511819859098       -11.662682542302990


# Temperature: 533.000000
# Parameters: -11.979572 0.868599 4.126529 19.773700
  17.035421195840680       -11.765715733161322
  18.122470597054591       -11.913177261180497
  19.254807305049955       -11.974626755825575
  20.433355550577456       -11.968813592294540
  21.659039564387733       -11.902428455429980
  22.932783577231394       -11.824259041793351
  24.255511819859098       -11.663405823823743


# Temperature: 534.000000
# Parameters: -11.980187 0.868460 4.123168 19.774865
  17.035421195840680       -11.766205004124894
  18.122470597054591       -11.913723213264074
  19.254807305049955       -11.975222109170559
  20.433355550577456       -11.969445111736594
  21.659039564387733       -11.903094122010597
  22.932783577231394       -11.825048714712471
  24.255511819859098       -11.664129842243621


# Temperature: 535.000000
# Parameters: -11.980802 0.868322 4.119790 19.776032
  17.035421195840680       -11.766695132213048
  18.122470597054591       -11.914270045273613
  19.254807305049955       -11.975818357987899
  20.433355550577456       -11.970077533905986
  21.659039564387733       -11.903760697537111
  22.932783577231394       -11.825839313160310
  24.255511819859098       -11.664854596526199


# Temperature: 536.000000
# Parameters: -11.981419 0.868185 4.116410 19.777200
  17.035421195840680       -11.767186116389356
  18.122470597054591       -11.914817756172685
  19.254807305049955       -11.976415500204745
  20.433355550577456       -11.970710858802722
  21.659039564387733       -11.904428183045949
  22.932783577231394       -11.826630835064018
  24.255511819859098       -11.665580084598625


# Temperature: 537.000000
# Parameters: -11.982037 0.868048 4.113015 19.778369
  17.035421195840680       -11.767677954580966
  18.122470597054591       -11.915366343888440
  19.254807305049955       -11.977013533748238
  20.433355550577456       -11.971345083317516
  21.659039564387733       -11.905096575427834
  22.932783577231394       -11.827423279387165
  24.255511819859098       -11.666306305424472


# Temperature: 538.000000
# Parameters: -11.982656 0.867911 4.109618 19.779538
  17.035421195840680       -11.768170645751454
  18.122470597054591       -11.915915807384451
  19.254807305049955       -11.977612458618383
  20.433355550577456       -11.971980208486800
  21.659039564387733       -11.905765873646338
  22.932783577231394       -11.828216644056901
  24.255511819859098       -11.667033257967313


# Temperature: 539.000000
# Parameters: -11.983276 0.867775 4.106206 19.780708
  17.035421195840680       -11.768664189900818
  18.122470597054591       -11.916466145624291
  19.254807305049955       -11.978212272742327
  20.433355550577456       -11.972616231201293
  21.659039564387733       -11.906436076665035
  22.932783577231394       -11.829010928036800
  24.255511819859098       -11.667760941190723


# Temperature: 540.000000
# Parameters: -11.983896 0.867640 4.102782 19.781880
  17.035421195840680       -11.769158583919779
  18.122470597054591       -11.917017357571535
  19.254807305049955       -11.978812975083642
  20.433355550577456       -11.973253149388141
  21.659039564387733       -11.907107182411073
  22.932783577231394       -11.829806129254006
  24.255511819859098       -11.668489353021849


# Temperature: 541.000000
# Parameters: -11.984518 0.867505 4.099350 19.783052
  17.035421195840680       -11.769653828844763
  18.122470597054591       -11.917569440116903
  19.254807305049955       -11.979414563569478
  20.433355550577456       -11.973890963047346
  21.659039564387733       -11.907779188811599
  22.932783577231394       -11.830602245635671
  24.255511819859098       -11.669218492424264


# Temperature: 542.000000
# Parameters: -11.985141 0.867370 4.095914 19.784224
  17.035421195840680       -11.770149921566492
  18.122470597054591       -11.918122394296820
  19.254807305049955       -11.980017036126977
  20.433355550577456       -11.974529670106055
  21.659039564387733       -11.908452096903039
  22.932783577231394       -11.831399277181792
  24.255511819859098       -11.669948359397969


# Temperature: 543.000000
# Parameters: -11.985764 0.867236 4.092463 19.785398
  17.035421195840680       -11.770646861048540
  18.122470597054591       -11.918676217002009
  19.254807305049955       -11.980620393792572
  20.433355550577456       -11.975169269527839
  21.659039564387733       -11.909125902539689
  22.932783577231394       -11.832197220783089
  24.255511819859098       -11.670678950833684


# Temperature: 544.000000
# Parameters: -11.986389 0.867103 4.089009 19.786572
  17.035421195840680       -11.771144647290905
  18.122470597054591       -11.919230908232469
  19.254807305049955       -11.981224633456979
  20.433355550577456       -11.975809759239848
  21.659039564387733       -11.909800604685119
  22.932783577231394       -11.832996075403138
  24.255511819859098       -11.671410266731408


# Temperature: 545.000000
# Parameters: -11.987014 0.866970 4.085541 19.787748
  17.035421195840680       -11.771643278220736
  18.122470597054591       -11.919786465915349
  19.254807305049955       -11.981829753047347
  20.433355550577456       -11.976451139242084
  21.659039564387733       -11.910476203339332
  22.932783577231394       -11.833795841041939
  24.255511819859098       -11.672142306054718


# Temperature: 546.000000
# Parameters: -11.987641 0.866838 4.082060 19.788924
  17.035421195840680       -11.772142752801606
  18.122470597054591       -11.920342887977794
  19.254807305049955       -11.982435753600102
  20.433355550577456       -11.977093405388835
  21.659039564387733       -11.911152696429477
  22.932783577231394       -11.834596513553786
  24.255511819859098       -11.672875066730759


# Temperature: 547.000000
# Parameters: -11.988268 0.866706 4.078573 19.790101
  17.035421195840680       -11.772643068960663
  18.122470597054591       -11.920900174419804
  19.254807305049955       -11.983042630969541
  20.433355550577456       -11.977736558716535
  21.659039564387733       -11.911830081882696
  22.932783577231394       -11.835398092938677
  24.255511819859098       -11.673608547723104


# Temperature: 548.000000
# Parameters: -11.988896 0.866575 4.075080 19.791279
  17.035421195840680       -11.773144227734333
  18.122470597054591       -11.921458324204956
  19.254807305049955       -11.983650386192087
  20.433355550577456       -11.978380597152325
  21.659039564387733       -11.912508358662569
  22.932783577231394       -11.836200578160188
  24.255511819859098       -11.674342747995327


# Temperature: 549.000000
# Parameters: -11.989526 0.866444 4.071577 19.792457
  17.035421195840680       -11.773646224976911
  18.122470597054591       -11.922017335260394
  19.254807305049955       -11.984259016158463
  20.433355550577456       -11.979025518623358
  21.659039564387733       -11.913187524696237
  22.932783577231394       -11.837003966109041
  24.255511819859098       -11.675077666511005


# Temperature: 550.000000
# Parameters: -11.990156 0.866314 4.068066 19.793636
  17.035421195840680       -11.774149062761248
  18.122470597054591       -11.922577205513265
  19.254807305049955       -11.984868520868668
  20.433355550577456       -11.979671323129629
  21.659039564387733       -11.913867579983705
  22.932783577231394       -11.837808256785234
  24.255511819859098       -11.675813302233706


# Temperature: 551.000000
# Parameters: -11.990787 0.866184 4.064536 19.794817
  17.035421195840680       -11.774652736941642
  18.122470597054591       -11.923137934963572
  19.254807305049955       -11.985478897213422
  20.433355550577456       -11.980318007561861
  21.659039564387733       -11.914548521415693
  22.932783577231394       -11.838613448115915
  24.255511819859098       -11.676549653090582


# Temperature: 552.000000
# Parameters: -11.991419 0.866055 4.061008 19.795998
  17.035421195840680       -11.775157248554514
  18.122470597054591       -11.923699522574887
  19.254807305049955       -11.986090146229156
  20.433355550577456       -11.980965571920056
  21.659039564387733       -11.915230348992198
  22.932783577231394       -11.839419538028229
  24.255511819859098       -11.677286719081632


# Temperature: 553.000000
# Parameters: -11.992052 0.865926 4.057466 19.797180
  17.035421195840680       -11.775662594490591
  18.122470597054591       -11.924261966274356
  19.254807305049955       -11.986702264806585
  20.433355550577456       -11.981614013094932
  21.659039564387733       -11.915913060640371
  22.932783577231394       -11.840226526522180
  24.255511819859098       -11.678024498134002


# Temperature: 554.000000
# Parameters: -11.992687 0.865798 4.053916 19.798362
  17.035421195840680       -11.776168775786296
  18.122470597054591       -11.924825263989129
  19.254807305049955       -11.987315251909285
  20.433355550577456       -11.982263332122916
  21.659039564387733       -11.916596655323783
  22.932783577231394       -11.841034410488488
  24.255511819859098       -11.678762988174839


# Temperature: 555.000000
# Parameters: -11.993322 0.865670 4.050355 19.799546
  17.035421195840680       -11.776675789332350
  18.122470597054591       -11.925389416755630
  19.254807305049955       -11.987929106500832
  20.433355550577456       -11.982913525894729
  21.659039564387733       -11.917281130969583
  22.932783577231394       -11.841843188890724
  24.255511819859098       -11.679502190240571


# Temperature: 556.000000
# Parameters: -11.993957 0.865543 4.046787 19.800730
  17.035421195840680       -11.777183635128752
  18.122470597054591       -11.925954421464581
  19.254807305049955       -11.988543826508371
  20.433355550577456       -11.983564593373945
  21.659039564387733       -11.917966485504918
  22.932783577231394       -11.842652860692464
  24.255511819859098       -11.680242102258344


# Temperature: 557.000000
# Parameters: -11.994594 0.865417 4.043212 19.801915
  17.035421195840680       -11.777692311102653
  18.122470597054591       -11.926520277079556
  19.254807305049955       -11.989159410895475
  20.433355550577456       -11.984216533524139
  21.659039564387733       -11.918652719966213
  22.932783577231394       -11.843463423820856
  24.255511819859098       -11.680982722155306


# Temperature: 558.000000
# Parameters: -11.995232 0.865290 4.039619 19.803101
  17.035421195840680       -11.778201816217624
  18.122470597054591       -11.927086982564127
  19.254807305049955       -11.989775859662146
  20.433355550577456       -11.984869344272456
  21.659039564387733       -11.919339831244191
  22.932783577231394       -11.844274878275897
  24.255511819859098       -11.681724049931459


# Temperature: 559.000000
# Parameters: -11.995871 0.865165 4.036021 19.804288
  17.035421195840680       -11.778712150473664
  18.122470597054591       -11.927654536881871
  19.254807305049955       -11.990393169699104
  20.433355550577456       -11.985523025618898
  21.659039564387733       -11.920027817265998
  22.932783577231394       -11.845087219911886
  24.255511819859098       -11.682466083513946


# Temperature: 560.000000
# Parameters: -11.996511 0.865040 4.032421 19.805475
  17.035421195840680       -11.779223311797924
  18.122470597054591       -11.928222937959932
  19.254807305049955       -11.991011341006347
  20.433355550577456       -11.986177574454183
  21.659039564387733       -11.920716678031635
  22.932783577231394       -11.845900449765244
  24.255511819859098       -11.683208821866344


# Temperature: 561.000000
# Parameters: -11.997151 0.864916 4.028803 19.806663
  17.035421195840680       -11.779735298117549
  18.122470597054591       -11.928792185798311
  19.254807305049955       -11.991630371511025
  20.433355550577456       -11.986832990778316
  21.659039564387733       -11.921406412504673
  22.932783577231394       -11.846714565763122
  24.255511819859098       -11.683952264988651


# Temperature: 562.000000
# Parameters: -11.997793 0.864792 4.025182 19.807852
  17.035421195840680       -11.780248110468964
  18.122470597054591       -11.929362278324156
  19.254807305049955       -11.992250260176712
  20.433355550577456       -11.987489272518440
  21.659039564387733       -11.922097017575837
  22.932783577231394       -11.847529565832666
  24.255511819859098       -11.684696409771590


# Temperature: 563.000000
# Parameters: -11.998435 0.864668 4.021548 19.809042
  17.035421195840680       -11.780761745742891
  18.122470597054591       -11.929933214501041
  19.254807305049955       -11.992871004930555
  20.433355550577456       -11.988146418638129
  21.659039564387733       -11.922788493245125
  22.932783577231394       -11.848345447901025
  24.255511819859098       -11.685441257251586


# Temperature: 564.000000
# Parameters: -11.999079 0.864546 4.017910 19.810232
  17.035421195840680       -11.781276203939333
  18.122470597054591       -11.930504993292537
  19.254807305049955       -11.993492604736126
  20.433355550577456       -11.988804427064531
  21.659039564387733       -11.923480837439683
  22.932783577231394       -11.849162213004623
  24.255511819859098       -11.686186804319359


# Temperature: 565.000000
# Parameters: -11.999723 0.864424 4.014260 19.811423
  17.035421195840680       -11.781791484021859
  18.122470597054591       -11.931077612625796
  19.254807305049955       -11.994115059593426
  20.433355550577456       -11.989463297797649
  21.659039564387733       -11.924174049123087
  22.932783577231394       -11.849979856997756
  24.255511819859098       -11.686933050974911


# Temperature: 566.000000
# Parameters: -12.000368 0.864302 4.010601 19.812615
  17.035421195840680       -11.782307583917619
  18.122470597054591       -11.931651072500813
  19.254807305049955       -11.994738367429601
  20.433355550577456       -11.990123028764625
  21.659039564387733       -11.924868126222483
  22.932783577231394       -11.850798379880423
  24.255511819859098       -11.687679995145389


# Temperature: 567.000000
# Parameters: -12.001015 0.864181 4.006936 19.813808
  17.035421195840680       -11.782824502590188
  18.122470597054591       -11.932225370844739
  19.254807305049955       -11.995362526171801
  20.433355550577456       -11.990783617892610
  21.659039564387733       -11.925563068737873
  22.932783577231394       -11.851617780616200
  24.255511819859098       -11.688427636830793


# Temperature: 568.000000
# Parameters: -12.001662 0.864060 4.003259 19.815001
  17.035421195840680       -11.783342239003135
  18.122470597054591       -11.932800505584717
  19.254807305049955       -11.995987534783598
  20.433355550577456       -11.991445065181603
  21.659039564387733       -11.926258873559973
  22.932783577231394       -11.852438056095806
  24.255511819859098       -11.689175973958269


# Temperature: 569.000000
# Parameters: -12.002310 0.863940 3.999568 19.816196
  17.035421195840680       -11.783860793156464
  18.122470597054591       -11.933376477757179
  19.254807305049955       -11.996613393264992
  20.433355550577456       -11.992107368558750
  21.659039564387733       -11.926955541725215
  22.932783577231394       -11.853259206319240
  24.255511819859098       -11.689925006527819


# Temperature: 570.000000
# Parameters: -12.002959 0.863821 3.995870 19.817392
  17.035421195840680       -11.784380161940895
  18.122470597054591       -11.933953284252842
  19.254807305049955       -11.997240098506705
  20.433355550577456       -11.992770526987629
  21.659039564387733       -11.927653069087892
  22.932783577231394       -11.854081230250079
  24.255511819859098       -11.690674732466587


# Temperature: 571.000000
# Parameters: -12.003609 0.863702 3.992172 19.818587
  17.035421195840680       -11.784900346392854
  18.122470597054591       -11.934530925071709
  19.254807305049955       -11.997867650508736
  20.433355550577456       -11.993434539431808
  21.659039564387733       -11.928351456684428
  22.932783577231394       -11.854904124779042
  24.255511819859098       -11.691425150738150


# Temperature: 572.000000
# Parameters: -12.004260 0.863583 3.988461 19.819784
  17.035421195840680       -11.785421343403062
  18.122470597054591       -11.935109398140924
  19.254807305049955       -11.998496047198232
  20.433355550577456       -11.994099403818439
  21.659039564387733       -11.929050701405545
  22.932783577231394       -11.855727889906127
  24.255511819859098       -11.692176259269655


# Temperature: 573.000000
# Parameters: -12.004911 0.863466 3.984747 19.820980
  17.035421195840680       -11.785943152971520
  18.122470597054591       -11.935688702424061
  19.254807305049955       -11.999125287538769
  20.433355550577456       -11.994765118074666
  21.659039564387733       -11.929750803251245
  22.932783577231394       -11.856552523558484
  24.255511819859098       -11.692928059097527


# Temperature: 574.000000
# Parameters: -12.005564 0.863349 3.981014 19.822179
  17.035421195840680       -11.786465774061799
  18.122470597054591       -11.936268836884697
  19.254807305049955       -11.999755371530343
  20.433355550577456       -11.995431683236916
  21.659039564387733       -11.930451760148674
  22.932783577231394       -11.857378023663260
  24.255511819859098       -11.693680548148913


# Temperature: 575.000000
# Parameters: -12.006218 0.863232 3.977273 19.823378
  17.035421195840680       -11.786989204601049
  18.122470597054591       -11.936849800486403
  19.254807305049955       -12.000386295027251
  20.433355550577456       -11.996099096195911
  21.659039564387733       -11.931153571061406
  22.932783577231394       -11.858204391256882
  24.255511819859098       -11.694433724350962


# Temperature: 576.000000
# Parameters: -12.006872 0.863116 3.973526 19.824577
  17.035421195840680       -11.787513444589269
  18.122470597054591       -11.937431591156326
  19.254807305049955       -12.001018060102348
  20.433355550577456       -11.996767356951651
  21.659039564387733       -11.931856233916587
  22.932783577231394       -11.859031622193642
  24.255511819859098       -11.695187588740099


# Temperature: 577.000000
# Parameters: -12.007528 0.863000 3.969781 19.825777
  17.035421195840680       -11.788038491953605
  18.122470597054591       -11.938014207858041
  19.254807305049955       -12.001650662609924
  20.433355550577456       -11.997436463431283
  21.659039564387733       -11.932559748714219
  22.932783577231394       -11.859859716473544
  24.255511819859098       -11.695942137170620


# Temperature: 578.000000
# Parameters: -12.008184 0.862885 3.966014 19.826978
  17.035421195840680       -11.788564346694061
  18.122470597054591       -11.938597650591548
  19.254807305049955       -12.002284103586408
  20.433355550577456       -11.998106413561953
  21.659039564387733       -11.933264112345020
  22.932783577231394       -11.860688673060157
  24.255511819859098       -11.696697371715377


# Temperature: 579.000000
# Parameters: -12.008841 0.862771 3.962244 19.828179
  17.035421195840680       -11.789091006737781
  18.122470597054591       -11.939181917283992
  19.254807305049955       -12.002918379922521
  20.433355550577456       -11.998777207343663
  21.659039564387733       -11.933969325845419
  22.932783577231394       -11.861518489880631
  24.255511819859098       -11.697453289265090


# Temperature: 580.000000
# Parameters: -12.009500 0.862657 3.958462 19.829382
  17.035421195840680       -11.789618471048337
  18.122470597054591       -11.939767006898951
  19.254807305049955       -12.003553491618261
  20.433355550577456       -11.999448842703559
  21.659039564387733       -11.934675385069712
  22.932783577231394       -11.862349164862113
  24.255511819859098       -11.698209888783333


# Temperature: 581.000000
# Parameters: -12.010159 0.862544 3.954678 19.830585
  17.035421195840680       -11.790146738589307
  18.122470597054591       -11.940352918399995
  19.254807305049955       -12.004189436600779
  20.433355550577456       -12.000121318605217
  21.659039564387733       -11.935382291054321
  22.932783577231394       -11.863180698004603
  24.255511819859098       -11.698967170270109


# Temperature: 582.000000
# Parameters: -12.010819 0.862431 3.950872 19.831789
  17.035421195840680       -11.790675808324263
  18.122470597054591       -11.940939650750698
  19.254807305049955       -12.004826214870072
  20.433355550577456       -12.000794634012209
  21.659039564387733       -11.936090041726395
  22.932783577231394       -11.864013087235250
  24.255511819859098       -11.699725131652560


# Temperature: 583.000000
# Parameters: -12.011480 0.862319 3.947065 19.832994
  17.035421195840680       -11.791205680253205
  18.122470597054591       -11.941527201878209
  19.254807305049955       -12.005463823316861
  20.433355550577456       -12.001468787888106
  21.659039564387733       -11.936798636049510
  22.932783577231394       -11.864846332554050
  24.255511819859098       -11.700483771894264


# Temperature: 584.000000
# Parameters: -12.012142 0.862208 3.943255 19.834199
  17.035421195840680       -11.791736351266852
  18.122470597054591       -11.942115570746100
  19.254807305049955       -12.006102261941148
  20.433355550577456       -12.002143778160059
  21.659039564387733       -11.937508071950811
  22.932783577231394       -11.865680429815301
  24.255511819859098       -11.701243090995218


# Temperature: 585.000000
# Parameters: -12.012804 0.862097 3.939427 19.835405
  17.035421195840680       -11.792267821365208
  18.122470597054591       -11.942704756317946
  19.254807305049955       -12.006741529706504
  20.433355550577456       -12.002819603791641
  21.659039564387733       -11.938218348393873
  22.932783577231394       -11.866515380055429
  24.255511819859098       -11.702003086882572


# Temperature: 586.000000
# Parameters: -12.013468 0.861986 3.935602 19.836611
  17.035421195840680       -11.792800089511843
  18.122470597054591       -11.943294758593748
  19.254807305049955       -12.007381624540079
  20.433355550577456       -12.003496263746426
  21.659039564387733       -11.938929465378694
  22.932783577231394       -11.867351181201579
  24.255511819859098       -11.702763758519898


# Temperature: 587.000000
# Parameters: -12.014133 0.861876 3.931761 19.837819
  17.035421195840680       -11.793333154670332
  18.122470597054591       -11.943885575500650
  19.254807305049955       -12.008022546441872
  20.433355550577456       -12.004173755951559
  21.659039564387733       -11.939641419795995
  22.932783577231394       -11.868187831180901
  24.255511819859098       -11.703525104870771


# Temperature: 588.000000
# Parameters: -12.014798 0.861767 3.927911 19.839027
  17.035421195840680       -11.793867015804249
  18.122470597054591       -11.944477204965800
  19.254807305049955       -12.008664292302603
  20.433355550577456       -12.004852081443468
  21.659039564387733       -11.940354210609353
  22.932783577231394       -11.869025329993393
  24.255511819859098       -11.704287125935190


# Temperature: 589.000000
# Parameters: -12.015464 0.861659 3.924055 19.840235
  17.035421195840680       -11.794401670840740
  18.122470597054591       -11.945069646989200
  19.254807305049955       -12.009306862122274
  20.433355550577456       -12.005531236076449
  21.659039564387733       -11.941067837818766
  22.932783577231394       -11.869863675566204
  24.255511819859098       -11.705049818603875


# Temperature: 590.000000
# Parameters: -12.016132 0.861551 3.920195 19.841445
  17.035421195840680       -11.794937119779807
  18.122470597054591       -11.945662900534424
  19.254807305049955       -12.009950254864457
  20.433355550577456       -12.006211219850499
  21.659039564387733       -11.941782298314953
  22.932783577231394       -11.870702866862908
  24.255511819859098       -11.705813183913254


# Temperature: 591.000000
# Parameters: -12.016800 0.861443 3.916329 19.842654
  17.035421195840680       -11.795473360548597
  18.122470597054591       -11.946256963528617
  19.254807305049955       -12.010594469492725
  20.433355550577456       -12.006892032765620
  21.659039564387733       -11.942497592097919
  22.932783577231394       -11.871542901810649
  24.255511819859098       -11.706577218754047


# Temperature: 592.000000
# Parameters: -12.017469 0.861336 3.912435 19.843866
  17.035421195840680       -11.796010393147109
  18.122470597054591       -11.946851834935355
  19.254807305049955       -12.011239502897801
  20.433355550577456       -12.007573671712532
  21.659039564387733       -11.943213718131231
  22.932783577231394       -11.872383780409431
  24.255511819859098       -11.707341924162682


# Temperature: 593.000000
# Parameters: -12.018139 0.861230 3.908545 19.845077
  17.035421195840680       -11.796548216538914
  18.122470597054591       -11.947447514754636
  19.254807305049955       -12.011885356116110
  20.433355550577456       -12.008256135654809
  21.659039564387733       -11.943930675378468
  22.932783577231394       -11.873225499549973
  24.255511819859098       -11.708107297029878


# Temperature: 594.000000
# Parameters: -12.018810 0.861124 3.904646 19.846290
  17.035421195840680       -11.797086828651166
  18.122470597054591       -11.948044000913606
  19.254807305049955       -12.012532027074801
  20.433355550577456       -12.008939424592452
  21.659039564387733       -11.944648460730349
  22.932783577231394       -11.874068059232274
  24.255511819859098       -11.708873338392062


# Temperature: 595.000000
# Parameters: -12.019482 0.861019 3.900750 19.847502
  17.035421195840680       -11.797626229483861
  18.122470597054591       -11.948641292375843
  19.254807305049955       -12.013179514737446
  20.433355550577456       -12.009623535416180
  21.659039564387733       -11.945367074186874
  22.932783577231394       -11.874911457383483
  24.255511819859098       -11.709640045139956


# Temperature: 596.000000
# Parameters: -12.020154 0.860914 3.896828 19.848716
  17.035421195840680       -11.798166416964145
  18.122470597054591       -11.949239387068491
  19.254807305049955       -12.013827817031192
  20.433355550577456       -12.010308469162421
  21.659039564387733       -11.946086514711617
  22.932783577231394       -11.875755694003599
  24.255511819859098       -11.710407418309984


# Temperature: 597.000000
# Parameters: -12.020828 0.860811 3.892910 19.849930
  17.035421195840680       -11.798707390055593
  18.122470597054591       -11.949838286027980
  19.254807305049955       -12.014476933956042
  20.433355550577456       -12.010994222721896
  21.659039564387733       -11.946806780231725
  22.932783577231394       -11.876600765983346
  24.255511819859098       -11.711175454792869


# Temperature: 598.000000
# Parameters: -12.021502 0.860707 3.888978 19.851145
  17.035421195840680       -11.799249148758207
  18.122470597054591       -11.950437986145026
  19.254807305049955       -12.015126863439137
  20.433355550577456       -12.011680796094605
  21.659039564387733       -11.947527870747198
  22.932783577231394       -11.877446674359145
  24.255511819859098       -11.711944155625037


# Temperature: 599.000000
# Parameters: -12.022178 0.860604 3.885042 19.852360
  17.035421195840680       -11.799791690999132
  18.122470597054591       -11.951038487419630
  19.254807305049955       -12.015777604444057
  20.433355550577456       -12.012368187207693
  21.659039564387733       -11.948249783148757
  22.932783577231394       -11.878293414985295
  24.255511819859098       -11.712713517697209


# Temperature: 600.000000
# Parameters: -12.022854 0.860502 3.881089 19.853576
  17.035421195840680       -11.800335015741942
  18.122470597054591       -11.951639787778943
  19.254807305049955       -12.016429156970801
  20.433355550577456       -12.013056395024737
  21.659039564387733       -11.948972518472829
  22.932783577231394       -11.879140988898222
  24.255511819859098       -11.713483541009383


# Temperature: 601.000000
# Parameters: -12.023531 0.860401 3.877133 19.854793
  17.035421195840680       -11.800879122986638
  18.122470597054591       -11.952241886186536
  19.254807305049955       -12.017081517910087
  20.433355550577456       -12.013745419545735
  21.659039564387733       -11.949696073610134
  22.932783577231394       -11.879989392988643
  24.255511819859098       -11.714254225561563


# Temperature: 602.000000
# Parameters: -12.024209 0.860300 3.873178 19.856010
  17.035421195840680       -11.801424010660366
  18.122470597054591       -11.952844782642408
  19.254807305049955       -12.017734687261918
  20.433355550577456       -12.014435257661408
  21.659039564387733       -11.950420448560672
  22.932783577231394       -11.880838627256562
  24.255511819859098       -11.715025568244466


# Temperature: 603.000000
# Parameters: -12.024888 0.860199 3.869208 19.857228
  17.035421195840680       -11.801969677726699
  18.122470597054591       -11.953448475073710
  19.254807305049955       -12.018388663989866
  20.433355550577456       -12.015125908335330
  21.659039564387733       -11.951145640215167
  22.932783577231394       -11.881688690665552
  24.255511819859098       -11.715797569058093


# Temperature: 604.000000
# Parameters: -12.025568 0.860100 3.865230 19.858447
  17.035421195840680       -11.802516124185640
  18.122470597054591       -11.954052963480438
  19.254807305049955       -12.019043446021078
  20.433355550577456       -12.015817372603928
  21.659039564387733       -11.951871649610041
  22.932783577231394       -11.882539581142760
  24.255511819859098       -11.716570228002446


# Temperature: 605.000000
# Parameters: -12.026248 0.860000 3.861245 19.859666
  17.035421195840680       -11.803063347964335
  18.122470597054591       -11.954658244753315
  19.254807305049955       -12.019699033355556
  20.433355550577456       -12.016509646321497
  21.659039564387733       -11.952598474672442
  22.932783577231394       -11.883391297651759
  24.255511819859098       -11.717343541968246


# Temperature: 606.000000
# Parameters: -12.026930 0.859902 3.857246 19.860887
  17.035421195840680       -11.803611346989930
  18.122470597054591       -11.955264318892342
  19.254807305049955       -12.020355423920444
  20.433355550577456       -12.017202730524460
  21.659039564387733       -11.953326114365947
  22.932783577231394       -11.884243838119696
  24.255511819859098       -11.718117510955491


# Temperature: 607.000000
# Parameters: -12.027612 0.859804 3.853240 19.862107
  17.035421195840680       -11.804160123335279
  18.122470597054591       -11.955871184861090
  19.254807305049955       -12.021012616679320
  20.433355550577456       -12.017896622103542
  21.659039564387733       -11.954054566617700
  22.932783577231394       -11.885097202546573
  24.255511819859098       -11.718892134964181


# Temperature: 608.000000
# Parameters: -12.028295 0.859706 3.849229 19.863329
  17.035421195840680       -11.804709672854676
  18.122470597054591       -11.956478841623134
  19.254807305049955       -12.021670610595754
  20.433355550577456       -12.018591322095167
  21.659039564387733       -11.954783831427701
  22.932783577231394       -11.885951388859537
  24.255511819859098       -11.719667410885037


# Temperature: 609.000000
# Parameters: -12.028980 0.859610 3.845213 19.864551
  17.035421195840680       -11.805259996584548
  18.122470597054591       -11.957087288142047
  19.254807305049955       -12.022329404633322
  20.433355550577456       -12.019286827390058
  21.659039564387733       -11.955513906723100
  22.932783577231394       -11.886806397058585
  24.255511819859098       -11.720443339754487


# Temperature: 610.000000
# Parameters: -12.029665 0.859513 3.841181 19.865774
  17.035421195840680       -11.805811092452041
  18.122470597054591       -11.957696522344978
  19.254807305049955       -12.022988997755595
  20.433355550577456       -12.019983137988213
  21.659039564387733       -11.956244791467467
  22.932783577231394       -11.887662224034441
  24.255511819859098       -11.721219919499678


# Temperature: 611.000000
# Parameters: -12.030351 0.859418 3.837147 19.866997
  17.035421195840680       -11.806362959420730
  18.122470597054591       -11.958306544231926
  19.254807305049955       -12.023649387889723
  20.433355550577456       -12.020680252853206
  21.659039564387733       -11.956976484624381
  22.932783577231394       -11.888518869787104
  24.255511819859098       -11.721997149084181


# Temperature: 612.000000
# Parameters: -12.031038 0.859323 3.833117 19.868220
  17.035421195840680       -11.806915596454189
  18.122470597054591       -11.958917352766465
  19.254807305049955       -12.024310575035706
  20.433355550577456       -12.021378168875758
  21.659039564387733       -11.957708984120984
  22.932783577231394       -11.889376332243723
  24.255511819859098       -11.722775027471574


# Temperature: 613.000000
# Parameters: -12.031725 0.859229 3.829067 19.869444
  17.035421195840680       -11.807469003552416
  18.122470597054591       -11.959528945875741
  19.254807305049955       -12.024972557120689
  20.433355550577456       -12.022076887092297
  21.659039564387733       -11.958442289957278
  22.932783577231394       -11.890234610367868
  24.255511819859098       -11.723553554661853


# Temperature: 614.000000
# Parameters: -12.032414 0.859135 3.825008 19.870669
  17.035421195840680       -11.808023178642561
  18.122470597054591       -11.960141322523329
  19.254807305049955       -12.025635334144674
  20.433355550577456       -12.022776405429969
  21.659039564387733       -11.959176401096837
  22.932783577231394       -11.891093704159541
  24.255511819859098       -11.724332728582167


# Temperature: 615.000000
# Parameters: -12.033103 0.859042 3.820942 19.871895
  17.035421195840680       -11.808578120688194
  18.122470597054591       -11.960754482709229
  19.254807305049955       -12.026298904034807
  20.433355550577456       -12.023476722852346
  21.659039564387733       -11.959911315466808
  22.932783577231394       -11.891953610509464
  24.255511819859098       -11.725112548196091


# Temperature: 616.000000
# Parameters: -12.033794 0.858949 3.816868 19.873121
  17.035421195840680       -11.809133828652893
  18.122470597054591       -11.961368424360586
  19.254807305049955       -12.026963265754663
  20.433355550577456       -12.024177837286578
  21.659039564387733       -11.960647032030764
  22.932783577231394       -11.892814330454064
  24.255511819859098       -11.725893013503622


# Temperature: 617.000000
# Parameters: -12.034485 0.858857 3.812783 19.874349
  17.035421195840680       -11.809690302536655
  18.122470597054591       -11.961983146440978
  19.254807305049955       -12.027628418267815
  20.433355550577456       -12.024879748732664
  21.659039564387733       -11.961383549752281
  22.932783577231394       -11.893675859847631
  24.255511819859098       -11.726674122431909


# Temperature: 618.000000
# Parameters: -12.035177 0.858766 3.808701 19.875576
  17.035421195840680       -11.810247540266628
  18.122470597054591       -11.962598648950401
  19.254807305049955       -12.028294360537835
  20.433355550577456       -12.025582456154178
  21.659039564387733       -11.962120867594930
  22.932783577231394       -11.894538199726597
  24.255511819859098       -11.727455874980954


# Temperature: 619.000000
# Parameters: -12.035870 0.858676 3.804604 19.876804
  17.035421195840680       -11.810805540806387
  18.122470597054591       -11.963214928779578
  19.254807305049955       -12.028961091528300
  20.433355550577456       -12.026285957478267
  21.659039564387733       -11.962858984522287
  22.932783577231394       -11.895401348018105
  24.255511819859098       -11.728238270114327


# Temperature: 620.000000
# Parameters: -12.036564 0.858586 3.800508 19.878032
  17.035421195840680       -11.811364304155928
  18.122470597054591       -11.963831986964935
  19.254807305049955       -12.029628610202781
  20.433355550577456       -12.026990252704930
  21.659039564387733       -11.963597898461495
  22.932783577231394       -11.896265303685730
  24.255511819859098       -11.729021305759177


# Temperature: 621.000000
# Parameters: -12.037258 0.858496 3.796397 19.879261
  17.035421195840680       -11.811923828242405
  18.122470597054591       -11.964449821433620
  19.254807305049955       -12.030296914488428
  20.433355550577456       -12.027695338724891
  21.659039564387733       -11.964337609412560
  22.932783577231394       -11.897130065693048
  24.255511819859098       -11.729804981915505


# Temperature: 622.000000
# Parameters: -12.037954 0.858408 3.792277 19.880491
  17.035421195840680       -11.812484112029384
  18.122470597054591       -11.965068431149206
  19.254807305049955       -12.030966004385238
  20.433355550577456       -12.028401216574572
  21.659039564387733       -11.965078115302624
  22.932783577231394       -11.897995631967204
  24.255511819859098       -11.730589296510455


# Temperature: 623.000000
# Parameters: -12.038650 0.858319 3.788138 19.881723
  17.035421195840680       -11.813045155516871
  18.122470597054591       -11.965687815075267
  19.254807305049955       -12.031635878856786
  20.433355550577456       -12.029107884181125
  21.659039564387733       -11.965819415095265
  22.932783577231394       -11.898862002508197
  24.255511819859098       -11.731374250580458


# Temperature: 624.000000
# Parameters: -12.039347 0.858232 3.784018 19.882953
  17.035421195840680       -11.813606957668439
  18.122470597054591       -11.966307972175375
  19.254807305049955       -12.032306535830219
  20.433355550577456       -12.029815340508121
  21.659039564387733       -11.966561507754054
  22.932783577231394       -11.899729175243177
  24.255511819859098       -11.732159841016232


# Temperature: 625.000000
# Parameters: -12.040045 0.858145 3.779868 19.884185
  17.035421195840680       -11.814169516411232
  18.122470597054591       -11.966928901413105
  19.254807305049955       -12.032977974269112
  20.433355550577456       -12.030523583482706
  21.659039564387733       -11.967304393278992
  22.932783577231394       -11.900597149135717
  24.255511819859098       -11.732946068854204


# Temperature: 626.000000
# Parameters: -12.040744 0.858059 3.775729 19.885416
  17.035421195840680       -11.814732830708826
  18.122470597054591       -11.967550601752031
  19.254807305049955       -12.033650194173465
  20.433355550577456       -12.031232614141308
  21.659039564387733       -11.968048068560799
  22.932783577231394       -11.901465923149388
  24.255511819859098       -11.733732930985095


# Temperature: 627.000000
# Parameters: -12.041444 0.857973 3.771564 19.886650
  17.035421195840680       -11.815296900561219
  18.122470597054591       -11.968173071119299
  19.254807305049955       -12.034323192433995
  20.433355550577456       -12.031942429374649
  21.659039564387733       -11.968792533599476
  22.932783577231394       -11.902335496247765
  24.255511819859098       -11.734520428445331


# Temperature: 628.000000
# Parameters: -12.042145 0.857888 3.767407 19.887883
  17.035421195840680       -11.815861724931988
  18.122470597054591       -11.968796310551337
  19.254807305049955       -12.034996971123560
  20.433355550577456       -12.032653028146301
  21.659039564387733       -11.969537787358597
  22.932783577231394       -11.903205867394425
  24.255511819859098       -11.735308559162059


# Temperature: 629.000000
# Parameters: -12.042847 0.857804 3.763228 19.889117
  17.035421195840680       -11.816427301748277
  18.122470597054591       -11.969420316938866
  19.254807305049955       -12.035671526096451
  20.433355550577456       -12.033364410456265
  21.659039564387733       -11.970283827765307
  22.932783577231394       -11.904077034516511
  24.255511819859098       -11.736097322098855


# Temperature: 630.000000
# Parameters: -12.043549 0.857720 3.759060 19.890351
  17.035421195840680       -11.816993631010089
  18.122470597054591       -11.970045091318310
  19.254807305049955       -12.036346857352669
  20.433355550577456       -12.034076574231689
  21.659039564387733       -11.971030654819609
  22.932783577231394       -11.904948996577600
  24.255511819859098       -11.736886717255716


# Temperature: 631.000000
# Parameters: -12.044252 0.857637 3.754874 19.891586
  17.035421195840680       -11.817560711680995
  18.122470597054591       -11.970670630580392
  19.254807305049955       -12.037022963855788
  20.433355550577456       -12.034789518436144
  21.659039564387733       -11.971778266448649
  22.932783577231394       -11.905821753577689
  24.255511819859098       -11.737676742559790


# Temperature: 632.000000
# Parameters: -12.044956 0.857554 3.750683 19.892821
  17.035421195840680       -11.818128541688145
  18.122470597054591       -11.971296934725112
  19.254807305049955       -12.037699845605809
  20.433355550577456       -12.035503243069632
  21.659039564387733       -11.972526661616000
  22.932783577231394       -11.906695303443927
  24.255511819859098       -11.738467398011078


# Temperature: 633.000000
# Parameters: -12.045661 0.857472 3.746476 19.894058
  17.035421195840680       -11.818697122067961
  18.122470597054591       -11.971924002716042
  19.254807305049955       -12.038377499493452
  20.433355550577456       -12.036217746059300
  21.659039564387733       -11.973275840321662
  22.932783577231394       -11.907569644103461
  24.255511819859098       -11.739258682573155


# Temperature: 634.000000
# Parameters: -12.046367 0.857391 3.742265 19.895295
  17.035421195840680       -11.819266449711169
  18.122470597054591       -11.972551832480333
  19.254807305049955       -12.039055925518715
  20.433355550577456       -12.036933026368722
  21.659039564387733       -11.974025799456358
  22.932783577231394       -11.908444776592718
  24.255511819859098       -11.740050594173164


# Temperature: 635.000000
# Parameters: -12.047074 0.857311 3.738058 19.896532
  17.035421195840680       -11.819836524617767
  18.122470597054591       -11.973180424017979
  19.254807305049955       -12.039735121608748
  20.433355550577456       -12.037649082961471
  21.659039564387733       -11.974776540056512
  22.932783577231394       -11.909320697802418
  24.255511819859098       -11.740843132811110


# Temperature: 636.000000
# Parameters: -12.047782 0.857231 3.733836 19.897770
  17.035421195840680       -11.820407346787754
  18.122470597054591       -11.973809777328986
  19.254807305049955       -12.040415088799978
  20.433355550577456       -12.038365914801119
  21.659039564387733       -11.975528059012847
  22.932783577231394       -11.910197407732561
  24.255511819859098       -11.741636298486988


# Temperature: 637.000000
# Parameters: -12.048490 0.857152 3.729605 19.899008
  17.035421195840680       -11.820978913111851
  18.122470597054591       -11.974439888267646
  19.254807305049955       -12.041095823983124
  20.433355550577456       -12.039083519814819
  21.659039564387733       -11.976280357361787
  22.932783577231394       -11.911074904310293
  24.255511819859098       -11.742430088091522


# Temperature: 638.000000
# Parameters: -12.049199 0.857073 3.725376 19.900247
  17.035421195840680       -11.821551224626486
  18.122470597054591       -11.975070758906812
  19.254807305049955       -12.041777327158185
  20.433355550577456       -12.039801899038990
  21.659039564387733       -11.977033431994055
  22.932783577231394       -11.911953187535618
  24.255511819859098       -11.743224502661139


# Temperature: 639.000000
# Parameters: -12.049909 0.856995 3.721128 19.901486
  17.035421195840680       -11.822124278222379
  18.122470597054591       -11.975702387173630
  19.254807305049955       -12.042459597288737
  20.433355550577456       -12.040521049364358
  21.659039564387733       -11.977787281873223
  22.932783577231394       -11.912832255335681
  24.255511819859098       -11.744019540122986


# Temperature: 640.000000
# Parameters: -12.050620 0.856917 3.716872 19.902727
  17.035421195840680       -11.822698074935957
  18.122470597054591       -11.976334770995249
  19.254807305049955       -12.043142632301928
  20.433355550577456       -12.041240970790922
  21.659039564387733       -11.978541908035719
  22.932783577231394       -11.913712105637629
  24.255511819859098       -11.744815199440634


# Temperature: 641.000000
# Parameters: -12.051332 0.856841 3.712619 19.903967
  17.035421195840680       -11.823272613730792
  18.122470597054591       -11.976967910371670
  19.254807305049955       -12.043826432197754
  20.433355550577456       -12.041961661245828
  21.659039564387733       -11.979297306335837
  22.932783577231394       -11.914592739477888
  24.255511819859098       -11.745611481650512


# Temperature: 642.000000
# Parameters: -12.052045 0.856765 3.708358 19.905208
  17.035421195840680       -11.823847892534033
  18.122470597054591       -11.977601804266463
  19.254807305049955       -12.044510995939794
  20.433355550577456       -12.042683121765505
  21.659039564387733       -11.980053478846429
  22.932783577231394       -11.915474154783606
  24.255511819859098       -11.746408382606914


# Temperature: 643.000000
# Parameters: -12.052758 0.856689 3.704078 19.906450
  17.035421195840680       -11.824423910309253
  18.122470597054591       -11.978236451643205
  19.254807305049955       -12.045196321455190
  20.433355550577456       -12.043405348204244
  21.659039564387733       -11.980810421421792
  22.932783577231394       -11.916356350518356
  24.255511819859098       -11.747205904382692


# Temperature: 644.000000
# Parameters: -12.053472 0.856614 3.699799 19.907692
  17.035421195840680       -11.825000667056454
  18.122470597054591       -11.978871851465467
  19.254807305049955       -12.045882407707520
  20.433355550577456       -12.044128342634901
  21.659039564387733       -11.981568135098348
  22.932783577231394       -11.917239324609287
  24.255511819859098       -11.748004043868567


# Temperature: 645.000000
# Parameters: -12.054188 0.856540 3.695512 19.908935
  17.035421195840680       -11.825578160702779
  18.122470597054591       -11.979508001660399
  19.254807305049955       -12.046569254696781
  20.433355550577456       -12.044852100911768
  21.659039564387733       -11.982326618839675
  22.932783577231394       -11.918123077056398
  24.255511819859098       -11.748802802100968


# Temperature: 646.000000
# Parameters: -12.054904 0.856467 3.691221 19.910178
  17.035421195840680       -11.826156392284657
  18.122470597054591       -11.980144903264426
  19.254807305049955       -12.047256861386549
  20.433355550577456       -12.045576624071273
  21.659039564387733       -11.983085869536492
  22.932783577231394       -11.919007606823262
  24.255511819859098       -11.749602177007040


# Temperature: 647.000000
# Parameters: -12.055620 0.856394 3.686928 19.911421
  17.035421195840680       -11.826735358692808
  18.122470597054591       -11.980782553168270
  19.254807305049955       -12.047945225703968
  20.433355550577456       -12.046301911076990
  21.659039564387733       -11.983845888225225
  22.932783577231394       -11.919892911837026
  24.255511819859098       -11.750402167550355


# Temperature: 648.000000
# Parameters: -12.056338 0.856322 3.682614 19.912666
  17.035421195840680       -11.827315059927235
  18.122470597054591       -11.981420951371929
  19.254807305049955       -12.048634346612616
  20.433355550577456       -12.047027959856065
  21.659039564387733       -11.984606672833023
  22.932783577231394       -11.920778991061267
  24.255511819859098       -11.751202773730915


# Temperature: 649.000000
# Parameters: -12.057057 0.856250 3.678311 19.913909
  17.035421195840680       -11.827895494951507
  18.122470597054591       -11.982060097875404
  19.254807305049955       -12.049324224112491
  20.433355550577456       -12.047754769372071
  21.659039564387733       -11.985368222323457
  22.932783577231394       -11.921665844495980
  24.255511819859098       -11.752003993475869


# Temperature: 650.000000
# Parameters: -12.057776 0.856179 3.673981 19.915155
  17.035421195840680       -11.828476662729202
  18.122470597054591       -11.982699989569417
  19.254807305049955       -12.050014857167165
  20.433355550577456       -12.048482338588585
  21.659039564387733       -11.986130535660102
  22.932783577231394       -11.922553469031891
  24.255511819859098       -11.752805826785213


# Temperature: 651.000000
# Parameters: -12.058496 0.856109 3.669662 19.916400
  17.035421195840680       -11.829058562223890
  18.122470597054591       -11.983340626453966
  19.254807305049955       -12.050706242667360
  20.433355550577456       -12.049210667505603
  21.659039564387733       -11.986893611806533
  22.932783577231394       -11.923441865705422
  24.255511819859098       -11.753608272622524


# Temperature: 652.000000
# Parameters: -12.059217 0.856040 3.665317 19.917647
  17.035421195840680       -11.829641192399148
  18.122470597054591       -11.983982008529054
  19.254807305049955       -12.051398382685932
  20.433355550577456       -12.049939754050275
  21.659039564387733       -11.987657449726322
  22.932783577231394       -11.924331032443723
  24.255511819859098       -11.754411329951374


# Temperature: 653.000000
# Parameters: -12.059939 0.855971 3.660987 19.918893
  17.035421195840680       -11.830224553254974
  18.122470597054591       -11.984624133721825
  19.254807305049955       -12.052091274113597
  20.433355550577456       -12.050669598222600
  21.659039564387733       -11.988422048383043
  22.932783577231394       -11.925220968210366
  24.255511819859098       -11.755214997735338


# Temperature: 654.000000
# Parameters: -12.060662 0.855902 3.656621 19.920142
  17.035421195840680       -11.830808642718516
  18.122470597054591       -11.985266999959428
  19.254807305049955       -12.052784915913930
  20.433355550577456       -12.051400196913299
  21.659039564387733       -11.989187405703845
  22.932783577231394       -11.926111670932501
  24.255511819859098       -11.756019274937987


# Temperature: 655.000000
# Parameters: -12.061385 0.855835 3.652279 19.921388
  17.035421195840680       -11.831393460789773
  18.122470597054591       -11.985910608278289
  19.254807305049955       -12.053479308086933
  20.433355550577456       -12.052131551158798
  21.659039564387733       -11.989953522725152
  22.932783577231394       -11.927003141646551
  24.255511819859098       -11.756824161559326


# Temperature: 656.000000
# Parameters: -12.062110 0.855768 3.647926 19.922636
  17.035421195840680       -11.831979005395894
  18.122470597054591       -11.986554957641982
  19.254807305049955       -12.054174448559753
  20.433355550577456       -12.052863658886245
  21.659039564387733       -11.990720397374112
  22.932783577231394       -11.927895377243241
  24.255511819859098       -11.757629655526497


# Temperature: 657.000000
# Parameters: -12.062835 0.855702 3.643545 19.923886
  17.035421195840680       -11.832565276536876
  18.122470597054591       -11.987200044941227
  19.254807305049955       -12.054870337332387
  20.433355550577456       -12.053596519059216
  21.659039564387733       -11.991488027577871
  22.932783577231394       -11.928788377722565
  24.255511819859098       -11.758435757875928


# Temperature: 658.000000
# Parameters: -12.063561 0.855636 3.639183 19.925134
  17.035421195840680       -11.833152273176296
  18.122470597054591       -11.987845871212452
  19.254807305049955       -12.055566972331986
  20.433355550577456       -12.054330130641279
  21.659039564387733       -11.992256413336433
  22.932783577231394       -11.929682142048103
  24.255511819859098       -11.759242465498341


# Temperature: 659.000000
# Parameters: -12.064288 0.855571 3.634792 19.926384
  17.035421195840680       -11.833739994277726
  18.122470597054591       -11.988492435419230
  19.254807305049955       -12.056264353558548
  20.433355550577456       -12.055064493632438
  21.659039564387733       -11.993025553613368
  22.932783577231394       -11.930576668146998
  24.255511819859098       -11.760049778393736


# Temperature: 660.000000
# Parameters: -12.065015 0.855507 3.630407 19.927634
  17.035421195840680       -11.834328437768315
  18.122470597054591       -11.989139734452280
  19.254807305049955       -12.056962478939221
  20.433355550577456       -12.055799604923413
  21.659039564387733       -11.993795446335824
  22.932783577231394       -11.931471956019251
  24.255511819859098       -11.760857696562113


# Temperature: 661.000000
# Parameters: -12.065744 0.855444 3.626017 19.928884
  17.035421195840680       -11.834917604684486
  18.122470597054591       -11.989787770384458
  19.254807305049955       -12.057661348474005
  20.433355550577456       -12.056535465550631
  21.659039564387733       -11.994566092540229
  22.932783577231394       -11.932368003592012
  24.255511819859098       -11.761666217930618


# Temperature: 662.000000
# Parameters: -12.066473 0.855381 3.621613 19.930135
  17.035421195840680       -11.835507493989816
  18.122470597054591       -11.990436540106483
  19.254807305049955       -12.058360960090047
  20.433355550577456       -12.057272073441240
  21.659039564387733       -11.995337489117302
  22.932783577231394       -11.933264810865277
  24.255511819859098       -11.762475341462824


# Temperature: 663.000000
# Parameters: -12.067203 0.855318 3.617208 19.931387
  17.035421195840680       -11.836098102575024
  18.122470597054591       -11.991086042581930
  19.254807305049955       -12.059061313787348
  20.433355550577456       -12.058009428595236
  21.659039564387733       -11.996109636067043
  22.932783577231394       -11.934162375766196
  24.255511819859098       -11.763285068195161


# Temperature: 664.000000
# Parameters: -12.067934 0.855257 3.612787 19.932639
  17.035421195840680       -11.836689431476538
  18.122470597054591       -11.991736277810796
  19.254807305049955       -12.059762408529480
  20.433355550577456       -12.058747527903344
  21.659039564387733       -11.996882531316603
  22.932783577231394       -11.935060697258342
  24.255511819859098       -11.764095395018346


# Temperature: 665.000000
# Parameters: -12.068666 0.855196 3.608361 19.933892
  17.035421195840680       -11.837281479657930
  18.122470597054591       -11.992387244756658
  19.254807305049955       -12.060464243280016
  20.433355550577456       -12.059486372401990
  21.659039564387733       -11.997656175902403
  22.932783577231394       -11.935959775341715
  24.255511819859098       -11.764906322968809


# Temperature: 666.000000
# Parameters: -12.069399 0.855136 3.603946 19.935144
  17.035421195840680       -11.837874246082773
  18.122470597054591       -11.993038942383089
  19.254807305049955       -12.061166815966105
  20.433355550577456       -12.060225960018320
  21.659039564387733       -11.998430566715166
  22.932783577231394       -11.936859607943461
  24.255511819859098       -11.765717848937268


# Temperature: 667.000000
# Parameters: -12.070132 0.855076 3.599508 19.936398
  17.035421195840680       -11.838467728678218
  18.122470597054591       -11.993691369653661
  19.254807305049955       -12.061870126587749
  20.433355550577456       -12.060966289715907
  21.659039564387733       -11.999205702718468
  22.932783577231394       -11.937760195063582
  24.255511819859098       -11.766529973960150


# Temperature: 668.000000
# Parameters: -12.070866 0.855017 3.595064 19.937652
  17.035421195840680       -11.839061927444261
  18.122470597054591       -11.994344525531949
  19.254807305049955       -12.062574173072091
  20.433355550577456       -12.061707361494753
  21.659039564387733       -11.999981584948733
  22.932783577231394       -11.938661533592798
  24.255511819859098       -11.767342697001030


# Temperature: 669.000000
# Parameters: -12.071601 0.854959 3.590631 19.938905
  17.035421195840680       -11.839656842380904
  18.122470597054591       -11.994998408981527
  19.254807305049955       -12.063278956455560
  20.433355550577456       -12.062449173282005
  21.659039564387733       -12.000758210296681
  22.932783577231394       -11.939563624567535
  24.255511819859098       -11.768156017023481


# Temperature: 670.000000
# Parameters: -12.072337 0.854901 3.586174 19.940160
  17.035421195840680       -11.840252470378868
  18.122470597054591       -11.995653018965966
  19.254807305049955       -12.063984473628876
  20.433355550577456       -12.063191724041236
  21.659039564387733       -12.001535578762315
  22.932783577231394       -11.940466465914941
  24.255511819859098       -11.768969932991075


# Temperature: 671.000000
# Parameters: -12.073074 0.854844 3.581701 19.941416
  17.035421195840680       -11.840848813511005
  18.122470597054591       -11.996308354448843
  19.254807305049955       -12.064690725628466
  20.433355550577456       -12.063935012736019
  21.659039564387733       -12.002313689309206
  22.932783577231394       -11.941370057635016
  24.255511819859098       -11.769784443867389


# Temperature: 672.000000
# Parameters: -12.073812 0.854788 3.577239 19.942671
  17.035421195840680       -11.841445867631609
  18.122470597054591       -11.996964415430156
  19.254807305049955       -12.065397709345051
  20.433355550577456       -12.064679039366354
  21.659039564387733       -12.003092539864504
  22.932783577231394       -11.942274396618481
  24.255511819859098       -11.770599548615992


# Temperature: 673.000000
# Parameters: -12.074550 0.854733 3.572771 19.943927
  17.035421195840680       -11.842043633777109
  18.122470597054591       -11.997621198800628
  19.254807305049955       -12.066105425815058
  20.433355550577456       -12.065423801859390
  21.659039564387733       -12.003872131464632
  22.932783577231394       -11.943179483901762
  24.255511819859098       -11.771415247236890


# Temperature: 674.000000
# Parameters: -12.075289 0.854678 3.568294 19.945183
  17.035421195840680       -11.842642110911077
  18.122470597054591       -11.998278706633110
  19.254807305049955       -12.066813871929206
  20.433355550577456       -12.066169300215126
  21.659039564387733       -12.004652461000314
  22.932783577231394       -11.944085316375579
  24.255511819859098       -11.772231538693651


# Temperature: 675.000000
# Parameters: -12.076029 0.854624 3.563801 19.946441
  17.035421195840680       -11.843241297997086
  18.122470597054591       -11.998936935818323
  19.254807305049955       -12.067523048723922
  20.433355550577456       -12.066915533397136
  21.659039564387733       -12.005433528471547
  22.932783577231394       -11.944991895076361
  24.255511819859098       -11.773048420913426


# Temperature: 676.000000
# Parameters: -12.076770 0.854570 3.559321 19.947697
  17.035421195840680       -11.843841193998710
  18.122470597054591       -11.999595885319842
  19.254807305049955       -12.068232954126355
  20.433355550577456       -12.067662498296141
  21.659039564387733       -12.006215332841910
  22.932783577231394       -11.945899217931254
  24.255511819859098       -11.773865894932639


# Temperature: 677.000000
# Parameters: -12.077511 0.854517 3.554823 19.948955
  17.035421195840680       -11.844441797879524
  18.122470597054591       -12.000255556174091
  19.254807305049955       -12.068943587100076
  20.433355550577456       -12.068410196984992
  21.659039564387733       -12.006997873074969
  22.932783577231394       -11.946807283903830
  24.255511819859098       -11.774683958678439


# Temperature: 678.000000
# Parameters: -12.078254 0.854465 3.550327 19.950213
  17.035421195840680       -11.845043108603099
  18.122470597054591       -12.000915945271792
  19.254807305049955       -12.069654946608660
  20.433355550577456       -12.069158626354413
  21.659039564387733       -12.007781147097878
  22.932783577231394       -11.947716091957664
  24.255511819859098       -11.775502612150825


# Temperature: 679.000000
# Parameters: -12.078997 0.854414 3.545812 19.951472
  17.035421195840680       -11.845645126169437
  18.122470597054591       -12.001577052612946
  19.254807305049955       -12.070367032652108
  20.433355550577456       -12.069907785367976
  21.659039564387733       -12.008565155947059
  22.932783577231394       -11.948625642092757
  24.255511819859098       -11.776321854313373


# Temperature: 680.000000
# Parameters: -12.079741 0.854363 3.541293 19.952731
  17.035421195840680       -11.846247849542111
  18.122470597054591       -12.002238877161126
  19.254807305049955       -12.071079844193992
  20.433355550577456       -12.070657675062106
  21.659039564387733       -12.009349897549663
  22.932783577231394       -11.949535931199829
  24.255511819859098       -11.777141683093227


# Temperature: 681.000000
# Parameters: -12.080486 0.854313 3.536772 19.953990
  17.035421195840680       -11.846851276648270
  18.122470597054591       -12.002901418916332
  19.254807305049955       -12.071793378125033
  20.433355550577456       -12.071408292327526
  21.659039564387733       -12.010135369832835
  22.932783577231394       -11.950446960315308
  24.255511819859098       -11.777962099526814


# Temperature: 682.000000
# Parameters: -12.081231 0.854264 3.532242 19.955250
  17.035421195840680       -11.847455407487912
  18.122470597054591       -12.003564674769285
  19.254807305049955       -12.072507636518086
  20.433355550577456       -12.072159637164235
  21.659039564387733       -12.010921573833000
  22.932783577231394       -11.951358727366337
  24.255511819859098       -11.778783101541283


# Temperature: 683.000000
# Parameters: -12.081978 0.854215 3.527711 19.956510
  17.035421195840680       -11.848060241024612
  18.122470597054591       -12.004228645756411
  19.254807305049955       -12.073222616263870
  20.433355550577456       -12.072911708535807
  21.659039564387733       -12.011708507477309
  22.932783577231394       -11.952271231316494
  24.255511819859098       -11.779604689136633


# Temperature: 684.000000
# Parameters: -12.082725 0.854167 3.523160 19.957772
  17.035421195840680       -11.848665777258368
  18.122470597054591       -12.004893329804858
  19.254807305049955       -12.073938317362384
  20.433355550577456       -12.073664505405818
  21.659039564387733       -12.012496169729332
  22.932783577231394       -11.953184471129351
  24.255511819859098       -11.780426861276437


# Temperature: 685.000000
# Parameters: -12.083473 0.854120 3.518612 19.959033
  17.035421195840680       -11.849272013079903
  18.122470597054591       -12.005558726914625
  19.254807305049955       -12.074654738777204
  20.433355550577456       -12.074418026737836
  21.659039564387733       -12.013284559552645
  22.932783577231394       -11.954098445768482
  24.255511819859098       -11.781249616924269


# Temperature: 686.000000
# Parameters: -12.084222 0.854073 3.514072 19.960293
  17.035421195840680       -11.849878950562067
  18.122470597054591       -12.006224836049288
  19.254807305049955       -12.075371879471902
  20.433355550577456       -12.075172271495440
  21.659039564387733       -12.014073676947246
  22.932783577231394       -11.955013155233885
  24.255511819859098       -11.782072955043704


# Temperature: 687.000000
# Parameters: -12.084972 0.854027 3.509512 19.961555
  17.035421195840680       -11.850486586595585
  18.122470597054591       -12.006891656172417
  19.254807305049955       -12.076089737373627
  20.433355550577456       -12.075927238642201
  21.659039564387733       -12.014863519840286
  22.932783577231394       -11.955928596416284
  24.255511819859098       -11.782896874598315


# Temperature: 688.000000
# Parameters: -12.085722 0.853982 3.504952 19.962817
  17.035421195840680       -11.851094921180454
  18.122470597054591       -12.007559185211163
  19.254807305049955       -12.076808313518804
  20.433355550577456       -12.076682927141693
  21.659039564387733       -12.015654087195337
  22.932783577231394       -11.956844770352104
  24.255511819859098       -11.783721376624527


# Temperature: 689.000000
# Parameters: -12.086473 0.853937 3.500365 19.964081
  17.035421195840680       -11.851703953280250
  18.122470597054591       -12.008227423165524
  19.254807305049955       -12.077527605834581
  20.433355550577456       -12.077439336993917
  21.659039564387733       -12.016445379012396
  22.932783577231394       -11.957761676004919
  24.255511819859098       -11.784546458013063


# Temperature: 690.000000
# Parameters: -12.087225 0.853894 3.495793 19.965344
  17.035421195840680       -11.852313681858544
  18.122470597054591       -12.008896370035499
  19.254807305049955       -12.078247613284530
  20.433355550577456       -12.078196466126020
  21.659039564387733       -12.017237393218613
  22.932783577231394       -11.958679311301875
  24.255511819859098       -11.785372119800348


# Temperature: 691.000000
# Parameters: -12.087978 0.853851 3.491226 19.966606
  17.035421195840680       -11.852924105878911
  18.122470597054591       -12.009566023748237
  19.254807305049955       -12.078968335868653
  20.433355550577456       -12.078954313501574
  21.659039564387733       -12.018030129813988
  22.932783577231394       -11.959597675206547
  24.255511819859098       -11.786198359913529


# Temperature: 692.000000
# Parameters: -12.088732 0.853808 3.486633 19.967870
  17.035421195840680       -11.853535225341350
  18.122470597054591       -12.010236383267312
  19.254807305049955       -12.079689771514097
  20.433355550577456       -12.079712879120581
  21.659039564387733       -12.018823586725668
  22.932783577231394       -11.960516766682510
  24.255511819859098       -11.787025177316181


# Temperature: 693.000000
# Parameters: -12.089486 0.853766 3.482036 19.969134
  17.035421195840680       -11.854147039209437
  18.122470597054591       -12.010907448592722
  19.254807305049955       -12.080411920220861
  20.433355550577456       -12.080472161946615
  21.659039564387733       -12.019617763953654
  22.932783577231394       -11.961436585729761
  24.255511819859098       -11.787852573044729


# Temperature: 694.000000
# Parameters: -12.090242 0.853725 3.477438 19.970399
  17.035421195840680       -11.854759545410316
  18.122470597054591       -12.011579217651617
  19.254807305049955       -12.081134779916095
  20.433355550577456       -12.081232159906822
  21.659039564387733       -12.020412660461519
  22.932783577231394       -11.962357130275448
  24.255511819859098       -11.788680543989896


# Temperature: 695.000000
# Parameters: -12.090998 0.853685 3.472828 19.971664
  17.035421195840680       -11.855372744980416
  18.122470597054591       -12.012251690443994
  19.254807305049955       -12.081858350599795
  20.433355550577456       -12.081992873001202
  21.659039564387733       -12.021208275212834
  22.932783577231394       -11.963278400319572
  24.255511819859098       -11.789509091188107


# Temperature: 696.000000
# Parameters: -12.091754 0.853645 3.468228 19.972928
  17.035421195840680       -11.855986635846884
  18.122470597054591       -12.012924865933430
  19.254807305049955       -12.082582631235537
  20.433355550577456       -12.082754300193328
  21.659039564387733       -12.022004607171176
  22.932783577231394       -11.964200394825708
  24.255511819859098       -11.790338213602935


# Temperature: 697.000000
# Parameters: -12.092512 0.853606 3.463600 19.974195
  17.035421195840680       -11.856601216973294
  18.122470597054591       -12.013598744119921
  19.254807305049955       -12.083307620786893
  20.433355550577456       -12.083516440446775
  21.659039564387733       -12.022801654263692
  22.932783577231394       -11.965123111721001
  24.255511819859098       -11.791167909161526


# Temperature: 698.000000
# Parameters: -12.093270 0.853568 3.458986 19.975460
  17.035421195840680       -11.857216488359644
  18.122470597054591       -12.014273321894192
  19.254807305049955       -12.084033318217440
  20.433355550577456       -12.084279291688691
  21.659039564387733       -12.023599417526807
  22.932783577231394       -11.966046551005450
  24.255511819859098       -11.791998178900311


# Temperature: 699.000000
# Parameters: -12.094030 0.853531 3.454352 19.976727
  17.035421195840680       -11.857832447933083
  18.122470597054591       -12.014948600292668
  19.254807305049955       -12.084759723527174
  20.433355550577456       -12.085042854955502
  21.659039564387733       -12.024397894887670
  22.932783577231394       -11.966970710606205
  24.255511819859098       -11.792829019710007


# Temperature: 700.000000
# Parameters: -12.094790 0.853494 3.449720 19.977994
  17.035421195840680       -11.858449096730038
  18.122470597054591       -12.015624577242495
  19.254807305049955       -12.085486833606820
  20.433355550577456       -12.085807129210778
  21.659039564387733       -12.025197085309852
  22.932783577231394       -11.967895591559692
  24.255511819859098       -11.793660433663469


# Temperature: 701.000000
# Parameters: -12.095550 0.853458 3.445082 19.979261
  17.035421195840680       -11.859066431641226
  18.122470597054591       -12.016301252743673
  19.254807305049955       -12.086214649492801
  20.433355550577456       -12.086572111345244
  21.659039564387733       -12.025996987756930
  22.932783577231394       -11.968821190756630
  24.255511819859098       -11.794492417651416


# Temperature: 702.000000
# Parameters: -12.096312 0.853422 3.440447 19.980527
  17.035421195840680       -11.859684453703078
  18.122470597054591       -12.016978624723352
  19.254807305049955       -12.086943170148693
  20.433355550577456       -12.087337802395327
  21.659039564387733       -12.026797602228900
  22.932783577231394       -11.969747508197022
  24.255511819859098       -11.795324972710276


# Temperature: 703.000000
# Parameters: -12.097074 0.853388 3.435795 19.981795
  17.035421195840680       -11.860303161879166
  18.122470597054591       -12.017656694217957
  19.254807305049955       -12.087672393501641
  20.433355550577456       -12.088104200288171
  21.659039564387733       -12.027598927689340
  22.932783577231394       -11.970674542844439
  24.255511819859098       -11.796158095730769


# Temperature: 704.000000
# Parameters: -12.097837 0.853354 3.431143 19.983063
  17.035421195840680       -11.860922554096637
  18.122470597054591       -12.018335458118207
  19.254807305049955       -12.088402319551646
  20.433355550577456       -12.088871306060204
  21.659039564387733       -12.028400962065394
  22.932783577231394       -11.971602293662455
  24.255511819859098       -11.796991788785748


# Temperature: 705.000000
# Parameters: -12.098601 0.853320 3.426469 19.984332
  17.035421195840680       -11.861542630355491
  18.122470597054591       -12.019014917460529
  19.254807305049955       -12.089132947262284
  20.433355550577456       -12.089639115565721
  21.659039564387733       -12.029203704320638
  22.932783577231394       -11.972530760651072
  24.255511819859098       -11.797826048765934


# Temperature: 706.000000
# Parameters: -12.099366 0.853288 3.421814 19.985600
  17.035421195840680       -11.862163389619301
  18.122470597054591       -12.019695070172073
  19.254807305049955       -12.089864275597124
  20.433355550577456       -12.090407630877575
  21.659039564387733       -12.030007155491496
  22.932783577231394       -11.973459940701009
  24.255511819859098       -11.798660875671327


# Temperature: 707.000000
# Parameters: -12.100132 0.853256 3.417136 19.986870
  17.035421195840680       -11.862784830851643
  18.122470597054591       -12.020375916252837
  19.254807305049955       -12.090596303519744
  20.433355550577456       -12.091176849922912
  21.659039564387733       -12.030811312468693
  22.932783577231394       -11.974389834848694
  24.255511819859098       -11.799496269501928


# Temperature: 708.000000
# Parameters: -12.100898 0.853225 3.412461 19.988139
  17.035421195840680       -11.863406954052515
  18.122470597054591       -12.021057453629968
  19.254807305049955       -12.091329031030142
  20.433355550577456       -12.091946771665306
  21.659039564387733       -12.031616175252223
  22.932783577231394       -11.975320441021271
  24.255511819859098       -11.800332228184882


# Temperature: 709.000000
# Parameters: -12.101665 0.853194 3.407774 19.989409
  17.035421195840680       -11.864029758185490
  18.122470597054591       -12.021739682303467
  19.254807305049955       -12.092062456055464
  20.433355550577456       -12.092717395068330
  21.659039564387733       -12.032421743842091
  22.932783577231394       -11.976251758182318
  24.255511819859098       -11.801168752756617


# Temperature: 710.000000
# Parameters: -12.102433 0.853165 3.403086 19.990679
  17.035421195840680       -11.864653241177717
  18.122470597054591       -12.022422601236906
  19.254807305049955       -12.092796577559287
  20.433355550577456       -12.093488719095561
  21.659039564387733       -12.033228016165442
  22.932783577231394       -11.977183786331832
  24.255511819859098       -11.802005840107853


# Temperature: 711.000000
# Parameters: -12.103201 0.853136 3.398396 19.991949
  17.035421195840680       -11.865277404065623
  18.122470597054591       -12.023106210430289
  19.254807305049955       -12.093531395541609
  20.433355550577456       -12.094260743746993
  21.659039564387733       -12.034034991185850
  22.932783577231394       -11.978116524433387
  24.255511819859098       -11.802843491275016


# Temperature: 712.000000
# Parameters: -12.103971 0.853107 3.393692 19.993220
  17.035421195840680       -11.865902243739926
  18.122470597054591       -12.023790506774331
  19.254807305049955       -12.094266908966004
  20.433355550577456       -12.095033466949779
  21.659039564387733       -12.034842667866890
  22.932783577231394       -11.979049970414133
  24.255511819859098       -11.803681705221683


# Temperature: 713.000000
# Parameters: -12.104741 0.853080 3.388992 19.994491
  17.035421195840680       -11.866527762273481
  18.122470597054591       -12.024475492341889
  19.254807305049955       -12.095003116796045
  20.433355550577456       -12.095806888703917
  21.659039564387733       -12.035651046208560
  22.932783577231394       -11.979984124274067
  24.255511819859098       -11.804520480911425


# Temperature: 714.000000
# Parameters: -12.105512 0.853053 3.384277 19.995763
  17.035421195840680       -11.867153956557010
  18.122470597054591       -12.025161162987256
  19.254807305049955       -12.095740017995306
  20.433355550577456       -12.096581007972981
  21.659039564387733       -12.036460125174434
  22.932783577231394       -11.980918984976762
  24.255511819859098       -11.805359817307814


# Temperature: 715.000000
# Parameters: -12.106284 0.853027 3.379553 19.997035
  17.035421195840680       -11.867780826590510
  18.122470597054591       -12.025847520783287
  19.254807305049955       -12.096477612563787
  20.433355550577456       -12.097355823720545
  21.659039564387733       -12.037269902691662
  22.932783577231394       -11.981854550449368
  24.255511819859098       -11.806199713374427


# Temperature: 716.000000
# Parameters: -12.107056 0.853001 3.374837 19.998307
  17.035421195840680       -11.868408371337557
  18.122470597054591       -12.026534563657126
  19.254807305049955       -12.097215898428637
  20.433355550577456       -12.098131334910180
  21.659039564387733       -12.038080379796666
  22.932783577231394       -11.982790821728312
  24.255511819859098       -11.807040169111263


# Temperature: 717.000000
# Parameters: -12.107829 0.852977 3.370123 19.999578
  17.035421195840680       -11.869036589761723
  18.122470597054591       -12.027222290572348
  19.254807305049955       -12.097954874553427
  20.433355550577456       -12.098907540505461
  21.659039564387733       -12.038891553380171
  22.932783577231394       -11.983727796740737
  24.255511819859098       -11.807881184518321


# Temperature: 718.000000
# Parameters: -12.108603 0.852953 3.365382 20.000851
  17.035421195840680       -11.869665481863009
  18.122470597054591       -12.027910700492528
  19.254807305049955       -12.098694540938158
  20.433355550577456       -12.099684439469964
  21.659039564387733       -12.039703424478601
  22.932783577231394       -11.984665474450221
  24.255511819859098       -11.808722757522748


# Temperature: 719.000000
# Parameters: -12.109378 0.852929 3.360657 20.002123
  17.035421195840680       -11.870295046604989
  18.122470597054591       -12.028599793417664
  19.254807305049955       -12.099434896546404
  20.433355550577456       -12.100462031803687
  21.659039564387733       -12.040515991019102
  22.932783577231394       -11.985603854856761
  24.255511819859098       -11.809564887088118


# Temperature: 720.000000
# Parameters: -12.110154 0.852907 3.355911 20.003397
  17.035421195840680       -11.870925281914808
  18.122470597054591       -12.029289567274905
  19.254807305049955       -12.100175940341739
  20.433355550577456       -12.101240316470204
  21.659039564387733       -12.041329251965252
  22.932783577231394       -11.986542935887506
  24.255511819859098       -11.810407574250860


# Temperature: 721.000000
# Parameters: -12.110930 0.852885 3.351163 20.004671
  17.035421195840680       -11.871556188828896
  18.122470597054591       -12.029980023100675
  19.254807305049955       -12.100917671287736
  20.433355550577456       -12.102019291396660
  21.659039564387733       -12.042143207317048
  22.932783577231394       -11.987482716506030
  24.255511819859098       -11.811250816938118


# Temperature: 722.000000
# Parameters: -12.111707 0.852864 3.346406 20.005945
  17.035421195840680       -11.872187766310823
  18.122470597054591       -12.030671157785697
  19.254807305049955       -12.101660089384396
  20.433355550577456       -12.102798957619486
  21.659039564387733       -12.042957855001637
  22.932783577231394       -11.988423197748757
  24.255511819859098       -11.812094614113468


# Temperature: 723.000000
# Parameters: -12.112485 0.852844 3.341657 20.007218
  17.035421195840680       -11.872820012287740
  18.122470597054591       -12.031362972366399
  19.254807305049955       -12.102403192558864
  20.433355550577456       -12.103579312029400
  21.659039564387733       -12.043773196055447
  22.932783577231394       -11.989364375469984
  24.255511819859098       -11.812938966813334


# Temperature: 724.000000
# Parameters: -12.113264 0.852824 3.336883 20.008494
  17.035421195840680       -11.873452925723218
  18.122470597054591       -12.032055464769924
  19.254807305049955       -12.103146979774715
  20.433355550577456       -12.104360355662827
  21.659039564387733       -12.044589227369197
  22.932783577231394       -11.990306251742563
  24.255511819859098       -11.813783871928440


# Temperature: 725.000000
# Parameters: -12.114043 0.852805 3.332138 20.009767
  17.035421195840680       -11.874086507653685
  18.122470597054591       -12.032748634996274
  19.254807305049955       -12.103891452068376
  20.433355550577456       -12.105142086446918
  21.659039564387733       -12.045405948942891
  22.932783577231394       -11.991248824493642
  24.255511819859098       -11.814629330495210


# Temperature: 726.000000
# Parameters: -12.114824 0.852787 3.327363 20.011042
  17.035421195840680       -11.874720757042711
  18.122470597054591       -12.033442482009022
  19.254807305049955       -12.104636607366995
  20.433355550577456       -12.105924503345245
  21.659039564387733       -12.046223360776525
  22.932783577231394       -11.992192092686793
  24.255511819859098       -11.815475340440791


# Temperature: 727.000000
# Parameters: -12.115605 0.852769 3.322577 20.012318
  17.035421195840680       -11.875355671817449
  18.122470597054591       -12.034137003735317
  19.254807305049955       -12.105382443597717
  20.433355550577456       -12.106707607394233
  21.659039564387733       -12.047041460797246
  22.932783577231394       -11.993136055285591
  24.255511819859098       -11.816321902801610


# Temperature: 728.000000
# Parameters: -12.116386 0.852753 3.317794 20.013593
  17.035421195840680       -11.875991250941468
  18.122470597054591       -12.034832201211586
  19.254807305049955       -12.106128961796969
  20.433355550577456       -12.107491395484605
  21.659039564387733       -12.047860247968631
  22.932783577231394       -11.994080712290035
  24.255511819859098       -11.817169015504815


# Temperature: 729.000000
# Parameters: -12.117169 0.852737 3.313020 20.014868
  17.035421195840680       -11.876627495451197
  18.122470597054591       -12.035528073401400
  19.254807305049955       -12.106876160928326
  20.433355550577456       -12.108275867616360
  21.659039564387733       -12.048679723327103
  22.932783577231394       -11.995026061627273
  24.255511819859098       -11.818016678550405


# Temperature: 730.000000
# Parameters: -12.117952 0.852721 3.308227 20.016144
  17.035421195840680       -11.877264403273783
  18.122470597054591       -12.036224618231907
  19.254807305049955       -12.107624038918935
  20.433355550577456       -12.109061022753073
  21.659039564387733       -12.049499883763385
  22.932783577231394       -11.995972103297305
  24.255511819859098       -11.818864889865530


# Temperature: 731.000000
# Parameters: -12.118736 0.852707 3.303422 20.017421
  17.035421195840680       -11.877901974409223
  18.122470597054591       -12.036921835703108
  19.254807305049955       -12.108372595768795
  20.433355550577456       -12.109846859858315
  21.659039564387733       -12.050320729277477
  22.932783577231394       -11.996918835227278
  24.255511819859098       -11.819713650486612


# Temperature: 732.000000
# Parameters: -12.119521 0.852693 3.298626 20.018697
  17.035421195840680       -11.878540206784669
  18.122470597054591       -12.037619724778574
  19.254807305049955       -12.109121831477907
  20.433355550577456       -12.110633379968514
  21.659039564387733       -12.051142258832950
  22.932783577231394       -11.997866257417193
  24.255511819859098       -11.820562958340801


# Temperature: 733.000000
# Parameters: -12.120307 0.852680 3.293815 20.019975
  17.035421195840680       -11.879179100400117
  18.122470597054591       -12.038318284421884
  19.254807305049955       -12.109871742936990
  20.433355550577456       -12.111420578937965
  21.659039564387733       -12.051964471393383
  22.932783577231394       -11.998814369867048
  24.255511819859098       -11.821412814464523


# Temperature: 734.000000
# Parameters: -12.121093 0.852668 3.289008 20.021251
  17.035421195840680       -11.879818655255571
  18.122470597054591       -12.039017513596606
  19.254807305049955       -12.110622331182473
  20.433355550577456       -12.112208458839518
  21.659039564387733       -12.052787366958771
  22.932783577231394       -11.999763169467567
  24.255511819859098       -11.822263215748499


# Temperature: 735.000000
# Parameters: -12.121880 0.852656 3.284189 20.022529
  17.035421195840680       -11.880458869278174
  18.122470597054591       -12.039717413339170
  19.254807305049955       -12.111373594141501
  20.433355550577456       -12.112997016563899
  21.659039564387733       -12.053610944492689
  22.932783577231394       -12.000712657255173
  24.255511819859098       -11.823114163229155


# Temperature: 736.000000
# Parameters: -12.122668 0.852645 3.279386 20.023805
  17.035421195840680       -11.881099741431504
  18.122470597054591       -12.040417980540296
  19.254807305049955       -12.112125532850502
  20.433355550577456       -12.113786253147531
  21.659039564387733       -12.054435201922287
  22.932783577231394       -12.001662831157015
  24.255511819859098       -11.823965655870065


# Temperature: 737.000000
# Parameters: -12.123456 0.852635 3.274541 20.025084
  17.035421195840680       -11.881741272751983
  18.122470597054591       -12.041119215199984
  19.254807305049955       -12.112878144200197
  20.433355550577456       -12.114576166517560
  21.659039564387733       -12.055260139247562
  22.932783577231394       -12.002613691173094
  24.255511819859098       -11.824817692634802


# Temperature: 738.000000
# Parameters: -12.124246 0.852626 3.269721 20.026362
  17.035421195840680       -11.882383461166761
  18.122470597054591       -12.041821116281806
  19.254807305049955       -12.113631428190585
  20.433355550577456       -12.115366756673989
  21.659039564387733       -12.056085755432086
  22.932783577231394       -12.003565235230555
  24.255511819859098       -11.825670272486942


# Temperature: 739.000000
# Parameters: -12.125036 0.852617 3.264888 20.027640
  17.035421195840680       -11.883026305639410
  18.122470597054591       -12.042523683785765
  19.254807305049955       -12.114385384821666
  20.433355550577456       -12.116158021543965
  21.659039564387733       -12.056912050475864
  22.932783577231394       -12.004517464365826
  24.255511819859098       -11.826523395426483


# Temperature: 740.000000
# Parameters: -12.125827 0.852609 3.260051 20.028918
  17.035421195840680       -11.883669806169932
  18.122470597054591       -12.043226916675431
  19.254807305049955       -12.115140012020589
  20.433355550577456       -12.116949961127485
  21.659039564387733       -12.057739022306041
  22.932783577231394       -12.005470375469626
  24.255511819859098       -11.827377061453422


# Temperature: 741.000000
# Parameters: -12.126618 0.852602 3.255198 20.030198
  17.035421195840680       -11.884313961721899
  18.122470597054591       -12.043930813914381
  19.254807305049955       -12.115895309787353
  20.433355550577456       -12.117742574388126
  21.659039564387733       -12.058566670922616
  22.932783577231394       -12.006423968541958
  24.255511819859098       -11.828231267458486


# Temperature: 742.000000
# Parameters: -12.127411 0.852595 3.250352 20.031477
  17.035421195840680       -11.884958771258887
  18.122470597054591       -12.044635374466187
  19.254807305049955       -12.116651277085531
  20.433355550577456       -12.118535861325888
  21.659039564387733       -12.059394994252736
  22.932783577231394       -12.007378243582821
  24.255511819859098       -11.829086015514525


# Temperature: 743.000000
# Parameters: -12.128204 0.852590 3.245501 20.032756
  17.035421195840680       -11.885604234780892
  18.122470597054591       -12.045340597294425
  19.254807305049955       -12.117407913915121
  20.433355550577456       -12.119329819867916
  21.659039564387733       -12.060223993332830
  22.932783577231394       -12.008333199555786
  24.255511819859098       -11.829941302512259


# Temperature: 744.000000
# Parameters: -12.128998 0.852585 3.240637 20.034036
  17.035421195840680       -11.886250351251492
  18.122470597054591       -12.046046482399092
  19.254807305049955       -12.118165217166849
  20.433355550577456       -12.120124450014211
  21.659039564387733       -12.061053665053617
  22.932783577231394       -12.009288834388004
  24.255511819859098       -11.830797129488115


# Temperature: 745.000000
# Parameters: -12.129792 0.852581 3.235781 20.035315
  17.035421195840680       -11.886897118597831
  18.122470597054591       -12.046753027707334
  19.254807305049955       -12.118923187877138
  20.433355550577456       -12.120919749691920
  21.659039564387733       -12.061884010451525
  22.932783577231394       -12.010245147043047
  24.255511819859098       -11.831653495405666


# Temperature: 746.000000
# Parameters: -12.130588 0.852577 3.230911 20.036595
  17.035421195840680       -11.887544537856339
  18.122470597054591       -12.047460234255583
  19.254807305049955       -12.119681825009563
  20.433355550577456       -12.121715718901044
  21.659039564387733       -12.062715028490125
  22.932783577231394       -12.011202138557341
  24.255511819859098       -11.832510399228488


# Temperature: 747.000000
# Parameters: -12.131384 0.852574 3.226046 20.037875
  17.035421195840680       -11.888192606954158
  18.122470597054591       -12.048168099970981
  19.254807305049955       -12.120441127527696
  20.433355550577456       -12.122512357641583
  21.659039564387733       -12.063546717096566
  22.932783577231394       -12.012159806858035
  24.255511819859098       -11.833367839920152


# Temperature: 748.000000
# Parameters: -12.132181 0.852572 3.221161 20.039156
  17.035421195840680       -11.888841325891294
  18.122470597054591       -12.048876624853531
  19.254807305049955       -12.121201094395113
  20.433355550577456       -12.123309663840683
  21.659039564387733       -12.064379076270848
  22.932783577231394       -12.013118150908699
  24.255511819859098       -11.834225817480659


# Temperature: 749.000000
# Parameters: -12.132978 0.852571 3.216286 20.040436
  17.035421195840680       -11.889490693631314
  18.122470597054591       -12.049585806830379
  19.254807305049955       -12.121961724575385
  20.433355550577456       -12.124107637498344
  21.659039564387733       -12.065212104976544
  22.932783577231394       -12.014077170709339
  24.255511819859098       -11.835084330873585


# Temperature: 750.000000
# Parameters: -12.133777 0.852571 3.211418 20.041716
  17.035421195840680       -11.890140710174226
  18.122470597054591       -12.050295645901524
  19.254807305049955       -12.122723018068514
  20.433355550577456       -12.124906276541715
  21.659039564387733       -12.066045803213655
  22.932783577231394       -12.015036864187095
  24.255511819859098       -11.835943379062499


# Temperature: 751.000000
# Parameters: -12.134576 0.852571 3.206515 20.042998
  17.035421195840680       -11.890791373447170
  18.122470597054591       -12.051006142066971
  19.254807305049955       -12.123484973838075
  20.433355550577456       -12.125705582007221
  21.659039564387733       -12.066880168909327
  22.932783577231394       -12.015997231341974
  24.255511819859098       -11.836802962047404


# Temperature: 752.000000
# Parameters: -12.135376 0.852572 3.201633 20.044278
  17.035421195840680       -11.891442683450149
  18.122470597054591       -12.051717293253860
  19.254807305049955       -12.124247590847636
  20.433355550577456       -12.126505551822010
  21.659039564387733       -12.067715202063562
  22.932783577231394       -12.016958271137545
  24.255511819859098       -11.837663079828301


# Temperature: 753.000000
# Parameters: -12.136176 0.852574 3.196724 20.045560
  17.035421195840680       -11.892094639146737
  18.122470597054591       -12.052429099462197
  19.254807305049955       -12.125010868060777
  20.433355550577456       -12.127306184949656
  21.659039564387733       -12.068550900603505
  22.932783577231394       -12.017919982537382
  24.255511819859098       -11.838523729295908


# Temperature: 754.000000
# Parameters: -12.136978 0.852576 3.191841 20.046840
  17.035421195840680       -11.892747239500508
  18.122470597054591       -12.053141558619126
  19.254807305049955       -12.125774805477494
  20.433355550577456       -12.128107481390158
  21.659039564387733       -12.069387265565583
  22.932783577231394       -12.018882364505062
  24.255511819859098       -11.839384912523080


# Temperature: 755.000000
# Parameters: -12.137780 0.852580 3.186928 20.048123
  17.035421195840680       -11.893400484511462
  18.122470597054591       -12.053854671761075
  19.254807305049955       -12.126539401024937
  20.433355550577456       -12.128909439070663
  21.659039564387733       -12.070224293840518
  22.932783577231394       -12.019845417040582
  24.255511819859098       -11.840246627436962


# Temperature: 756.000000
# Parameters: -12.138583 0.852583 3.182004 20.049406
  17.035421195840680       -11.894054373143170
  18.122470597054591       -12.054568436815190
  19.254807305049955       -12.127304654703105
  20.433355550577456       -12.129712059027598
  21.659039564387733       -12.071061987501162
  22.932783577231394       -12.020809139107516
  24.255511819859098       -11.841108873001131


# Temperature: 757.000000
# Parameters: -12.139386 0.852588 3.177107 20.050687
  17.035421195840680       -11.894708905395635
  18.122470597054591       -12.055282853781472
  19.254807305049955       -12.128070566511996
  20.433355550577456       -12.130515339188111
  21.659039564387733       -12.071900343438237
  22.932783577231394       -12.021773528633011
  24.255511819859098       -11.841971649215584


# Temperature: 758.000000
# Parameters: -12.140191 0.852594 3.172193 20.051969
  17.035421195840680       -11.895364078159577
  18.122470597054591       -12.055997921623494
  19.254807305049955       -12.128837133342333
  20.433355550577456       -12.131319279552201
  21.659039564387733       -12.072739360615316
  22.932783577231394       -12.022738586653496
  24.255511819859098       -11.842834955043896


# Temperature: 759.000000
# Parameters: -12.140996 0.852600 3.167266 20.053251
  17.035421195840680       -11.896019893507848
  18.122470597054591       -12.056713639304830
  19.254807305049955       -12.129604357266970
  20.433355550577456       -12.132123878047016
  21.659039564387733       -12.073579040068823
  22.932783577231394       -12.023704311096115
  24.255511819859098       -11.843698790486066


# Temperature: 760.000000
# Parameters: -12.141802 0.852607 3.162347 20.054533
  17.035421195840680       -11.896676349367597
  18.122470597054591       -12.057430006825481
  19.254807305049955       -12.130372235176624
  20.433355550577456       -12.132929134672557
  21.659039564387733       -12.074419380762334
  22.932783577231394       -12.024670700924444
  24.255511819859098       -11.844563154505670


# Temperature: 761.000000
# Parameters: -12.142608 0.852615 3.157414 20.055817
  17.035421195840680       -11.897333444702397
  18.122470597054591       -12.058147022112593
  19.254807305049955       -12.131140767071299
  20.433355550577456       -12.133735048392396
  21.659039564387733       -12.075260379586572
  22.932783577231394       -12.025637756138481
  24.255511819859098       -11.845428045029852


# Temperature: 762.000000
# Parameters: -12.143415 0.852623 3.152459 20.057101
  17.035421195840680       -11.897991179512246
  18.122470597054591       -12.058864685166165
  19.254807305049955       -12.131909952950993
  20.433355550577456       -12.134541619206532
  21.659039564387733       -12.076102038614385
  22.932783577231394       -12.026605475701801
  24.255511819859098       -11.846293464131469


# Temperature: 763.000000
# Parameters: -12.144223 0.852633 3.147530 20.058384
  17.035421195840680       -11.898649552760720
  18.122470597054591       -12.059582995986199
  19.254807305049955       -12.132679790742854
  20.433355550577456       -12.135348845042113
  21.659039564387733       -12.076944354736497
  22.932783577231394       -12.027573857541551
  24.255511819859098       -11.847159409737664


# Temperature: 764.000000
# Parameters: -12.145032 0.852643 3.142601 20.059666
  17.035421195840680       -11.899308563411392
  18.122470597054591       -12.060301952499843
  19.254807305049955       -12.133450280446882
  20.433355550577456       -12.136156725899141
  21.659039564387733       -12.077787328989334
  22.932783577231394       -12.028542902694159
  24.255511819859098       -11.848025879775586


# Temperature: 765.000000
# Parameters: -12.145842 0.852653 3.137640 20.060950
  17.035421195840680       -11.899968210427836
  18.122470597054591       -12.061021553670669
  19.254807305049955       -12.134221421026648
  20.433355550577456       -12.136965260741189
  21.659039564387733       -12.078630959300042
  22.932783577231394       -12.029512610123195
  24.255511819859098       -11.848892876318088


# Temperature: 766.000000
# Parameters: -12.146652 0.852665 3.132694 20.062234
  17.035421195840680       -11.900628494846478
  18.122470597054591       -12.061741800535103
  19.254807305049955       -12.134993211445730
  20.433355550577456       -12.137774449568257
  21.659039564387733       -12.079475244632198
  22.932783577231394       -12.030482977755810
  24.255511819859098       -11.849760397292316


# Temperature: 767.000000
# Parameters: -12.147463 0.852677 3.127726 20.063519
  17.035421195840680       -11.901289413558038
  18.122470597054591       -12.062462691020292
  19.254807305049955       -12.135765651704126
  20.433355550577456       -12.138584290307490
  21.659039564387733       -12.080320184985798
  22.932783577231394       -12.031454005592002
  24.255511819859098       -11.850628441661847


# Temperature: 768.000000
# Parameters: -12.148275 0.852690 3.122777 20.064802
  17.035421195840680       -11.901950967598944
  18.122470597054591       -12.063184224089811
  19.254807305049955       -12.136538739728984
  20.433355550577456       -12.139394782958890
  21.659039564387733       -12.081165780360845
  22.932783577231394       -12.032425692595345
  24.255511819859098       -11.851497009426678


# Temperature: 769.000000
# Parameters: -12.149087 0.852704 3.117806 20.066087
  17.035421195840680       -11.902613154896342
  18.122470597054591       -12.063906399743660
  19.254807305049955       -12.137312476556728
  20.433355550577456       -12.140205925449603
  21.659039564387733       -12.082012028684483
  22.932783577231394       -12.033398037729411
  24.255511819859098       -11.852366099550382


# Temperature: 770.000000
# Parameters: -12.149900 0.852719 3.112855 20.067370
  17.035421195840680       -11.903275976486659
  18.122470597054591       -12.064629217981839
  19.254807305049955       -12.138086860114507
  20.433355550577456       -12.141017718816057
  21.659039564387733       -12.082858928920290
  22.932783577231394       -12.034371039957778
  24.255511819859098       -11.853235712032962


# Temperature: 771.000000
# Parameters: -12.150714 0.852734 3.107874 20.068655
  17.035421195840680       -11.903939430297044
  18.122470597054591       -12.065352675695069
  19.254807305049955       -12.138861889365897
  20.433355550577456       -12.141830160985400
  21.659039564387733       -12.083706481068262
  22.932783577231394       -12.035344699280442
  24.255511819859098       -11.854105844801563


# Temperature: 772.000000
# Parameters: -12.151529 0.852750 3.102903 20.069940
  17.035421195840680       -11.904603515291067
  18.122470597054591       -12.066076773919775
  19.254807305049955       -12.139637564310894
  20.433355550577456       -12.142643252994056
  21.659039564387733       -12.084554684091975
  22.932783577231394       -12.036319015697403
  24.255511819859098       -11.854976498892613


# Temperature: 773.000000
# Parameters: -12.152344 0.852767 3.097933 20.071224
  17.035421195840680       -11.905268232505156
  18.122470597054591       -12.066801511619532
  19.254807305049955       -12.140413883913073
  20.433355550577456       -12.143456991732746
  21.659039564387733       -12.085403536955001
  22.932783577231394       -12.037293986099385
  24.255511819859098       -11.855847673269684


# Temperature: 774.000000
# Parameters: -12.153160 0.852785 3.092952 20.072508
  17.035421195840680       -11.905933578830034
  18.122470597054591       -12.067526887757914
  19.254807305049955       -12.141190847136007
  20.433355550577456       -12.144271377201473
  21.659039564387733       -12.086253038620915
  22.932783577231394       -12.038269610486386
  24.255511819859098       -11.856719365859924


# Temperature: 775.000000
# Parameters: -12.153977 0.852803 3.087953 20.073795
  17.035421195840680       -11.906599556338550
  18.122470597054591       -12.068252902334919
  19.254807305049955       -12.141968453979699
  20.433355550577456       -12.145086408363808
  21.659039564387733       -12.087103189089717
  22.932783577231394       -12.039245888858407
  24.255511819859098       -11.857591577699759


# Temperature: 776.000000
# Parameters: -12.154795 0.852822 3.082982 20.075078
  17.035421195840680       -11.907266161921427
  18.122470597054591       -12.068979553277696
  19.254807305049955       -12.142746703407720
  20.433355550577456       -12.145902086256177
  21.659039564387733       -12.087953988361408
  22.932783577231394       -12.040222820179022
  24.255511819859098       -11.858464307752763


# Temperature: 777.000000
# Parameters: -12.155613 0.852842 3.077971 20.076365
  17.035421195840680       -11.907933395578667
  18.122470597054591       -12.069706840586246
  19.254807305049955       -12.143525593347217
  20.433355550577456       -12.146718407769303
  21.659039564387733       -12.088805433326707
  22.932783577231394       -12.041200403411802
  24.255511819859098       -11.859337554982512


# Temperature: 778.000000
# Parameters: -12.156432 0.852863 3.072992 20.077649
  17.035421195840680       -11.908601256273840
  18.122470597054591       -12.070434764260566
  19.254807305049955       -12.144305124834618
  20.433355550577456       -12.147535373939611
  21.659039564387733       -12.089657525022039
  22.932783577231394       -12.042178637520323
  24.255511819859098       -11.860211319389002


# Temperature: 779.000000
# Parameters: -12.157252 0.852884 3.067982 20.078935
  17.035421195840680       -11.909269745043375
  18.122470597054591       -12.071163322227806
  19.254807305049955       -12.145085296833496
  20.433355550577456       -12.148352981657823
  21.659039564387733       -12.090510261374556
  22.932783577231394       -12.043157522504583
  24.255511819859098       -11.861085599935807


# Temperature: 780.000000
# Parameters: -12.158072 0.852906 3.062981 20.080221
  17.035421195840680       -11.909938858777990
  18.122470597054591       -12.071892514487963
  19.254807305049955       -12.145866107270999
  20.433355550577456       -12.149171232996789
  21.659039564387733       -12.091363642384254
  22.932783577231394       -12.044137056291731
  24.255511819859098       -11.861960394550078


# Temperature: 781.000000
# Parameters: -12.158893 0.852929 3.057965 20.081507
  17.035421195840680       -11.910608598514115
  18.122470597054591       -12.072622340004614
  19.254807305049955       -12.146647557183552
  20.433355550577456       -12.149990125883660
  21.659039564387733       -12.092217668051134
  22.932783577231394       -12.045117238881767
  24.255511819859098       -11.862835705304665


# Temperature: 782.000000
# Parameters: -12.159715 0.852953 3.052959 20.082793
  17.035421195840680       -11.911278962178894
  18.122470597054591       -12.073352797741331
  19.254807305049955       -12.147429644498303
  20.433355550577456       -12.150809658245581
  21.659039564387733       -12.093072335265918
  22.932783577231394       -12.046098069238266
  24.255511819859098       -11.863711530126714


# Temperature: 783.000000
# Parameters: -12.160538 0.852978 3.047950 20.084078
  17.035421195840680       -11.911949950808756
  18.122470597054591       -12.074083887698114
  19.254807305049955       -12.148212368178825
  20.433355550577456       -12.151629832155406
  21.659039564387733       -12.093927646101458
  22.932783577231394       -12.047079546324797
  24.255511819859098       -11.864587867979802


# Temperature: 784.000000
# Parameters: -12.161361 0.853003 3.042919 20.085365
  17.035421195840680       -11.912621561294420
  18.122470597054591       -12.074815608838538
  19.254807305049955       -12.148995729261546
  20.433355550577456       -12.152450644503855
  21.659039564387733       -12.094783597448474
  22.932783577231394       -12.048061670141365
  24.255511819859098       -11.865464719900354


# Temperature: 785.000000
# Parameters: -12.162185 0.853029 3.037918 20.086650
  17.035421195840680       -11.913293795708741
  18.122470597054591       -12.075547960126174
  19.254807305049955       -12.149779724637186
  20.433355550577456       -12.153272095290928
  21.659039564387733       -12.095640190343394
  22.932783577231394       -12.049044439651542
  24.255511819859098       -11.866342082779090


# Temperature: 786.000000
# Parameters: -12.163010 0.853056 3.032884 20.087937
  17.035421195840680       -11.913966650942438
  18.122470597054591       -12.076280941561025
  19.254807305049955       -12.150564355342171
  20.433355550577456       -12.154094183480199
  21.659039564387733       -12.096497422713364
  22.932783577231394       -12.050027853818900
  24.255511819859098       -11.867219957652436


# Temperature: 787.000000
# Parameters: -12.163835 0.853083 3.027859 20.089223
  17.035421195840680       -11.914640128031937
  18.122470597054591       -12.077014552106663
  19.254807305049955       -12.151349620340074
  20.433355550577456       -12.154916909071668
  21.659039564387733       -12.097355293521959
  22.932783577231394       -12.051011911607015
  24.255511819859098       -11.868098344520394


# Temperature: 788.000000
# Parameters: -12.164662 0.853112 3.022835 20.090509
  17.035421195840680       -11.915314224904387
  18.122470597054591       -12.077748790726663
  19.254807305049955       -12.152135518594470
  20.433355550577456       -12.155740269992481
  21.659039564387733       -12.098213803805605
  22.932783577231394       -12.051996613015886
  24.255511819859098       -11.868977240273685


# Temperature: 789.000000
# Parameters: -12.165489 0.853141 3.017798 20.091796
  17.035421195840680       -11.915988942596213
  18.122470597054591       -12.078483656384595
  19.254807305049955       -12.152922049068932
  20.433355550577456       -12.156564267279068
  21.659039564387733       -12.099072950455023
  22.932783577231394       -12.052981957009086
  24.255511819859098       -11.869856646985159


# Temperature: 790.000000
# Parameters: -12.166316 0.853170 3.012729 20.093085
  17.035421195840680       -11.916664277998137
  18.122470597054591       -12.079219149080464
  19.254807305049955       -12.153709211763461
  20.433355550577456       -12.157388898858573
  21.659039564387733       -12.099932735543064
  22.932783577231394       -12.053967942550189
  24.255511819859098       -11.870736562581966


# Temperature: 791.000000
# Parameters: -12.167145 0.853201 3.007707 20.094370
  17.035421195840680       -11.917340233183012
  18.122470597054591       -12.079955267777839
  19.254807305049955       -12.154497005641630
  20.433355550577456       -12.158214164730996
  21.659039564387733       -12.100793155960449
  22.932783577231394       -12.054954568602769
  24.255511819859098       -11.871616987064105


# Temperature: 792.000000
# Parameters: -12.167974 0.853233 3.002662 20.095657
  17.035421195840680       -11.918016805041557
  18.122470597054591       -12.080692012476723
  19.254807305049955       -12.155285428630586
  20.433355550577456       -12.159040062823486
  21.659039564387733       -12.101654211707181
  22.932783577231394       -12.055941834130401
  24.255511819859098       -11.872497919395149


# Temperature: 793.000000
# Parameters: -12.168803 0.853265 2.997609 20.096944
  17.035421195840680       -11.918693993573774
  18.122470597054591       -12.081429381104263
  19.254807305049955       -12.156074482803183
  20.433355550577456       -12.159866594172469
  21.659039564387733       -12.102515901746832
  22.932783577231394       -12.056929740169508
  24.255511819859098       -11.873379358538674


# Temperature: 794.000000
# Parameters: -12.169634 0.853298 2.992566 20.098230
  17.035421195840680       -11.919371798779661
  18.122470597054591       -12.082167373660459
  19.254807305049955       -12.156864165050139
  20.433355550577456       -12.160693756705092
  21.659039564387733       -12.103378225042976
  22.932783577231394       -12.057918283610814
  24.255511819859098       -11.874261304494677


# Temperature: 795.000000
# Parameters: -12.170465 0.853332 2.987499 20.099518
  17.035421195840680       -11.920050219622793
  18.122470597054591       -12.082905990145310
  19.254807305049955       -12.157654475371457
  20.433355550577456       -12.161521550421353
  21.659039564387733       -12.104241182632039
  22.932783577231394       -12.058907465490744
  24.255511819859098       -11.875143757263160


# Temperature: 796.000000
# Parameters: -12.171297 0.853366 2.982459 20.100804
  17.035421195840680       -11.920729255066744
  18.122470597054591       -12.083645228485963
  19.254807305049955       -12.158445412730709
  20.433355550577456       -12.162349974284830
  21.659039564387733       -12.105104772441168
  22.932783577231394       -12.059897283736447
  24.255511819859098       -11.876026714771269


# Temperature: 797.000000
# Parameters: -12.172130 0.853402 2.977391 20.102092
  17.035421195840680       -11.921408905111514
  18.122470597054591       -12.084385088682419
  19.254807305049955       -12.159236977127897
  20.433355550577456       -12.163179027259092
  21.659039564387733       -12.105968993433937
  22.932783577231394       -12.060887738347921
  24.255511819859098       -11.876910178055430


# Temperature: 798.000000
# Parameters: -12.172963 0.853438 2.972336 20.103379
  17.035421195840680       -11.922089168720674
  18.122470597054591       -12.085125569698253
  19.254807305049955       -12.160029167526591
  20.433355550577456       -12.164008709344143
  21.659039564387733       -12.106833844573918
  22.932783577231394       -12.061878828288739
  24.255511819859098       -11.877794145042794


# Temperature: 799.000000
# Parameters: -12.173797 0.853475 2.967258 20.104667
  17.035421195840680       -11.922770044857803
  18.122470597054591       -12.085866670497037
  19.254807305049955       -12.160821982890369
  20.433355550577456       -12.164839019503555
  21.659039564387733       -12.107699326897540
  22.932783577231394       -12.062870553558902
  24.255511819859098       -11.878678614696931


# Temperature: 800.000000
# Parameters: -12.174632 0.853512 2.962177 20.105955
  17.035421195840680       -11.923451533522895
  18.122470597054591       -12.086608392115195
  19.254807305049955       -12.161615422182800
  20.433355550577456       -12.165669956700901
  21.659039564387733       -12.108565438331949
  22.932783577231394       -12.063862912085559
  24.255511819859098       -11.879563589090694


# Temperature: 801.000000
# Parameters: -12.175468 0.853551 2.957106 20.107242
  17.035421195840680       -11.924133632643102
  18.122470597054591       -12.087350732479880
  19.254807305049955       -12.162409486440314
  20.433355550577456       -12.166501519899754
  21.659039564387733       -12.109432177840720
  22.932783577231394       -12.064855903868709
  24.255511819859098       -11.880449065114805


# Temperature: 802.000000
# Parameters: -12.176304 0.853590 2.952028 20.108530
  17.035421195840680       -11.924816343254848
  18.122470597054591       -12.088093690554661
  19.254807305049955       -12.163204172553632
  20.433355550577456       -12.167333709100117
  21.659039564387733       -12.110299545423851
  22.932783577231394       -12.065849527871924
  24.255511819859098       -11.881335042769264


# Temperature: 803.000000
# Parameters: -12.177141 0.853630 2.946964 20.109816
  17.035421195840680       -11.925499664321707
  18.122470597054591       -12.088837266339540
  19.254807305049955       -12.163999481559179
  20.433355550577456       -12.168166523265562
  21.659039564387733       -12.111167540044917
  22.932783577231394       -12.066843784095205
  24.255511819859098       -11.882221522054069


# Temperature: 804.000000
# Parameters: -12.177978 0.853670 2.941863 20.111105
  17.035421195840680       -11.926183594807254
  18.122470597054591       -12.089581458798090
  19.254807305049955       -12.164795411384102
  20.433355550577456       -12.168999962396088
  21.659039564387733       -12.112036160667490
  22.932783577231394       -12.067838670465701
  24.255511819859098       -11.883108501932796


# Temperature: 805.000000
# Parameters: -12.178817 0.853712 2.936769 20.112394
  17.035421195840680       -11.926868133675059
  18.122470597054591       -12.090326266893886
  19.254807305049955       -12.165591963064827
  20.433355550577456       -12.169834024418844
  21.659039564387733       -12.112905407291573
  22.932783577231394       -12.068834188019837
  24.255511819859098       -11.883995982405445


# Temperature: 806.000000
# Parameters: -12.179656 0.853754 2.931698 20.113680
  17.035421195840680       -11.927553279888700
  18.122470597054591       -12.091071691663352
  19.254807305049955       -12.166389134528503
  20.433355550577456       -12.170668709333828
  21.659039564387733       -12.113775278880736
  22.932783577231394       -12.069830333648333
  24.255511819859098       -11.884883961399163


# Temperature: 807.000000
# Parameters: -12.180495 0.853798 2.926608 20.114968
  17.035421195840680       -11.928239034484601
  18.122470597054591       -12.091817729997210
  19.254807305049955       -12.167186924738704
  20.433355550577456       -12.171504016104615
  21.659039564387733       -12.114645774398555
  22.932783577231394       -12.070827108387617
  24.255511819859098       -11.885772439950376


# Temperature: 808.000000
# Parameters: -12.181336 0.853841 2.921486 20.116258
  17.035421195840680       -11.928925395389911
  18.122470597054591       -12.092564382931887
  19.254807305049955       -12.167985334731853
  20.433355550577456       -12.172339944731206
  21.659039564387733       -12.115516893845031
  22.932783577231394       -12.071824511201260
  24.255511819859098       -11.886661415986230


# Temperature: 809.000000
# Parameters: -12.182177 0.853886 2.916422 20.117543
  17.035421195840680       -11.929612362604626
  18.122470597054591       -12.093311648394529
  19.254807305049955       -12.168784362435101
  20.433355550577456       -12.173176493140746
  21.659039564387733       -12.116388635147310
  22.932783577231394       -12.072822541052838
  24.255511819859098       -11.887550890543153


# Temperature: 810.000000
# Parameters: -12.183019 0.853931 2.911308 20.118832
  17.035421195840680       -11.930299935092325
  18.122470597054591       -12.094059527421564
  19.254807305049955       -12.169584006812020
  20.433355550577456       -12.174013662369664
  21.659039564387733       -12.117260999341816
  22.932783577231394       -12.073821197942353
  24.255511819859098       -11.888440861548293


# Temperature: 811.000000
# Parameters: -12.183861 0.853978 2.906207 20.120120
  17.035421195840680       -11.930988112853004
  18.122470597054591       -12.094808017940137
  19.254807305049955       -12.170384267862611
  20.433355550577456       -12.174851450345104
  21.659039564387733       -12.118133984355701
  22.932783577231394       -12.074820479796948
  24.255511819859098       -11.889331330038074


# Temperature: 812.000000
# Parameters: -12.184704 0.854025 2.901107 20.121407
  17.035421195840680       -11.931676893813814
  18.122470597054591       -12.095557119950252
  19.254807305049955       -12.171185144550446
  20.433355550577456       -12.175689857067068
  21.659039564387733       -12.119007590188961
  22.932783577231394       -12.075820386616625
  24.255511819859098       -11.890222292903220


# Temperature: 813.000000
# Parameters: -12.185548 0.854073 2.896004 20.122695
  17.035421195840680       -11.932366277974751
  18.122470597054591       -12.096306831379051
  19.254807305049955       -12.171986636875525
  20.433355550577456       -12.176528881499131
  21.659039564387733       -12.119881814768744
  22.932783577231394       -12.076820917364957
  24.255511819859098       -11.891113752216580


# Temperature: 814.000000
# Parameters: -12.186393 0.854121 2.890880 20.123984
  17.035421195840680       -11.933056265335816
  18.122470597054591       -12.097057154299392
  19.254807305049955       -12.172788743801423
  20.433355550577456       -12.177368522604864
  21.659039564387733       -12.120756659131478
  22.932783577231394       -12.077822071005519
  24.255511819859098       -11.892005705905305


# Temperature: 815.000000
# Parameters: -12.187238 0.854170 2.885761 20.125272
  17.035421195840680       -11.933746854860585
  18.122470597054591       -12.097808085601992
  19.254807305049955       -12.173591464291713
  20.433355550577456       -12.178208780384269
  21.659039564387733       -12.121632122240737
  22.932783577231394       -12.078823848574737
  24.255511819859098       -11.892898153969393


# Temperature: 816.000000
# Parameters: -12.188084 0.854221 2.880660 20.126559
  17.035421195840680       -11.934438045512628
  18.122470597054591       -12.098559625286853
  19.254807305049955       -12.174394797309970
  20.433355550577456       -12.179049653800918
  21.659039564387733       -12.122508202023667
  22.932783577231394       -12.079826246963330
  24.255511819859098       -11.893791095372416


# Temperature: 817.000000
# Parameters: -12.188931 0.854272 2.875542 20.127847
  17.035421195840680       -11.935129837291949
  18.122470597054591       -12.099311772317549
  19.254807305049955       -12.175198743892619
  20.433355550577456       -12.179891141818388
  21.659039564387733       -12.123384899516694
  22.932783577231394       -12.080829267207728
  24.255511819859098       -11.894684529077951


# Temperature: 818.000000
# Parameters: -12.189779 0.854323 2.870397 20.129137
  17.035421195840680       -11.935822229162120
  18.122470597054591       -12.100064526694078
  19.254807305049955       -12.176003300930379
  20.433355550577456       -12.180733244436674
  21.659039564387733       -12.124262212646965
  22.932783577231394       -12.081832908271501
  24.255511819859098       -11.895578456122424


# Temperature: 819.000000
# Parameters: -12.190627 0.854376 2.865275 20.130424
  17.035421195840680       -11.936515220086713
  18.122470597054591       -12.100817888416442
  19.254807305049955       -12.176808469459681
  20.433355550577456       -12.181575960619352
  21.659039564387733       -12.125140142450908
  22.932783577231394       -12.082837168081799
  24.255511819859098       -11.896472874432979


# Temperature: 820.000000
# Parameters: -12.191476 0.854429 2.860152 20.131712
  17.035421195840680       -11.937208810065732
  18.122470597054591       -12.101571854375360
  19.254807305049955       -12.177614247407668
  20.433355550577456       -12.182419289329998
  21.659039564387733       -12.126018685819243
  22.932783577231394       -12.083842047675047
  24.255511819859098       -11.897367785046047


# Temperature: 821.000000
# Parameters: -12.192325 0.854483 2.855006 20.133002
  17.035421195840680       -11.937902998062745
  18.122470597054591       -12.102326426643687
  19.254807305049955       -12.178420635810770
  20.433355550577456       -12.183263230568608
  21.659039564387733       -12.126897843788397
  22.932783577231394       -12.084847544978391
  24.255511819859098       -11.898263184852345


# Temperature: 822.000000
# Parameters: -12.193175 0.854538 2.849873 20.134290
  17.035421195840680       -11.938597784077757
  18.122470597054591       -12.103081603148567
  19.254807305049955       -12.179227632596131
  20.433355550577456       -12.184107782262330
  21.659039564387733       -12.127777614285517
  22.932783577231394       -12.085853661028260
  24.255511819859098       -11.899159075924727


# Temperature: 823.000000
# Parameters: -12.194026 0.854594 2.844750 20.135577
  17.035421195840680       -11.939293166037913
  18.122470597054591       -12.103837382853579
  19.254807305049955       -12.180035237763754
  20.433355550577456       -12.184952945447595
  21.659039564387733       -12.128657998347029
  22.932783577231394       -12.086860392715375
  24.255511819859098       -11.900055456190342


# Temperature: 824.000000
# Parameters: -12.194878 0.854650 2.839597 20.136866
  17.035421195840680       -11.939989143943214
  18.122470597054591       -12.104593765758718
  19.254807305049955       -12.180843450277209
  20.433355550577456       -12.185798719087970
  21.659039564387733       -12.129538993900079
  22.932783577231394       -12.087867741076160
  24.255511819859098       -11.900952324612762


# Temperature: 825.000000
# Parameters: -12.195730 0.854707 2.834482 20.138152
  17.035421195840680       -11.940685717793658
  18.122470597054591       -12.105350750827558
  19.254807305049955       -12.181652270136500
  20.433355550577456       -12.186645101110607
  21.659039564387733       -12.130420600944671
  22.932783577231394       -12.088875705074189
  24.255511819859098       -11.901849682228413


# Temperature: 826.000000
# Parameters: -12.196583 0.854765 2.829302 20.139443
  17.035421195840680       -11.941382887589247
  18.122470597054591       -12.106108338060103
  19.254807305049955       -12.182461695268772
  20.433355550577456       -12.187492091515503
  21.659039564387733       -12.131302818444373
  22.932783577231394       -12.089884282636611
  24.255511819859098       -11.902747526964443


# Temperature: 827.000000
# Parameters: -12.197437 0.854824 2.824181 20.140729
  17.035421195840680       -11.942080650220701
  18.122470597054591       -12.106866526419923
  19.254807305049955       -12.183271726710451
  20.433355550577456       -12.188339690302662
  21.659039564387733       -12.132185645362764
  22.932783577231394       -12.090893475836278
  24.255511819859098       -11.903645859857278


# Temperature: 828.000000
# Parameters: -12.198291 0.854884 2.819029 20.142018
  17.035421195840680       -11.942779006724448
  18.122470597054591       -12.107625314870592
  19.254807305049955       -12.184082362388686
  20.433355550577456       -12.189187896435653
  21.659039564387733       -12.133069081699842
  22.932783577231394       -12.091903280527484
  24.255511819859098       -11.904544677797640


# Temperature: 829.000000
# Parameters: -12.199146 0.854944 2.813858 20.143307
  17.035421195840680       -11.943477956064060
  18.122470597054591       -12.108384702375686
  19.254807305049955       -12.184893601267049
  20.433355550577456       -12.190036708878054
  21.659039564387733       -12.133953126419181
  22.932783577231394       -12.092913698783082
  24.255511819859098       -11.905443982858380


# Temperature: 830.000000
# Parameters: -12.200002 0.855005 2.808735 20.144593
  17.035421195840680       -11.944177498239537
  18.122470597054591       -12.109144689971629
  19.254807305049955       -12.185705444381968
  20.433355550577456       -12.190886127629861
  21.659039564387733       -12.134837778484352
  22.932783577231394       -12.093924729566647
  24.255511819859098       -11.906343774003073


# Temperature: 831.000000
# Parameters: -12.200858 0.855067 2.803576 20.145881
  17.035421195840680       -11.944877631178027
  18.122470597054591       -12.109905275585570
  19.254807305049955       -12.186517890697015
  20.433355550577456       -12.191736151654650
  21.659039564387733       -12.135723038931785
  22.932783577231394       -12.094936370805325
  24.255511819859098       -11.907244049158866


# Temperature: 832.000000
# Parameters: -12.201715 0.855130 2.798424 20.147169
  17.035421195840680       -11.945578355915956
  18.122470597054591       -12.110666458181081
  19.254807305049955       -12.187330938139338
  20.433355550577456       -12.192586778879567
  21.659039564387733       -12.136608904652199
  22.932783577231394       -12.095948621462689
  24.255511819859098       -11.908144809362186


# Temperature: 833.000000
# Parameters: -12.202573 0.855194 2.793254 20.148457
  17.035421195840680       -11.946279670380472
  18.122470597054591       -12.111428238794588
  19.254807305049955       -12.188144586708939
  20.433355550577456       -12.193438011377467
  21.659039564387733       -12.137495375645594
  22.932783577231394       -12.096961483611592
  24.255511819859098       -11.909046053576605


# Temperature: 834.000000
# Parameters: -12.203432 0.855258 2.788095 20.149745
  17.035421195840680       -11.946981575608000
  18.122470597054591       -12.112190615353240
  19.254807305049955       -12.188958836405813
  20.433355550577456       -12.194289846039068
  21.659039564387733       -12.138382452948397
  22.932783577231394       -12.097974953106331
  24.255511819859098       -11.909947779729270


# Temperature: 835.000000
# Parameters: -12.204291 0.855323 2.782912 20.151034
  17.035421195840680       -11.947684069525687
  18.122470597054591       -12.112953587857037
  19.254807305049955       -12.189773686193540
  20.433355550577456       -12.195142282864373
  21.659039564387733       -12.139270133451330
  22.932783577231394       -12.098989032019755
  24.255511819859098       -11.910849989893038


# Temperature: 836.000000
# Parameters: -12.205151 0.855389 2.777746 20.152322
  17.035421195840680       -11.948387151097108
  18.122470597054591       -12.113717155269553
  19.254807305049955       -12.190589135035689
  20.433355550577456       -12.195995321853379
  21.659039564387733       -12.140158418190817
  22.932783577231394       -12.100003718279014
  24.255511819859098       -11.911752681995051


# Temperature: 837.000000
# Parameters: -12.206011 0.855456 2.772594 20.153609
  17.035421195840680       -11.949090821358691
  18.122470597054591       -12.114481316554359
  19.254807305049955       -12.191405182932261
  20.433355550577456       -12.196848961969661
  21.659039564387733       -12.141047305094007
  22.932783577231394       -12.101019011884107
  24.255511819859098       -11.912655854998885


# Temperature: 838.000000
# Parameters: -12.206872 0.855523 2.767399 20.154898
  17.035421195840680       -11.949795078237580
  18.122470597054591       -12.115246072747885
  19.254807305049955       -12.192221828846831
  20.433355550577456       -12.197703203213219
  21.659039564387733       -12.141936794160898
  22.932783577231394       -12.102034910762182
  24.255511819859098       -11.913559509940967


# Temperature: 839.000000
# Parameters: -12.207734 0.855592 2.762253 20.156184
  17.035421195840680       -11.950499921733778
  18.122470597054591       -12.116011420740849
  19.254807305049955       -12.193039071742971
  20.433355550577456       -12.198558042474776
  21.659039564387733       -12.142826885391493
  22.932783577231394       -12.103051415949665
  24.255511819859098       -11.914463644748443


# Temperature: 840.000000
# Parameters: -12.208597 0.855661 2.757065 20.157473
  17.035421195840680       -11.951205351847282
  18.122470597054591       -12.116777361569678
  19.254807305049955       -12.193856910584255
  20.433355550577456       -12.199413481827181
  21.659039564387733       -12.143717577749364
  22.932783577231394       -12.104068525373702
  24.255511819859098       -11.915368259421314


# Temperature: 841.000000
# Parameters: -12.209460 0.855731 2.751896 20.158759
  17.035421195840680       -11.951911366505239
  18.122470597054591       -12.117543895234371
  19.254807305049955       -12.194675346407111
  20.433355550577456       -12.200269519197585
  21.659039564387733       -12.144608870198084
  22.932783577231394       -12.105086239034295
  24.255511819859098       -11.916273353959578


# Temperature: 842.000000
# Parameters: -12.210324 0.855801 2.746720 20.160047
  17.035421195840680       -11.952617966744080
  18.122470597054591       -12.118311018625652
  19.254807305049955       -12.195494377138685
  20.433355550577456       -12.201126154585983
  21.659039564387733       -12.145500761701228
  22.932783577231394       -12.106104556931442
  24.255511819859098       -11.917178927326812


# Temperature: 843.000000
# Parameters: -12.211189 0.855873 2.741536 20.161334
  17.035421195840680       -11.953325150490947
  18.122470597054591       -12.119078732779947
  19.254807305049955       -12.196314002778976
  20.433355550577456       -12.201983386955954
  21.659039564387733       -12.146393252258795
  22.932783577231394       -12.107123476992292
  24.255511819859098       -11.918084978486588


# Temperature: 844.000000
# Parameters: -12.212054 0.855945 2.736352 20.162622
  17.035421195840680       -11.954032917745845
  18.122470597054591       -12.119847037697253
  19.254807305049955       -12.197134222291560
  20.433355550577456       -12.202841215271070
  21.659039564387733       -12.147286340834359
  22.932783577231394       -12.108142998180417
  24.255511819859098       -11.918991507438905


# Temperature: 845.000000
# Parameters: -12.212920 0.856018 2.731149 20.163911
  17.035421195840680       -11.954741267472343
  18.122470597054591       -12.120615931304719
  19.254807305049955       -12.197955034640009
  20.433355550577456       -12.203699639531330
  21.659039564387733       -12.148180026391495
  22.932783577231394       -12.109163121532246
  24.255511819859098       -11.919898514183764


# Temperature: 846.000000
# Parameters: -12.213787 0.856092 2.725979 20.165197
  17.035421195840680       -11.955450199670445
  18.122470597054591       -12.121385412565921
  19.254807305049955       -12.198776439824323
  20.433355550577456       -12.204558658700307
  21.659039564387733       -12.149074308930201
  22.932783577231394       -12.110183846011351
  24.255511819859098       -11.920805996648312


# Temperature: 847.000000
# Parameters: -12.214654 0.856167 2.720768 20.166486
  17.035421195840680       -11.956159713303720
  18.122470597054591       -12.122155483553707
  19.254807305049955       -12.199598437844502
  20.433355550577456       -12.205418272778003
  21.659039564387733       -12.149969188450477
  22.932783577231394       -12.111205170581306
  24.255511819859098       -11.921713955868977


# Temperature: 848.000000
# Parameters: -12.215522 0.856242 2.715589 20.167772
  17.035421195840680       -11.956869807335746
  18.122470597054591       -12.122926140122376
  19.254807305049955       -12.200421025591268
  20.433355550577456       -12.206278479691562
  21.659039564387733       -12.150864662879473
  22.932783577231394       -12.112227093169258
  24.255511819859098       -11.922622390809330


# Temperature: 849.000000
# Parameters: -12.216391 0.856319 2.710405 20.169058
  17.035421195840680       -11.957580482802946
  18.122470597054591       -12.123697384344776
  19.254807305049955       -12.201244205137472
  20.433355550577456       -12.207139280477415
  21.659039564387733       -12.151760732217186
  22.932783577231394       -12.113249615848058
  24.255511819859098       -11.923531300432945


# Temperature: 850.000000
# Parameters: -12.217260 0.856396 2.705209 20.170345
  17.035421195840680       -11.958291737632472
  18.122470597054591       -12.124469214148059
  19.254807305049955       -12.202067975446690
  20.433355550577456       -12.208000673062708
  21.659039564387733       -12.152657395427191
  22.932783577231394       -12.114272735508431
  24.255511819859098       -11.924440683703398


# Temperature: 851.000000
# Parameters: -12.218130 0.856474 2.700013 20.171632
  17.035421195840680       -11.959003570787893
  18.122470597054591       -12.125241629532223
  19.254807305049955       -12.202892334446069
  20.433355550577456       -12.208862657447439
  21.659039564387733       -12.153554652509486
  22.932783577231394       -12.115296453186801
  24.255511819859098       -11.925350542693540


# Temperature: 852.000000
# Parameters: -12.219001 0.856552 2.694807 20.172919
  17.035421195840680       -11.959715983305637
  18.122470597054591       -12.126014629460840
  19.254807305049955       -12.203717282135607
  20.433355550577456       -12.209725232595183
  21.659039564387733       -12.154452501391223
  22.932783577231394       -12.116320766810315
  24.255511819859098       -11.926260873257664


# Temperature: 853.000000
# Parameters: -12.219872 0.856632 2.689600 20.174207
  17.035421195840680       -11.960428974149277
  18.122470597054591       -12.126788213933914
  19.254807305049955       -12.204542817478877
  20.433355550577456       -12.210588398505939
  21.659039564387733       -12.155350943108823
  22.932783577231394       -12.117345676378973
  24.255511819859098       -11.927171677468628


# Temperature: 854.000000
# Parameters: -12.220744 0.856712 2.684414 20.175492
  17.035421195840680       -11.961142541245962
  18.122470597054591       -12.127562380878588
  19.254807305049955       -12.205368940475884
  20.433355550577456       -12.211452154143281
  21.659039564387733       -12.156249976625864
  22.932783577231394       -12.118371181892776
  24.255511819859098       -11.928082954290000


# Temperature: 855.000000
# Parameters: -12.221617 0.856793 2.679201 20.176779
  17.035421195840680       -11.961856684595691
  18.122470597054591       -12.128337131331293
  19.254807305049955       -12.206195651126622
  20.433355550577456       -12.212316498470784
  21.659039564387733       -12.157149600905916
  22.932783577231394       -12.119397281278870
  24.255511819859098       -11.928994702685356


# Temperature: 856.000000
# Parameters: -12.222490 0.856875 2.673999 20.178065
  17.035421195840680       -11.962571405234890
  18.122470597054591       -12.129112464255599
  19.254807305049955       -12.207022947358244
  20.433355550577456       -12.213181431488447
  21.659039564387733       -12.158049814912555
  22.932783577231394       -12.120423974537257
  24.255511819859098       -11.929906922654695


# Temperature: 857.000000
# Parameters: -12.223364 0.856958 2.668795 20.179351
  17.035421195840680       -11.963286701090706
  18.122470597054591       -12.129888377578652
  19.254807305049955       -12.207850828134317
  20.433355550577456       -12.214046952159844
  21.659039564387733       -12.158950618645781
  22.932783577231394       -12.121451261667934
  24.255511819859098       -11.930819613161592


# Temperature: 858.000000
# Parameters: -12.224239 0.857041 2.663562 20.180640
  17.035421195840680       -11.964002571126715
  18.122470597054591       -12.130664873373309
  19.254807305049955       -12.208679295527700
  20.433355550577456       -12.214913060484974
  21.659039564387733       -12.159852011069166
  22.932783577231394       -12.122479141634477
  24.255511819859098       -11.931732773169621


# Temperature: 859.000000
# Parameters: -12.225115 0.857125 2.658370 20.181924
  17.035421195840680       -11.964719015342913
  18.122470597054591       -12.131441948530290
  19.254807305049955       -12.209508346429111
  20.433355550577456       -12.215779754390985
  21.659039564387733       -12.160753992182711
  22.932783577231394       -12.123507612364033
  24.255511819859098       -11.932646403715207


# Temperature: 860.000000
# Parameters: -12.225991 0.857211 2.653163 20.183210
  17.035421195840680       -11.965436033739303
  18.122470597054591       -12.132219603049592
  19.254807305049955       -12.210337980838549
  20.433355550577456       -12.216647034914304
  21.659039564387733       -12.161656559913563
  22.932783577231394       -12.124536674893028
  24.255511819859098       -11.933560502725499


# Temperature: 861.000000
# Parameters: -12.226867 0.857296 2.647937 20.184497
  17.035421195840680       -11.966153624243033
  18.122470597054591       -12.132997837967643
  19.254807305049955       -12.211168197719591
  20.433355550577456       -12.217514899982078
  21.659039564387733       -12.162559715298151
  22.932783577231394       -12.125566328185036
  24.255511819859098       -11.934475071236921


# Temperature: 862.000000
# Parameters: -12.227745 0.857383 2.642721 20.185783
  17.035421195840680       -11.966871787890527
  18.122470597054591       -12.133776650175166
  19.254807305049955       -12.211998998108660
  20.433355550577456       -12.218383350630731
  21.659039564387733       -12.163463457300045
  22.932783577231394       -12.126596571203629
  24.255511819859098       -11.935390107176621


# Temperature: 863.000000
# Parameters: -12.228623 0.857471 2.637516 20.187067
  17.035421195840680       -11.967590523645361
  18.122470597054591       -12.134556040708585
  19.254807305049955       -12.212830378896479
  20.433355550577456       -12.219252383750987
  21.659039564387733       -12.164367783846393
  22.932783577231394       -12.127627403948811
  24.255511819859098       -11.936305610544601


# Temperature: 864.000000
# Parameters: -12.229502 0.857559 2.632257 20.188356
  17.035421195840680       -11.968309830471107
  18.122470597054591       -12.135336008531475
  19.254807305049955       -12.213662341119473
  20.433355550577456       -12.220122001415699
  21.659039564387733       -12.165272695973623
  22.932783577231394       -12.128658824347724
  24.255511819859098       -11.937221581340857


# Temperature: 865.000000
# Parameters: -12.230381 0.857648 2.627079 20.189638
  17.035421195840680       -11.969029707331337
  18.122470597054591       -12.136116552607408
  19.254807305049955       -12.214494884777643
  20.433355550577456       -12.220992200515587
  21.659039564387733       -12.166178192645308
  22.932783577231394       -12.129690833436799
  24.255511819859098       -11.938138018528967


# Temperature: 866.000000
# Parameters: -12.231261 0.857738 2.621844 20.190925
  17.035421195840680       -11.969750154226054
  18.122470597054591       -12.136897672936387
  19.254807305049955       -12.215328006761709
  20.433355550577456       -12.221862983123501
  21.659039564387733       -12.167084272825020
  22.932783577231394       -12.130723429143181
  24.255511819859098       -11.939054922108930


# Temperature: 867.000000
# Parameters: -12.232142 0.857829 2.616626 20.192210
  17.035421195840680       -11.970471171155257
  18.122470597054591       -12.137679367445555
  19.254807305049955       -12.216161709144526
  20.433355550577456       -12.222734346130165
  21.659039564387733       -12.167990935476336
  22.932783577231394       -12.131756612503297
  24.255511819859098       -11.939972290007891


# Temperature: 868.000000
# Parameters: -12.233023 0.857920 2.611380 20.193496
  17.035421195840680       -11.971192756046094
  18.122470597054591       -12.138461638207767
  19.254807305049955       -12.216995989853238
  20.433355550577456       -12.223606289535580
  21.659039564387733       -12.168898180599252
  22.932783577231394       -12.132790380407867
  24.255511819859098       -11.940890124298704


# Temperature: 869.000000
# Parameters: -12.233905 0.858012 2.606152 20.194782
  17.035421195840680       -11.971914909934990
  18.122470597054591       -12.139244482113746
  19.254807305049955       -12.217830847851420
  20.433355550577456       -12.224478813339744
  21.659039564387733       -12.169806008193770
  22.932783577231394       -12.133824734929744
  24.255511819859098       -11.941808421872091


# Temperature: 870.000000
# Parameters: -12.234788 0.858106 2.600940 20.196065
  17.035421195840680       -11.972637630749093
  18.122470597054591       -12.140027900199915
  19.254807305049955       -12.218666283139074
  20.433355550577456       -12.225351916506229
  21.659039564387733       -12.170714416187039
  22.932783577231394       -12.134859673996077
  24.255511819859098       -11.942727183764477


# Temperature: 871.000000
# Parameters: -12.235671 0.858199 2.595714 20.197350
  17.035421195840680       -11.973360919524829
  18.122470597054591       -12.140811891429848
  19.254807305049955       -12.219502295716199
  20.433355550577456       -12.226225599035040
  21.659039564387733       -12.171623404579057
  22.932783577231394       -12.135895196570438
  24.255511819859098       -11.943646408939436


# Temperature: 872.000000
# Parameters: -12.236555 0.858294 2.590460 20.198636
  17.035421195840680       -11.974084774189347
  18.122470597054591       -12.141596453730696
  19.254807305049955       -12.220338884546367
  20.433355550577456       -12.227099858853318
  21.659039564387733       -12.172532973369824
  22.932783577231394       -12.136931302652826
  24.255511819859098       -11.944566097396969


# Temperature: 873.000000
# Parameters: -12.237440 0.858390 2.585248 20.199919
  17.035421195840680       -11.974809194742644
  18.122470597054591       -12.142381589175306
  19.254807305049955       -12.221176048593151
  20.433355550577456       -12.227974696997496
  21.659039564387733       -12.173443121522915
  22.932783577231394       -12.137967991206818
  24.255511819859098       -11.945486248100648


# Temperature: 874.000000
# Parameters: -12.238326 0.858486 2.579991 20.201205
  17.035421195840680       -11.975534180148296
  18.122470597054591       -12.143167294654404
  19.254807305049955       -12.222013786820128
  20.433355550577456       -12.228850112431141
  21.659039564387733       -12.174353846965474
  22.932783577231394       -12.139005262232409
  24.255511819859098       -11.946406860014049


# Temperature: 875.000000
# Parameters: -12.239212 0.858583 2.574773 20.202489
  17.035421195840680       -11.976259730406301
  18.122470597054591       -12.143953570167987
  19.254807305049955       -12.222852099227296
  20.433355550577456       -12.229726103081406
  21.659039564387733       -12.175265151770358
  22.932783577231394       -12.140043114693178
  24.255511819859098       -11.947327934173595


# Temperature: 876.000000
# Parameters: -12.240098 0.858681 2.569534 20.203772
  17.035421195840680       -11.976985845516662
  18.122470597054591       -12.144740416752484
  19.254807305049955       -12.223690985814656
  20.433355550577456       -12.230602669984714
  21.659039564387733       -12.176177032828285
  22.932783577231394       -12.141081547552696
  24.255511819859098       -11.948249468506436


# Temperature: 877.000000
# Parameters: -12.240986 0.858780 2.564290 20.205057
  17.035421195840680       -11.977712523406524
  18.122470597054591       -12.145527832335038
  19.254807305049955       -12.224530445545780
  20.433355550577456       -12.231479812104640
  21.659039564387733       -12.177089491175684
  22.932783577231394       -12.142120560810964
  24.255511819859098       -11.949171463012570


# Temperature: 878.000000
# Parameters: -12.241874 0.858879 2.559056 20.206340
  17.035421195840680       -11.978439764075889
  18.122470597054591       -12.146315815879227
  19.254807305049955       -12.225370476347816
  20.433355550577456       -12.232357528404759
  21.659039564387733       -12.178002525776124
  22.932783577231394       -12.143160154467981
  24.255511819859098       -11.950093917692000


# Temperature: 879.000000
# Parameters: -12.242762 0.858980 2.553822 20.207623
  17.035421195840680       -11.979167567524753
  18.122470597054591       -12.147104368421475
  19.254807305049955       -12.226211080293618
  20.433355550577456       -12.233235818885067
  21.659039564387733       -12.178916134556758
  22.932783577231394       -12.144200325414468
  24.255511819859098       -11.951016831508296


# Temperature: 880.000000
# Parameters: -12.243652 0.859081 2.548568 20.208908
  17.035421195840680       -11.979895932716694
  18.122470597054591       -12.147893487888931
  19.254807305049955       -12.227052254273906
  20.433355550577456       -12.234114681472713
  21.659039564387733       -12.179830319590435
  22.932783577231394       -12.145241075723279
  24.255511819859098       -11.951940204461462


# Temperature: 881.000000
# Parameters: -12.244541 0.859183 2.543340 20.210190
  17.035421195840680       -11.980624858615283
  18.122470597054591       -12.148683173245166
  19.254807305049955       -12.227893999325106
  20.433355550577456       -12.234994117204126
  21.659039564387733       -12.180745077767877
  22.932783577231394       -12.146282403321559
  24.255511819859098       -11.952864035515066


# Temperature: 882.000000
# Parameters: -12.245432 0.859286 2.538082 20.211474
  17.035421195840680       -11.981354346256948
  18.122470597054591       -12.149473426563036
  19.254807305049955       -12.228736314410792
  20.433355550577456       -12.235874125042876
  21.659039564387733       -12.181660410125509
  22.932783577231394       -12.147324308209310
  24.255511819859098       -11.953788324669114


# Temperature: 883.000000
# Parameters: -12.246323 0.859389 2.532851 20.212756
  17.035421195840680       -11.982084392532409
  18.122470597054591       -12.150264244733259
  19.254807305049955       -12.229579198494537
  20.433355550577456       -12.236754704988966
  21.659039564387733       -12.182576315626909
  22.932783577231394       -12.148366789350105
  24.255511819859098       -11.954713070887177


# Temperature: 884.000000
# Parameters: -12.247215 0.859494 2.527605 20.214039
  17.035421195840680       -11.982814998478093
  18.122470597054591       -12.151055627755836
  19.254807305049955       -12.230422651576342
  20.433355550577456       -12.237635854969541
  21.659039564387733       -12.183492792199219
  22.932783577231394       -12.149409845707517
  24.255511819859098       -11.955638274169255


# Temperature: 885.000000
# Parameters: -12.248108 0.859599 2.522367 20.215321
  17.035421195840680       -11.983546164093998
  18.122470597054591       -12.151847575630768
  19.254807305049955       -12.231266672619780
  20.433355550577456       -12.238517574984604
  21.659039564387733       -12.184409841915295
  22.932783577231394       -12.150453477281546
  24.255511819859098       -11.956563933478920


# Temperature: 886.000000
# Parameters: -12.249001 0.859705 2.517101 20.216605
  17.035421195840680       -11.984277887307274
  18.122470597054591       -12.152640087321629
  19.254807305049955       -12.232111260588427
  20.433355550577456       -12.239399863997726
  21.659039564387733       -12.185327461665857
  22.932783577231394       -12.151497684072195
  24.255511819859098       -11.957490047779750


# Temperature: 887.000000
# Parameters: -12.249895 0.859812 2.511866 20.217886
  17.035421195840680       -11.985010169154346
  18.122470597054591       -12.153433161791989
  19.254807305049955       -12.232956415482279
  20.433355550577456       -12.240282723045333
  21.659039564387733       -12.186245652487329
  22.932783577231394       -12.152542464006608
  24.255511819859098       -11.958416618108167


# Temperature: 888.000000
# Parameters: -12.250789 0.859920 2.506616 20.219169
  17.035421195840680       -11.985743007562363
  18.122470597054591       -12.154226799041853
  19.254807305049955       -12.233802137301337
  20.433355550577456       -12.241166150054573
  21.659039564387733       -12.187164413343289
  22.932783577231394       -12.153587817084786
  24.255511819859098       -11.959343643427747


# Temperature: 889.000000
# Parameters: -12.251685 0.860028 2.501351 20.220451
  17.035421195840680       -11.986476401494896
  18.122470597054591       -12.155020999071217
  19.254807305049955       -12.234648425009178
  20.433355550577456       -12.242050143989019
  21.659039564387733       -12.188083743197309
  22.932783577231394       -12.154633742270301
  24.255511819859098       -11.960271122702064


# Temperature: 890.000000
# Parameters: -12.252580 0.860137 2.496092 20.221734
  17.035421195840680       -11.987210353024798
  18.122470597054591       -12.155815760843657
  19.254807305049955       -12.235495276532946
  20.433355550577456       -12.242934705885100
  21.659039564387733       -12.189003641012961
  22.932783577231394       -12.155680240599583
  24.255511819859098       -11.961199055931116


# Temperature: 891.000000
# Parameters: -12.253477 0.860247 2.490867 20.223013
  17.035421195840680       -11.987944859042793
  18.122470597054591       -12.156611082286320
  19.254807305049955       -12.236342692909068
  20.433355550577456       -12.243819833669962
  21.659039564387733       -12.189924107826675
  22.932783577231394       -12.156727309999777
  24.255511819859098       -11.962127443114904


# Temperature: 892.000000
# Parameters: -12.254374 0.860358 2.485619 20.224294
  17.035421195840680       -11.988679920585303
  18.122470597054591       -12.157406964435632
  19.254807305049955       -12.237190674137544
  20.433355550577456       -12.244705527343603
  21.659039564387733       -12.190845141565594
  22.932783577231394       -12.157774949434456
  24.255511819859098       -11.963056282180576


# Temperature: 893.000000
# Parameters: -12.255272 0.860470 2.480349 20.225576
  17.035421195840680       -11.989415535579479
  18.122470597054591       -12.158203407291591
  19.254807305049955       -12.238039218145522
  20.433355550577456       -12.245591786906026
  21.659039564387733       -12.191766741193295
  22.932783577231394       -12.158823159940049
  24.255511819859098       -11.963985574164557


# Temperature: 894.000000
# Parameters: -12.256170 0.860582 2.475107 20.226856
  17.035421195840680       -11.990151705061745
  18.122470597054591       -12.159000408781349
  19.254807305049955       -12.238888323896576
  20.433355550577456       -12.246478610284376
  21.659039564387733       -12.192688908782626
  22.932783577231394       -12.159871938407274
  24.255511819859098       -11.964915316993997


# Temperature: 895.000000
# Parameters: -12.257069 0.860696 2.469840 20.228138
  17.035421195840680       -11.990888427995676
  18.122470597054591       -12.159797968904901
  19.254807305049955       -12.239737992427131
  20.433355550577456       -12.247365998515081
  21.659039564387733       -12.193611640187889
  22.932783577231394       -12.160921286908986
  24.255511819859098       -11.965845512741744


# Temperature: 896.000000
# Parameters: -12.257969 0.860810 2.464590 20.229418
  17.035421195840680       -11.991625702308420
  18.122470597054591       -12.160596086625825
  19.254807305049955       -12.240588222700762
  20.433355550577456       -12.248253949525287
  21.659039564387733       -12.194534937481929
  22.932783577231394       -12.161971203372330
  24.255511819859098       -11.966776158298524


# Temperature: 897.000000
# Parameters: -12.258869 0.860925 2.459331 20.230698
  17.035421195840680       -11.992363529036401
  18.122470597054591       -12.161394761944116
  19.254807305049955       -12.241439013681040
  20.433355550577456       -12.249142463314996
  21.659039564387733       -12.195458799628327
  22.932783577231394       -12.163021687797308
  24.255511819859098       -11.967707253664333


# Temperature: 898.000000
# Parameters: -12.259770 0.861041 2.454062 20.231979
  17.035421195840680       -11.993101908179620
  18.122470597054591       -12.162193993823353
  19.254807305049955       -12.242290364331541
  20.433355550577456       -12.250031539884205
  21.659039564387733       -12.196383224554223
  22.932783577231394       -12.164072739147493
  24.255511819859098       -11.968638799875601


# Temperature: 899.000000
# Parameters: -12.260672 0.861157 2.448807 20.233259
  17.035421195840680       -11.993840837665225
  18.122470597054591       -12.162993782263532
  19.254807305049955       -12.243142275688692
  20.433355550577456       -12.250921178196490
  21.659039564387733       -12.197308213296049
  22.932783577231394       -12.165124356386457
  24.255511819859098       -11.969570794859472


# Temperature: 900.000000
# Parameters: -12.261574 0.861274 2.443548 20.234539
  17.035421195840680       -11.994580317493217
  18.122470597054591       -12.163794127264657
  19.254807305049955       -12.243994745679640
  20.433355550577456       -12.251811377215423
  21.659039564387733       -12.198233764817378
  22.932783577231394       -12.166176540550630
  24.255511819859098       -11.970503239652373


# Temperature: 901.000000
# Parameters: -12.262477 0.861393 2.438274 20.235819
  17.035421195840680       -11.995320346627166
  18.122470597054591       -12.164595025717444
  19.254807305049955       -12.244847774304382
  20.433355550577456       -12.252702136941005
  21.659039564387733       -12.199159878081780
  22.932783577231394       -12.167229288530731
  24.255511819859098       -11.971436132181454


# Temperature: 902.000000
# Parameters: -12.263381 0.861512 2.433014 20.237098
  17.035421195840680       -11.996060926103501
  18.122470597054591       -12.165396479694749
  19.254807305049955       -12.245701360526496
  20.433355550577456       -12.253593456336811
  21.659039564387733       -12.200086552052831
  22.932783577231394       -12.168282602399611
  24.255511819859098       -11.972369472446713


# Temperature: 903.000000
# Parameters: -12.264285 0.861631 2.427759 20.238377
  17.035421195840680       -11.996802052812942
  18.122470597054591       -12.166198488160145
  19.254807305049955       -12.246555504345979
  20.433355550577456       -12.254485335402839
  21.659039564387733       -12.201013787766957
  22.932783577231394       -12.169336479047994
  24.255511819859098       -11.973303260448150


# Temperature: 904.000000
# Parameters: -12.265190 0.861752 2.422498 20.239656
  17.035421195840680       -11.997543728828344
  18.122470597054591       -12.167001049040779
  19.254807305049955       -12.247410204726405
  20.433355550577456       -12.255377773102664
  21.659039564387733       -12.201941583151307
  22.932783577231394       -12.170390919512304
  24.255511819859098       -11.974237496185763


# Temperature: 905.000000
# Parameters: -12.266095 0.861873 2.417240 20.240934
  17.035421195840680       -11.998285952076852
  18.122470597054591       -12.167804163373079
  19.254807305049955       -12.248265461667774
  20.433355550577456       -12.256270768399856
  21.659039564387733       -12.202869938205879
  22.932783577231394       -12.171445922756115
  24.255511819859098       -11.975172177586703


# Temperature: 906.000000
# Parameters: -12.267002 0.861996 2.411958 20.242214
  17.035421195840680       -11.999028722558466
  18.122470597054591       -12.168607829084189
  19.254807305049955       -12.249121274133662
  20.433355550577456       -12.257164322330848
  21.659039564387733       -12.203798851894247
  22.932783577231394       -12.172501488779430
  24.255511819859098       -11.976107304650968


# Temperature: 907.000000
# Parameters: -12.267908 0.862119 2.406709 20.243491
  17.035421195840680       -11.999772039236760
  18.122470597054591       -12.169412047210539
  19.254807305049955       -12.249977642124067
  20.433355550577456       -12.258058431786354
  21.659039564387733       -12.204728324216411
  22.932783577231394       -12.173557615509392
  24.255511819859098       -11.977042878414986


# Temperature: 908.000000
# Parameters: -12.268816 0.862243 2.401439 20.244769
  17.035421195840680       -12.000515902111735
  18.122470597054591       -12.170216816715699
  19.254807305049955       -12.250834564602563
  20.433355550577456       -12.258953098839232
  21.659039564387733       -12.205658355172371
  22.932783577231394       -12.174614303982430
  24.255511819859098       -11.977978896805901


# Temperature: 909.000000
# Parameters: -12.269724 0.862367 2.396186 20.246046
  17.035421195840680       -12.001260310146963
  18.122470597054591       -12.171022136563247
  19.254807305049955       -12.251692040532722
  20.433355550577456       -12.259848321416627
  21.659039564387733       -12.206588942689276
  22.932783577231394       -12.175671552125690
  24.255511819859098       -11.978915358787290


# Temperature: 910.000000
# Parameters: -12.270632 0.862493 2.390909 20.247325
  17.035421195840680       -12.002005262306019
  18.122470597054591       -12.171828005716751
  19.254807305049955       -12.252550068878120
  20.433355550577456       -12.260744098482112
  21.659039564387733       -12.207520086767124
  22.932783577231394       -12.176729360975600
  24.255511819859098       -11.979852266432005


# Temperature: 911.000000
# Parameters: -12.271542 0.862619 2.385652 20.248601
  17.035421195840680       -12.002750759625329
  18.122470597054591       -12.172634425212642
  19.254807305049955       -12.253408650675183
  20.433355550577456       -12.261640431072115
  21.659039564387733       -12.208451787405915
  22.932783577231394       -12.177787727422880
  24.255511819859098       -11.980789616630764


# Temperature: 912.000000
# Parameters: -12.272452 0.862746 2.380380 20.249878
  17.035421195840680       -12.003496801068465
  18.122470597054591       -12.173441392978066
  19.254807305049955       -12.254267784887485
  20.433355550577456       -12.262537317113782
  21.659039564387733       -12.209384042532797
  22.932783577231394       -12.178846653540381
  24.255511819859098       -11.981727410419998


# Temperature: 913.000000
# Parameters: -12.273362 0.862874 2.375104 20.251156
  17.035421195840680       -12.004243384562578
  18.122470597054591       -12.174248909013023
  19.254807305049955       -12.255127470478598
  20.433355550577456       -12.263434756607115
  21.659039564387733       -12.210316853184198
  22.932783577231394       -12.179906138291679
  24.255511819859098       -11.982665646763278


# Temperature: 914.000000
# Parameters: -12.274274 0.863003 2.369856 20.252431
  17.035421195840680       -12.004990511144092
  18.122470597054591       -12.175056973317513
  19.254807305049955       -12.255987707448522
  20.433355550577456       -12.264332749552111
  21.659039564387733       -12.211250218323688
  22.932783577231394       -12.180966179603921
  24.255511819859098       -11.983604325660604


# Temperature: 915.000000
# Parameters: -12.275185 0.863132 2.364561 20.253709
  17.035421195840680       -12.005738179776579
  18.122470597054591       -12.175865584855110
  19.254807305049955       -12.256848494760833
  20.433355550577456       -12.265231293875919
  21.659039564387733       -12.212184136914843
  22.932783577231394       -12.182026777477105
  24.255511819859098       -11.984543446075550


# Temperature: 916.000000
# Parameters: -12.276098 0.863263 2.359302 20.254985
  17.035421195840680       -12.006486390460042
  18.122470597054591       -12.176674742589386
  19.254807305049955       -12.257709832415529
  20.433355550577456       -12.266130390614967
  21.659039564387733       -12.213118608957663
  22.932783577231394       -12.183087931911235
  24.255511819859098       -11.985483006971689


# Temperature: 917.000000
# Parameters: -12.277011 0.863394 2.354043 20.256260
  17.035421195840680       -12.007235142158054
  18.122470597054591       -12.177484446520344
  19.254807305049955       -12.258571718339757
  20.433355550577456       -12.267030038732825
  21.659039564387733       -12.214053633415720
  22.932783577231394       -12.184149641869881
  24.255511819859098       -11.986423009385449


# Temperature: 918.000000
# Parameters: -12.277925 0.863526 2.348750 20.257537
  17.035421195840680       -12.007984433834187
  18.122470597054591       -12.178294695611553
  19.254807305049955       -12.259434153569945
  20.433355550577456       -12.267930237193069
  21.659039564387733       -12.214989210289016
  22.932783577231394       -12.185211907353045
  24.255511819859098       -11.987363452280402


# Temperature: 919.000000
# Parameters: -12.278839 0.863659 2.343500 20.258811
  17.035421195840680       -12.008734265488442
  18.122470597054591       -12.179105489863018
  19.254807305049955       -12.260297137069665
  20.433355550577456       -12.268830984959271
  21.659039564387733       -12.215925337504697
  22.932783577231394       -12.186274726287872
  24.255511819859098       -11.988304335656549


# Temperature: 920.000000
# Parameters: -12.279754 0.863792 2.338224 20.260086
  17.035421195840680       -12.009484636084395
  18.122470597054591       -12.179916828238310
  19.254807305049955       -12.261160667802493
  20.433355550577456       -12.269732283067860
  21.659039564387733       -12.216862016099190
  22.932783577231394       -12.187338099710791
  24.255511819859098       -11.989245657441037


# Temperature: 921.000000
# Parameters: -12.280670 0.863927 2.332983 20.261359
  17.035421195840680       -12.010235546658468
  18.122470597054591       -12.180728710737430
  19.254807305049955       -12.262024745768427
  20.433355550577456       -12.270634129445982
  21.659039564387733       -12.217799245036069
  22.932783577231394       -12.188402026585374
  24.255511819859098       -11.990187418670294


# Temperature: 922.000000
# Parameters: -12.281586 0.864062 2.327678 20.262636
  17.035421195840680       -12.010986994101385
  18.122470597054591       -12.181541136323951
  19.254807305049955       -12.262889369931042
  20.433355550577456       -12.271536525130063
  21.659039564387733       -12.218737024315335
  22.932783577231394       -12.189466505875195
  24.255511819859098       -11.991129618307891


# Temperature: 923.000000
# Parameters: -12.282503 0.864198 2.322417 20.263909
  17.035421195840680       -12.011738980485998
  18.122470597054591       -12.182354104997872
  19.254807305049955       -12.263754540290336
  20.433355550577456       -12.272439467010823
  21.659039564387733       -12.219675351864131
  22.932783577231394       -12.190531537580256
  24.255511819859098       -11.992072256353827


# Temperature: 924.000000
# Parameters: -12.283421 0.864335 2.317145 20.265184
  17.035421195840680       -12.012491503739454
  18.122470597054591       -12.183167615722768
  19.254807305049955       -12.264620255809884
  20.433355550577456       -12.273342957161118
  21.659039564387733       -12.220614228718889
  22.932783577231394       -12.191597120664127
  24.255511819859098       -11.993015331771680


# Temperature: 925.000000
# Parameters: -12.284339 0.864472 2.311872 20.266458
  17.035421195840680       -12.013244563861752
  18.122470597054591       -12.183981668498641
  19.254807305049955       -12.265486516489686
  20.433355550577456       -12.274246993508092
  21.659039564387733       -12.221553652806751
  22.932783577231394       -12.192663255126810
  24.255511819859098       -11.993958843525022


# Temperature: 926.000000
# Parameters: -12.285257 0.864611 2.306599 20.267731
  17.035421195840680       -12.013998159816468
  18.122470597054591       -12.184796262289060
  19.254807305049955       -12.266353321293316
  20.433355550577456       -12.275151576051746
  21.659039564387733       -12.222493624127720
  22.932783577231394       -12.193729939931879
  24.255511819859098       -11.994902792650276


# Temperature: 927.000000
# Parameters: -12.286177 0.864750 2.301347 20.269002
  17.035421195840680       -12.014752291603601
  18.122470597054591       -12.185611396057602
  19.254807305049955       -12.267220670220773
  20.433355550577456       -12.276056704792079
  21.659039564387733       -12.223434143718222
  22.932783577231394       -12.194797174042908
  24.255511819859098       -11.995847178111021


# Temperature: 928.000000
# Parameters: -12.287097 0.864890 2.296074 20.270275
  17.035421195840680       -12.015506959223151
  18.122470597054591       -12.186427069804267
  19.254807305049955       -12.268088561199205
  20.433355550577456       -12.276962377656242
  21.659039564387733       -12.224375208468979
  22.932783577231394       -12.195864957459897
  24.255511819859098       -11.996791998870826


# Temperature: 929.000000
# Parameters: -12.288018 0.865031 2.290792 20.271549
  17.035421195840680       -12.016262160602265
  18.122470597054591       -12.187243283529053
  19.254807305049955       -12.268956996301464
  20.433355550577456       -12.277868594644232
  21.659039564387733       -12.225316819416417
  22.932783577231394       -12.196933289146417
  24.255511819859098       -11.997737254929694


# Temperature: 930.000000
# Parameters: -12.288939 0.865173 2.285513 20.272822
  17.035421195840680       -12.017017896777368
  18.122470597054591       -12.188060036195536
  19.254807305049955       -12.269825972418271
  20.433355550577456       -12.278775355756048
  21.659039564387733       -12.226258974487680
  22.932783577231394       -12.198002170138896
  24.255511819859098       -11.998682946287623


# Temperature: 931.000000
# Parameters: -12.289861 0.865316 2.280259 20.274092
  17.035421195840680       -12.017774165675611
  18.122470597054591       -12.188877326767287
  19.254807305049955       -12.270695489549627
  20.433355550577456       -12.279682660991693
  21.659039564387733       -12.227201674719199
  22.932783577231394       -12.199071597328055
  24.255511819859098       -11.999629071908188


# Temperature: 932.000000
# Parameters: -12.290783 0.865459 2.274979 20.275365
  17.035421195840680       -12.018530967296991
  18.122470597054591       -12.189695155244308
  19.254807305049955       -12.271565548731958
  20.433355550577456       -12.280590507241886
  21.659039564387733       -12.228144920110969
  22.932783577231394       -12.200141572786748
  24.255511819859098       -12.000575630754962


# Temperature: 933.000000
# Parameters: -12.291707 0.865603 2.269716 20.276635
  17.035421195840680       -12.019288302677934
  18.122470597054591       -12.190513521626599
  19.254807305049955       -12.272436147892412
  20.433355550577456       -12.281498896579480
  21.659039564387733       -12.229088707553716
  22.932783577231394       -12.201212093405694
  24.255511819859098       -12.001522623864373


# Temperature: 934.000000
# Parameters: -12.292630 0.865748 2.264439 20.277907
  17.035421195840680       -12.020046168709163
  18.122470597054591       -12.191332423841308
  19.254807305049955       -12.273307285994562
  20.433355550577456       -12.282407827968049
  21.659039564387733       -12.230033038083864
  22.932783577231394       -12.202283160221322
  24.255511819859098       -12.002470050199994


# Temperature: 935.000000
# Parameters: -12.293555 0.865894 2.259153 20.279179
  17.035421195840680       -12.020804566427103
  18.122470597054591       -12.192151862924858
  19.254807305049955       -12.274178965111259
  20.433355550577456       -12.283317299334740
  21.659039564387733       -12.230977911701412
  22.932783577231394       -12.203354773233627
  24.255511819859098       -12.003417908725396


# Temperature: 936.000000
# Parameters: -12.294480 0.866041 2.253905 20.280448
  17.035421195840680       -12.021563495831755
  18.122470597054591       -12.192971837840826
  19.254807305049955       -12.275051181096801
  20.433355550577456       -12.284227311715981
  21.659039564387733       -12.231923327369937
  22.932783577231394       -12.204426929333335
  24.255511819859098       -12.004366198404156


# Temperature: 937.000000
# Parameters: -12.295405 0.866188 2.248638 20.281717
  17.035421195840680       -12.022322954850265
  18.122470597054591       -12.193792347552783
  19.254807305049955       -12.275923937060464
  20.433355550577456       -12.285137864075342
  21.659039564387733       -12.232869283016583
  22.932783577231394       -12.205499630593298
  24.255511819859098       -12.005314921309125


# Temperature: 938.000000
# Parameters: -12.296332 0.866336 2.243360 20.282988
  17.035421195840680       -12.023082944519061
  18.122470597054591       -12.194613392060733
  19.254807305049955       -12.276797229892971
  20.433355550577456       -12.286048955376399
  21.659039564387733       -12.233815780714204
  22.932783577231394       -12.206572874940662
  24.255511819859098       -12.006264074331023


# Temperature: 939.000000
# Parameters: -12.297259 0.866485 2.238095 20.284257
  17.035421195840680       -12.023843462765290
  18.122470597054591       -12.195434970328245
  19.254807305049955       -12.277671059594319
  20.433355550577456       -12.286960586655580
  21.659039564387733       -12.234762817353520
  22.932783577231394       -12.207646663411852
  24.255511819859098       -12.007213658506279


# Temperature: 940.000000
# Parameters: -12.298186 0.866635 2.232819 20.285527
  17.035421195840680       -12.024604510625377
  18.122470597054591       -12.196257082355322
  19.254807305049955       -12.278545425128085
  20.433355550577456       -12.287872754803603
  21.659039564387733       -12.235710393970960
  22.932783577231394       -12.208720992897591
  24.255511819859098       -12.008163673834892


# Temperature: 941.000000
# Parameters: -12.299114 0.866786 2.227540 20.286796
  17.035421195840680       -12.025366086026470
  18.122470597054591       -12.197079727105535
  19.254807305049955       -12.279420327530694
  20.433355550577456       -12.288785461893323
  21.659039564387733       -12.236658509530093
  22.932783577231394       -12.209795864434305
  24.255511819859098       -12.009114118244009


# Temperature: 942.000000
# Parameters: -12.300043 0.866937 2.222263 20.288066
  17.035421195840680       -12.026128190004995
  18.122470597054591       -12.197902904578889
  19.254807305049955       -12.280295765765720
  20.433355550577456       -12.289698704815457
  21.659039564387733       -12.237607164030925
  22.932783577231394       -12.210871278021994
  24.255511819859098       -12.010064991733628


# Temperature: 943.000000
# Parameters: -12.300972 0.867090 2.216999 20.289333
  17.035421195840680       -12.026890820488100
  18.122470597054591       -12.198726613738952
  19.254807305049955       -12.281171738796738
  20.433355550577456       -12.290612485642862
  21.659039564387733       -12.238556356437025
  22.932783577231394       -12.211947231587805
  24.255511819859098       -12.011016294303753


# Temperature: 944.000000
# Parameters: -12.301902 0.867243 2.211748 20.290600
  17.035421195840680       -12.027653977475786
  18.122470597054591       -12.199550854585727
  19.254807305049955       -12.282048245587317
  20.433355550577456       -12.291526801266258
  21.659039564387733       -12.239506085711968
  22.932783577231394       -12.213023726168164
  24.255511819859098       -12.011968025954381


# Temperature: 945.000000
# Parameters: -12.302833 0.867397 2.206478 20.291868
  17.035421195840680       -12.028417662004477
  18.122470597054591       -12.200375626082788
  19.254807305049955       -12.282925287173889
  20.433355550577456       -12.292441653758496
  21.659039564387733       -12.240456352892179
  22.932783577231394       -12.214100759690218
  24.255511819859098       -12.012920185649087


# Temperature: 946.000000
# Parameters: -12.303764 0.867552 2.201198 20.293136
  17.035421195840680       -12.029181870964896
  18.122470597054591       -12.201200928230133
  19.254807305049955       -12.283802861483599
  20.433355550577456       -12.293357041046725
  21.659039564387733       -12.241407154868384
  22.932783577231394       -12.215178333190396
  24.255511819859098       -12.013872772351444


# Temperature: 947.000000
# Parameters: -12.304696 0.867707 2.195936 20.294402
  17.035421195840680       -12.029946606429894
  18.122470597054591       -12.202026759991337
  19.254807305049955       -12.284680968516446
  20.433355550577456       -12.294272962094519
  21.659039564387733       -12.242358493713429
  22.932783577231394       -12.216256444595844
  24.255511819859098       -12.014825787097880


# Temperature: 948.000000
# Parameters: -12.305629 0.867863 2.190671 20.295669
  17.035421195840680       -12.030711865290192
  18.122470597054591       -12.202853121366401
  19.254807305049955       -12.285559608272429
  20.433355550577456       -12.295189416901877
  21.659039564387733       -12.243310367354466
  22.932783577231394       -12.217335093906559
  24.255511819859098       -12.015779228851965


# Temperature: 949.000000
# Parameters: -12.306562 0.868021 2.185391 20.296936
  17.035421195840680       -12.031477649618644
  18.122470597054591       -12.203680011318896
  19.254807305049955       -12.286438779715125
  20.433355550577456       -12.296106406505224
  21.659039564387733       -12.244262775791492
  22.932783577231394       -12.218414280086119
  24.255511819859098       -12.016733096577276


# Temperature: 950.000000
# Parameters: -12.307495 0.868179 2.180123 20.298202
  17.035421195840680       -12.032243956305971
  18.122470597054591       -12.204507428812398
  19.254807305049955       -12.287318481808107
  20.433355550577456       -12.297023927795285
  21.659039564387733       -12.245215719024511
  22.932783577231394       -12.219494004170949
  24.255511819859098       -12.017687389237388


# Temperature: 951.000000
# Parameters: -12.308430 0.868338 2.174871 20.299466
  17.035421195840680       -12.033010787425026
  18.122470597054591       -12.205335374883333
  19.254807305049955       -12.288198714551372
  20.433355550577456       -12.297941981808481
  21.659039564387733       -12.246169194980666
  22.932783577231394       -12.220574264088194
  24.255511819859098       -12.018642108905148


# Temperature: 952.000000
# Parameters: -12.309364 0.868497 2.169587 20.300733
  17.035421195840680       -12.033778140902953
  18.122470597054591       -12.206163848495272
  19.254807305049955       -12.289079477944924
  20.433355550577456       -12.298860567508390
  21.659039564387733       -12.247123203659958
  22.932783577231394       -12.221655059837857
  24.255511819859098       -12.019597252471282


# Temperature: 953.000000
# Parameters: -12.310300 0.868658 2.164324 20.301998
  17.035421195840680       -12.034546015703329
  18.122470597054591       -12.206992847575366
  19.254807305049955       -12.289960770952336
  20.433355550577456       -12.299779683858585
  21.659039564387733       -12.248077746098817
  22.932783577231394       -12.222736391419938
  24.255511819859098       -12.020552820972213


# Temperature: 954.000000
# Parameters: -12.311236 0.868819 2.159074 20.303261
  17.035421195840680       -12.035314412862579
  18.122470597054591       -12.207822374196466
  19.254807305049955       -12.290842592537178
  20.433355550577456       -12.300699331895489
  21.659039564387733       -12.249032819187960
  22.932783577231394       -12.223818256761581
  24.255511819859098       -12.021508814407944


# Temperature: 955.000000
# Parameters: -12.312173 0.868981 2.153779 20.304528
  17.035421195840680       -12.036083331344278
  18.122470597054591       -12.208652425249293
  19.254807305049955       -12.291724942699453
  20.433355550577456       -12.301619509546253
  21.659039564387733       -12.249988425000240
  22.932783577231394       -12.224900656899214
  24.255511819859098       -12.022465230705620


# Temperature: 956.000000
# Parameters: -12.313110 0.869144 2.148537 20.305790
  17.035421195840680       -12.036852770111999
  18.122470597054591       -12.209483002806699
  19.254807305049955       -12.292607821439161
  20.433355550577456       -12.302540217847303
  21.659039564387733       -12.250944560426378
  22.932783577231394       -12.225983590796412
  24.255511819859098       -12.023422070901670


# Temperature: 957.000000
# Parameters: -12.314048 0.869308 2.143276 20.307053
  17.035421195840680       -12.037622729165742
  18.122470597054591       -12.210314103759407
  19.254807305049955       -12.293491226683447
  20.433355550577456       -12.303461453689359
  21.659039564387733       -12.251901227539229
  22.932783577231394       -12.227067057416749
  24.255511819859098       -12.024379333959665


# Temperature: 958.000000
# Parameters: -12.314987 0.869472 2.138001 20.308318
  17.035421195840680       -12.038393208505505
  18.122470597054591       -12.211145729143841
  19.254807305049955       -12.294375159468741
  20.433355550577456       -12.304383219145272
  21.659039564387733       -12.252858423229512
  22.932783577231394       -12.228151055723796
  24.255511819859098       -12.025337018843180


# Temperature: 959.000000
# Parameters: -12.315926 0.869638 2.132728 20.309581
  17.035421195840680       -12.039164206058437
  18.122470597054591       -12.211977877923577
  19.254807305049955       -12.295259618758614
  20.433355550577456       -12.305305512142192
  21.659039564387733       -12.253816148533653
  22.932783577231394       -12.229235586753981
  24.255511819859098       -12.026295126588639


# Temperature: 960.000000
# Parameters: -12.316866 0.869804 2.127476 20.310843
  17.035421195840680       -12.039935722860967
  18.122470597054591       -12.212810550098613
  19.254807305049955       -12.296144604553067
  20.433355550577456       -12.306228333716545
  21.659039564387733       -12.254774403451654
  22.932783577231394       -12.230320649470878
  24.255511819859098       -12.027253655123193


# Temperature: 961.000000
# Parameters: -12.317806 0.869971 2.122216 20.312105
  17.035421195840680       -12.040707756840238
  18.122470597054591       -12.213643745668948
  19.254807305049955       -12.297030114779247
  20.433355550577456       -12.307151680759050
  21.659039564387733       -12.255733185910660
  22.932783577231394       -12.231406242838061
  24.255511819859098       -12.028212605483267


# Temperature: 962.000000
# Parameters: -12.318747 0.870139 2.116951 20.313367
  17.035421195840680       -12.041480310069105
  18.122470597054591       -12.214477462561733
  19.254807305049955       -12.297916150473581
  20.433355550577456       -12.308075555342564
  21.659039564387733       -12.256692495910674
  22.932783577231394       -12.232492366855528
  24.255511819859098       -12.029171975596007


# Temperature: 963.000000
# Parameters: -12.319689 0.870307 2.111693 20.314628
  17.035421195840680       -12.042253379438288
  18.122470597054591       -12.215311700776967
  19.254807305049955       -12.298802710599642
  20.433355550577456       -12.308999956430656
  21.659039564387733       -12.257652333451693
  22.932783577231394       -12.233579020486854
  24.255511819859098       -12.030131767534268


# Temperature: 964.000000
# Parameters: -12.320631 0.870477 2.106432 20.315889
  17.035421195840680       -12.043026964947787
  18.122470597054591       -12.216146460314647
  19.254807305049955       -12.299689794121003
  20.433355550577456       -12.309924881950474
  21.659039564387733       -12.258612697497291
  22.932783577231394       -12.234666203732038
  24.255511819859098       -12.031091978188769


# Temperature: 965.000000
# Parameters: -12.321574 0.870647 2.101168 20.317150
  17.035421195840680       -12.043801067634028
  18.122470597054591       -12.216981740138351
  19.254807305049955       -12.300577401037664
  20.433355550577456       -12.310850331902021
  21.659039564387733       -12.259573588047470
  22.932783577231394       -12.235753915554655
  24.255511819859098       -12.032052608595937


# Temperature: 966.000000
# Parameters: -12.322517 0.870818 2.095911 20.318410
  17.035421195840680       -12.044575685424160
  18.122470597054591       -12.217817540248074
  19.254807305049955       -12.301465531349628
  20.433355550577456       -12.311776307321720
  21.659039564387733       -12.260535004065801
  22.932783577231394       -12.236842154918278
  24.255511819859098       -12.033013657719344


# Temperature: 967.000000
# Parameters: -12.323461 0.870990 2.090671 20.319669
  17.035421195840680       -12.045350819354610
  18.122470597054591       -12.218653859607395
  19.254807305049955       -12.302354182984038
  20.433355550577456       -12.312702806136720
  21.659039564387733       -12.261496945552286
  22.932783577231394       -12.237930922859334
  24.255511819859098       -12.033975126595418


# Temperature: 968.000000
# Parameters: -12.324406 0.871162 2.085384 20.320931
  17.035421195840680       -12.046126467352522
  18.122470597054591       -12.219490698216310
  19.254807305049955       -12.303243356977323
  20.433355550577456       -12.313629828347022
  21.659039564387733       -12.262459410434072
  22.932783577231394       -12.239020218341395
  24.255511819859098       -12.034937012114883


# Temperature: 969.000000
# Parameters: -12.325351 0.871336 2.080146 20.322188
  17.035421195840680       -12.046902629417897
  18.122470597054591       -12.220328055038394
  19.254807305049955       -12.304133052293057
  20.433355550577456       -12.314557373952622
  21.659039564387733       -12.263422400784012
  22.932783577231394       -12.240110039291610
  24.255511819859098       -12.035899316350585


# Temperature: 970.000000
# Parameters: -12.326297 0.871510 2.074891 20.323447
  17.035421195840680       -12.047679304514311
  18.122470597054591       -12.221165930073647
  19.254807305049955       -12.305023267894812
  20.433355550577456       -12.315485441917099
  21.659039564387733       -12.264385913492825
  22.932783577231394       -12.241200386746405
  24.255511819859098       -12.036862038266104


# Temperature: 971.000000
# Parameters: -12.327243 0.871685 2.069608 20.324708
  17.035421195840680       -12.048456493678188
  18.122470597054591       -12.222004322285644
  19.254807305049955       -12.305914004819016
  20.433355550577456       -12.316414031204024
  21.659039564387733       -12.265349949596940
  22.932783577231394       -12.242291259669354
  24.255511819859098       -12.037825176825010


# Temperature: 972.000000
# Parameters: -12.328190 0.871861 2.064381 20.325964
  17.035421195840680       -12.049234195873103
  18.122470597054591       -12.222843231674382
  19.254807305049955       -12.306805260992814
  20.433355550577456       -12.317343141813396
  21.659039564387733       -12.266314508059930
  22.932783577231394       -12.243382658060455
  24.255511819859098       -12.038788732027303


# Temperature: 973.000000
# Parameters: -12.329138 0.872038 2.059120 20.327222
  17.035421195840680       -12.050012410062628
  18.122470597054591       -12.223682658239865
  19.254807305049955       -12.307697035379782
  20.433355550577456       -12.318272772708790
  21.659039564387733       -12.267279588881793
  22.932783577231394       -12.244474580883285
  24.255511819859098       -12.039752702836559


# Temperature: 974.000000
# Parameters: -12.330086 0.872216 2.053858 20.328480
  17.035421195840680       -12.050791135210337
  18.122470597054591       -12.224522599909236
  19.254807305049955       -12.308589330052770
  20.433355550577456       -12.319202924926632
  21.659039564387733       -12.268245191026104
  22.932783577231394       -12.245567028137840
  24.255511819859098       -12.040717089252775


# Temperature: 975.000000
# Parameters: -12.331035 0.872394 2.048620 20.329736
  17.035421195840680       -12.051570372352659
  18.122470597054591       -12.225363057718923
  19.254807305049955       -12.309482141902503
  20.433355550577456       -12.320133596394070
  21.659039564387733       -12.269211314492864
  22.932783577231394       -12.246659997751269
  24.255511819859098       -12.041681891275953


# Temperature: 976.000000
# Parameters: -12.331985 0.872573 2.043348 20.330994
  17.035421195840680       -12.052350120453164
  18.122470597054591       -12.226204029596076
  19.254807305049955       -12.310375471965404
  20.433355550577456       -12.321064786074677
  21.659039564387733       -12.270177957209219
  22.932783577231394       -12.247753491796427
  24.255511819859098       -12.042647107869668


# Temperature: 977.000000
# Parameters: -12.332935 0.872753 2.038121 20.332248
  17.035421195840680       -12.053130378475428
  18.122470597054591       -12.227045516577117
  19.254807305049955       -12.311269319205048
  20.433355550577456       -12.321996496041304
  21.659039564387733       -12.271145121248022
  22.932783577231394       -12.248847507164033
  24.255511819859098       -12.043612740070342


# Temperature: 978.000000
# Parameters: -12.333885 0.872934 2.032864 20.333504
  17.035421195840680       -12.053911146419452
  18.122470597054591       -12.227887517625623
  19.254807305049955       -12.312163682585009
  20.433355550577456       -12.322928723184676
  21.659039564387733       -12.272112803499994
  22.932783577231394       -12.249942044890513
  24.255511819859098       -12.044578784768701


# Temperature: 979.000000
# Parameters: -12.334837 0.873116 2.027611 20.334760
  17.035421195840680       -12.054692423248806
  18.122470597054591       -12.228730032741591
  19.254807305049955       -12.313058562105285
  20.433355550577456       -12.323861468541216
  21.659039564387733       -12.273081005001561
  22.932783577231394       -12.251037103939440
  24.255511819859098       -12.045545244037594


# Temperature: 980.000000
# Parameters: -12.335788 0.873298 2.022359 20.336015
  17.035421195840680       -12.055474209999918
  18.122470597054591       -12.229573059852171
  19.254807305049955       -12.313953957765879
  20.433355550577456       -12.324794732110925
  21.659039564387733       -12.274049725752725
  22.932783577231394       -12.252132683274391
  24.255511819859098       -12.046512115804170


# Temperature: 981.000000
# Parameters: -12.336741 0.873481 2.017107 20.337270
  17.035421195840680       -12.056256504599936
  18.122470597054591       -12.230416599993790
  19.254807305049955       -12.314849869566787
  20.433355550577456       -12.325728510784526
  21.659039564387733       -12.275018963680630
  22.932783577231394       -12.253228783931789
  24.255511819859098       -12.047479401104853


# Temperature: 982.000000
# Parameters: -12.337694 0.873665 2.011868 20.338524
  17.035421195840680       -12.057039307048862
  18.122470597054591       -12.231260652130018
  19.254807305049955       -12.315746294398735
  20.433355550577456       -12.326662806634866
  21.659039564387733       -12.275988718785278
  22.932783577231394       -12.254325403838783
  24.255511819859098       -12.048447098903221


# Temperature: 983.000000
# Parameters: -12.338647 0.873850 2.006625 20.339777
  17.035421195840680       -12.057822616310265
  18.122470597054591       -12.232105216260857
  19.254807305049955       -12.316643234334572
  20.433355550577456       -12.327597617589099
  21.659039564387733       -12.276958991066669
  22.932783577231394       -12.255422542995371
  24.255511819859098       -12.049415208162845


# Temperature: 984.000000
# Parameters: -12.339602 0.874036 2.001388 20.341030
  17.035421195840680       -12.058606433420575
  18.122470597054591       -12.232950290313456
  19.254807305049955       -12.317540688337871
  20.433355550577456       -12.328532943647222
  21.659039564387733       -12.277929779488378
  22.932783577231394       -12.256520201401555
  24.255511819859098       -12.050383728883725


# Temperature: 985.000000
# Parameters: -12.340556 0.874222 1.996152 20.342282
  17.035421195840680       -12.059390756306938
  18.122470597054591       -12.233795876360665
  19.254807305049955       -12.318438654335784
  20.433355550577456       -12.329468784809233
  21.659039564387733       -12.278901084050402
  22.932783577231394       -12.257618378020908
  24.255511819859098       -12.051352661065859


# Temperature: 986.000000
# Parameters: -12.341512 0.874410 1.990900 20.343536
  17.035421195840680       -12.060175586005778
  18.122470597054591       -12.234641971293206
  19.254807305049955       -12.319337133364733
  20.433355550577456       -12.330405140038708
  21.659039564387733       -12.279872903716315
  22.932783577231394       -12.258717072853429
  24.255511819859098       -12.052322003672826


# Temperature: 987.000000
# Parameters: -12.342468 0.874598 1.985675 20.344786
  17.035421195840680       -12.060960920444247
  18.122470597054591       -12.235488576147505
  19.254807305049955       -12.320236125424719
  20.433355550577456       -12.331342009335648
  21.659039564387733       -12.280845237449693
  22.932783577231394       -12.259816284862694
  24.255511819859098       -12.053291756704622


# Temperature: 988.000000
# Parameters: -12.343424 0.874787 1.980433 20.346038
  17.035421195840680       -12.061746759622341
  18.122470597054591       -12.236335689887136
  19.254807305049955       -12.321135628442891
  20.433355550577456       -12.332279391663626
  21.659039564387733       -12.281818086286961
  22.932783577231394       -12.260916013012276
  24.255511819859098       -12.054261920161247


# Temperature: 989.000000
# Parameters: -12.344382 0.874976 1.975196 20.347289
  17.035421195840680       -12.062533104576490
  18.122470597054591       -12.237183312512100
  19.254807305049955       -12.322035643455672
  20.433355550577456       -12.333217287022640
  21.659039564387733       -12.282791449191691
  22.932783577231394       -12.262016257302173
  24.255511819859098       -12.055232493006276


# Temperature: 990.000000
# Parameters: -12.345339 0.875167 1.969964 20.348539
  17.035421195840680       -12.063319952197412
  18.122470597054591       -12.238031444022395
  19.254807305049955       -12.322936168390212
  20.433355550577456       -12.334155693339840
  21.659039564387733       -12.283765325127462
  22.932783577231394       -12.263117017732387
  24.255511819859098       -12.056203475239709


# Temperature: 991.000000
# Parameters: -12.346298 0.875358 1.964726 20.349790
  17.035421195840680       -12.064107304557961
  18.122470597054591       -12.238880082345171
  19.254807305049955       -12.323837203246512
  20.433355550577456       -12.335094612688076
  21.659039564387733       -12.284739714094266
  22.932783577231394       -12.264218294302918
  24.255511819859098       -12.057174864788692


# Temperature: 992.000000
# Parameters: -12.347257 0.875551 1.959469 20.351042
  17.035421195840680       -12.064895159585284
  18.122470597054591       -12.239729227480424
  19.254807305049955       -12.324738749060995
  20.433355550577456       -12.336034041958071
  21.659039564387733       -12.285714615055683
  22.932783577231394       -12.265320083904486
  24.255511819859098       -12.058146663726081


# Temperature: 993.000000
# Parameters: -12.348216 0.875743 1.954253 20.352290
  17.035421195840680       -12.065683517279380
  18.122470597054591       -12.240578879428158
  19.254807305049955       -12.325640803760811
  20.433355550577456       -12.336973983222677
  21.659039564387733       -12.286690028011712
  22.932783577231394       -12.266422388609943
  24.255511819859098       -12.059118871015444


# Temperature: 994.000000
# Parameters: -12.349176 0.875937 1.949021 20.353539
  17.035421195840680       -12.066472376603825
  18.122470597054591       -12.241429038188370
  19.254807305049955       -12.326543366309533
  20.433355550577456       -12.337914434409040
  21.659039564387733       -12.287665952962351
  22.932783577231394       -12.267525207382866
  24.255511819859098       -12.060091485620360


# Temperature: 995.000000
# Parameters: -12.350137 0.876132 1.943796 20.354787
  17.035421195840680       -12.067261738595043
  18.122470597054591       -12.242279702724638
  19.254807305049955       -12.327446437743586
  20.433355550577456       -12.338855394480737
  21.659039564387733       -12.288642387834749
  22.932783577231394       -12.268628539186825
  24.255511819859098       -12.061064506504399


# Temperature: 996.000000
# Parameters: -12.351098 0.876327 1.938557 20.356036
  17.035421195840680       -12.068051601180182
  18.122470597054591       -12.243130872000529
  19.254807305049955       -12.328350017026544
  20.433355550577456       -12.339796864474192
  21.659039564387733       -12.289619333665332
  22.932783577231394       -12.269732384021820
  24.255511819859098       -12.062037934703991


# Temperature: 997.000000
# Parameters: -12.352060 0.876523 1.933328 20.357283
  17.035421195840680       -12.068841965395670
  18.122470597054591       -12.243982546016049
  19.254807305049955       -12.329254104158409
  20.433355550577456       -12.340738843352979
  21.659039564387733       -12.290596788381245
  22.932783577231394       -12.270836740851427
  24.255511819859098       -12.063011769182706


# Temperature: 998.000000
# Parameters: -12.353023 0.876720 1.928108 20.358530
  17.035421195840680       -12.069632829168652
  18.122470597054591       -12.244834724771195
  19.254807305049955       -12.330158697066327
  20.433355550577456       -12.341681330080670
  21.659039564387733       -12.291574753018919
  22.932783577231394       -12.271941608639221
  24.255511819859098       -12.063986009940546


# Temperature: 999.000000
# Parameters: -12.353986 0.876918 1.922876 20.359777
  17.035421195840680       -12.070424192499129
  18.122470597054591       -12.245687406193115
  19.254807305049955       -12.331063796786724
  20.433355550577456       -12.342624324657267
  21.659039564387733       -12.292553226541923
  22.932783577231394       -12.273046988421623
  24.255511819859098       -12.064960655941084


# Temperature: 1000.000000
# Parameters: -12.354950 0.877117 1.917651 20.361024
  17.035421195840680       -12.071216056423527
  18.122470597054591       -12.246540592354661
  19.254807305049955       -12.331969402283173
  20.433355550577456       -12.343567827082772
  21.659039564387733       -12.293532208950261
  22.932783577231394       -12.274152879162211
  24.255511819859098       -12.065935707184320


# Temperature: 1001.000000
# Parameters: -12.355914 0.877316 1.912448 20.362268
  17.035421195840680       -12.072008418868995
  18.122470597054591       -12.247394280146555
  19.254807305049955       -12.332875513555678
  20.433355550577456       -12.344511835284328
  21.659039564387733       -12.294511699207503
  22.932783577231394       -12.275259279824557
  24.255511819859098       -12.066911162633827


# Temperature: 1002.000000
# Parameters: -12.356879 0.877517 1.907223 20.363514
  17.035421195840680       -12.072801278799103
  18.122470597054591       -12.248248471641649
  19.254807305049955       -12.333782128531380
  20.433355550577456       -12.345456350298365
  21.659039564387733       -12.295491696277224
  22.932783577231394       -12.276366189372235
  24.255511819859098       -12.067887023326033


# Temperature: 1003.000000
# Parameters: -12.357844 0.877718 1.901982 20.364760
  17.035421195840680       -12.073594637250283
  18.122470597054591       -12.249103163730664
  19.254807305049955       -12.334689249283137
  20.433355550577456       -12.346401371088453
  21.659039564387733       -12.296472200159425
  22.932783577231394       -12.277473609878097
  24.255511819859098       -12.068863287188085


# Temperature: 1004.000000
# Parameters: -12.358810 0.877920 1.896751 20.366006
  17.035421195840680       -12.074388494222529
  18.122470597054591       -12.249958358486454
  19.254807305049955       -12.335596872701666
  20.433355550577456       -12.347346897654596
  21.659039564387733       -12.297453210854107
  22.932783577231394       -12.278581538232867
  24.255511819859098       -12.069839955256409


# Temperature: 1005.000000
# Parameters: -12.359777 0.878122 1.891554 20.367248
  17.035421195840680       -12.075182846606566
  18.122470597054591       -12.250814052799740
  19.254807305049955       -12.336505000859823
  20.433355550577456       -12.348292928960364
  21.659039564387733       -12.298434727324839
  22.932783577231394       -12.279689974436540
  24.255511819859098       -12.070817026494579


# Temperature: 1006.000000
# Parameters: -12.360744 0.878326 1.886325 20.368493
  17.035421195840680       -12.075977696475244
  18.122470597054591       -12.251670248743372
  19.254807305049955       -12.337413631684754
  20.433355550577456       -12.349239463969333
  21.659039564387733       -12.299416749571625
  22.932783577231394       -12.280798918489120
  24.255511819859098       -12.071794499866167


# Temperature: 1007.000000
# Parameters: -12.361712 0.878530 1.881126 20.369735
  17.035421195840680       -12.076773042792139
  18.122470597054591       -12.252526944244499
  19.254807305049955       -12.338322764140033
  20.433355550577456       -12.350186503717929
  21.659039564387733       -12.300399276558039
  22.932783577231394       -12.281908370390607
  24.255511819859098       -12.072772376407601


# Temperature: 1008.000000
# Parameters: -12.362680 0.878735 1.875897 20.370979
  17.035421195840680       -12.077568884520822
  18.122470597054591       -12.253384139303122
  19.254807305049955       -12.339232399262086
  20.433355550577456       -12.351134046133298
  21.659039564387733       -12.301382307247652
  22.932783577231394       -12.283018329104571
  24.255511819859098       -12.073750654046028


# Temperature: 1009.000000
# Parameters: -12.363649 0.878941 1.870709 20.372219
  17.035421195840680       -12.078365221661297
  18.122470597054591       -12.254241832882814
  19.254807305049955       -12.340142536014486
  20.433355550577456       -12.352082091215442
  21.659039564387733       -12.302365842676892
  22.932783577231394       -12.284128793594588
  24.255511819859098       -12.074729333817874


# Temperature: 1010.000000
# Parameters: -12.364618 0.879148 1.865502 20.373461
  17.035421195840680       -12.079162053177134
  18.122470597054591       -12.255100026019999
  19.254807305049955       -12.341053173360807
  20.433355550577456       -12.353030640000785
  21.659039564387733       -12.303349881809334
  22.932783577231394       -12.285239763860659
  24.255511819859098       -12.075708414686712


# Temperature: 1011.000000
# Parameters: -12.365588 0.879356 1.860283 20.374703
  17.035421195840680       -12.079959379068335
  18.122470597054591       -12.255958716641828
  19.254807305049955       -12.341964311301052
  20.433355550577456       -12.353979689380051
  21.659039564387733       -12.304334423608548
  22.932783577231394       -12.286351239902784
  24.255511819859098       -12.076687896652544


# Temperature: 1012.000000
# Parameters: -12.366559 0.879564 1.855070 20.375944
  17.035421195840680       -12.080757199334897
  18.122470597054591       -12.256817905784724
  19.254807305049955       -12.342875949835214
  20.433355550577456       -12.354929241426090
  21.659039564387733       -12.305319468074536
  22.932783577231394       -12.287463220684534
  24.255511819859098       -12.077667778678943


# Temperature: 1013.000000
# Parameters: -12.367530 0.879773 1.849869 20.377184
  17.035421195840680       -12.081555512940399
  18.122470597054591       -12.257677591375836
  19.254807305049955       -12.343788087926875
  20.433355550577456       -12.355879294066051
  21.659039564387733       -12.306305014170873
  22.932783577231394       -12.288575706205911
  24.255511819859098       -12.078648061802333


# Temperature: 1014.000000
# Parameters: -12.368502 0.879983 1.844659 20.378424
  17.035421195840680       -12.082354318848409
  18.122470597054591       -12.258537773415165
  19.254807305049955       -12.344700724539603
  20.433355550577456       -12.356829847299933
  21.659039564387733       -12.307291062933983
  22.932783577231394       -12.289688694394062
  24.255511819859098       -12.079628742913439


# Temperature: 1015.000000
# Parameters: -12.369475 0.880194 1.839459 20.379664
  17.035421195840680       -12.083153618095359
  18.122470597054591       -12.259398452939138
  19.254807305049955       -12.345613860709825
  20.433355550577456       -12.357780900091310
  21.659039564387733       -12.308277612291013
  22.932783577231394       -12.290802187321841
  24.255511819859098       -12.080609824085110


# Temperature: 1016.000000
# Parameters: -12.370448 0.880405 1.834248 20.380903
  17.035421195840680       -12.083953408608391
  18.122470597054591       -12.260259626838472
  19.254807305049955       -12.346527494364690
  20.433355550577456       -12.358732452440181
  21.659039564387733       -12.309264662241967
  22.932783577231394       -12.291916181879966
  24.255511819859098       -12.081591304280922


# Temperature: 1017.000000
# Parameters: -12.371421 0.880618 1.829060 20.382141
  17.035421195840680       -12.084753691423934
  18.122470597054591       -12.261121297186023
  19.254807305049955       -12.347441626540624
  20.433355550577456       -12.359684504346548
  21.659039564387733       -12.310252211750415
  22.932783577231394       -12.293030680141293
  24.255511819859098       -12.082573183500873


# Temperature: 1018.000000
# Parameters: -12.372395 0.880831 1.823872 20.383378
  17.035421195840680       -12.085554465505561
  18.122470597054591       -12.261983461908937
  19.254807305049955       -12.348356255164774
  20.433355550577456       -12.360637054773983
  21.659039564387733       -12.311240261852783
  22.932783577231394       -12.294145678996539
  24.255511819859098       -12.083555460708538


# Temperature: 1019.000000
# Parameters: -12.373370 0.881045 1.818628 20.384620
  17.035421195840680       -12.086355729816846
  18.122470597054591       -12.262846121007213
  19.254807305049955       -12.349271381273565
  20.433355550577456       -12.361590103722488
  21.659039564387733       -12.312228810476221
  22.932783577231394       -12.295261180518560
  24.255511819859098       -12.084538134867493


# Temperature: 1020.000000
# Parameters: -12.374345 0.881260 1.813475 20.385853
  17.035421195840680       -12.087157484357791
  18.122470597054591       -12.263709274480853
  19.254807305049955       -12.350187002794147
  20.433355550577456       -12.362543650155635
  21.659039564387733       -12.313217858657154
  22.932783577231394       -12.296377181598077
  24.255511819859098       -12.085521207014160


# Temperature: 1021.000000
# Parameters: -12.375321 0.881475 1.808277 20.387090
  17.035421195840680       -12.087959729128391
  18.122470597054591       -12.264572921293430
  19.254807305049955       -12.351103120762945
  20.433355550577456       -12.363497694073423
  21.659039564387733       -12.314207404322728
  22.932783577231394       -12.297493684307941
  24.255511819859098       -12.086504676112114


# Temperature: 1022.000000
# Parameters: -12.376297 0.881692 1.803065 20.388328
  17.035421195840680       -12.088762463092223
  18.122470597054591       -12.265437061444945
  19.254807305049955       -12.352019735179958
  20.433355550577456       -12.364452234439428
  21.659039564387733       -12.315197448509371
  22.932783577231394       -12.298610686575300
  24.255511819859098       -12.087488541124930


# Temperature: 1023.000000
# Parameters: -12.377274 0.881909 1.797907 20.389561
  17.035421195840680       -12.089565685212863
  18.122470597054591       -12.266301693898969
  19.254807305049955       -12.352936842935909
  20.433355550577456       -12.365407271253648
  21.659039564387733       -12.316187989144231
  22.932783577231394       -12.299728188400154
  24.255511819859098       -12.088472803089033


# Temperature: 1024.000000
# Parameters: -12.378252 0.882127 1.792714 20.390796
  17.035421195840680       -12.090369396526732
  18.122470597054591       -12.267166818655506
  19.254807305049955       -12.353854446103648
  20.433355550577456       -12.366362803479658
  21.659039564387733       -12.317179027263734
  22.932783577231394       -12.300846189782503
  24.255511819859098       -12.089457460967997


# Temperature: 1025.000000
# Parameters: -12.379230 0.882346 1.787524 20.392031
  17.035421195840680       -12.091173595997407
  18.122470597054591       -12.268032434678124
  19.254807305049955       -12.354772543646753
  20.433355550577456       -12.367318831117458
  21.659039564387733       -12.318170561831451
  22.932783577231394       -12.301964689685921
  24.255511819859098       -12.090442514761822


# Temperature: 1026.000000
# Parameters: -12.380209 0.882565 1.782359 20.393263
  17.035421195840680       -12.091978282588460
  18.122470597054591       -12.268898541966829
  19.254807305049955       -12.355691133492366
  20.433355550577456       -12.368275354167048
  21.659039564387733       -12.319162591810958
  22.932783577231394       -12.303083687073979
  24.255511819859098       -12.091427962397656


# Temperature: 1027.000000
# Parameters: -12.381188 0.882786 1.777159 20.394498
  17.035421195840680       -12.092783457336319
  18.122470597054591       -12.269765140521617
  19.254807305049955       -12.356610217713344
  20.433355550577456       -12.369232371592002
  21.659039564387733       -12.320155117202255
  22.932783577231394       -12.304203181946681
  24.255511819859098       -12.092413805948352


# Temperature: 1028.000000
# Parameters: -12.382168 0.883007 1.771984 20.395731
  17.035421195840680       -12.093589117131705
  18.122470597054591       -12.270632229306063
  19.254807305049955       -12.357529794236832
  20.433355550577456       -12.370189883392317
  21.659039564387733       -12.321148138005341
  22.932783577231394       -12.305323174304025
  24.255511819859098       -12.093400043341056


# Temperature: 1029.000000
# Parameters: -12.383149 0.883229 1.766823 20.396962
  17.035421195840680       -12.094395265083895
  18.122470597054591       -12.271499807283741
  19.254807305049955       -12.358449862026404
  20.433355550577456       -12.371147887495145
  21.659039564387733       -12.322141653183792
  22.932783577231394       -12.306443664146013
  24.255511819859098       -12.094386674575768


# Temperature: 1030.000000
# Parameters: -12.384130 0.883452 1.761629 20.398195
  17.035421195840680       -12.095201897047186
  18.122470597054591       -12.272367875491076
  19.254807305049955       -12.359370423154914
  20.433355550577456       -12.372106385973334
  21.659039564387733       -12.323135662737606
  22.932783577231394       -12.307564649399788
  24.255511819859098       -12.095373699652487


# Temperature: 1031.000000
# Parameters: -12.385111 0.883676 1.756456 20.399427
  17.035421195840680       -12.096009015094429
  18.122470597054591       -12.273236431855217
  19.254807305049955       -12.360291474513080
  20.433355550577456       -12.373065375717609
  21.659039564387733       -12.324130165630356
  22.932783577231394       -12.308686130065356
  24.255511819859098       -12.096361117534791


# Temperature: 1032.000000
# Parameters: -12.386093 0.883900 1.751277 20.400658
  17.035421195840680       -12.096816618189198
  18.122470597054591       -12.274105477412590
  19.254807305049955       -12.361213017137331
  20.433355550577456       -12.374024858800819
  21.659039564387733       -12.325125161862042
  22.932783577231394       -12.309808107179137
  24.255511819859098       -12.097348929259102


# Temperature: 1033.000000
# Parameters: -12.387076 0.884126 1.746118 20.401887
  17.035421195840680       -12.097624706331494
  18.122470597054591       -12.274975011126768
  19.254807305049955       -12.362135049991242
  20.433355550577456       -12.374984833150116
  21.659039564387733       -12.326120650396241
  22.932783577231394       -12.310930577631856
  24.255511819859098       -12.098337132752569


# Temperature: 1034.000000
# Parameters: -12.388059 0.884352 1.740955 20.403117
  17.035421195840680       -12.098433278484890
  18.122470597054591       -12.275845031961325
  19.254807305049955       -12.363057572038382
  20.433355550577456       -12.375945297729068
  21.659039564387733       -12.327116631232949
  22.932783577231394       -12.312053543496363
  24.255511819859098       -12.099325728015192


# Temperature: 1035.000000
# Parameters: -12.389043 0.884578 1.735791 20.404346
  17.035421195840680       -12.099242333612958
  18.122470597054591       -12.276715540952686
  19.254807305049955       -12.363980584315181
  20.433355550577456       -12.376906254610532
  21.659039564387733       -12.328113103335742
  22.932783577231394       -12.313177002699810
  24.255511819859098       -12.100314716083398


# Temperature: 1036.000000
# Parameters: -12.390028 0.884806 1.730617 20.405576
  17.035421195840680       -12.100051871715701
  18.122470597054591       -12.277586536028000
  19.254807305049955       -12.364904085785211
  20.433355550577456       -12.377867700685227
  21.659039564387733       -12.329110067741045
  22.932783577231394       -12.314300956278618
  24.255511819859098       -12.101304094884332


# Temperature: 1037.000000
# Parameters: -12.391013 0.885035 1.725445 20.406805
  17.035421195840680       -12.100861892793118
  18.122470597054591       -12.278458017187267
  19.254807305049955       -12.365828075412047
  20.433355550577456       -12.378829636989581
  21.659039564387733       -12.330107522376005
  22.932783577231394       -12.315425402159937
  24.255511819859098       -12.102293864417996


# Temperature: 1038.000000
# Parameters: -12.391998 0.885264 1.720306 20.408031
  17.035421195840680       -12.101672396845208
  18.122470597054591       -12.279329984430488
  19.254807305049955       -12.366752553195688
  20.433355550577456       -12.379792062487166
  21.659039564387733       -12.331105467240626
  22.932783577231394       -12.316550340343767
  24.255511819859098       -12.103284024684388


# Temperature: 1039.000000
# Parameters: -12.392984 0.885494 1.715146 20.409258
  17.035421195840680       -12.102483381799118
  18.122470597054591       -12.280202436721234
  19.254807305049955       -12.367677519136134
  20.433355550577456       -12.380754977177983
  21.659039564387733       -12.332103902334902
  22.932783577231394       -12.317675770830107
  24.255511819859098       -12.104274575683512


# Temperature: 1040.000000
# Parameters: -12.393971 0.885725 1.709988 20.410485
  17.035421195840680       -12.103294848691275
  18.122470597054591       -12.281075374059506
  19.254807305049955       -12.368602971160533
  20.433355550577456       -12.381718381062031
  21.659039564387733       -12.333102826622410
  22.932783577231394       -12.318801692582532
  24.255511819859098       -12.105265516378939


# Temperature: 1041.000000
# Parameters: -12.394958 0.885957 1.704821 20.411712
  17.035421195840680       -12.104106796485254
  18.122470597054591       -12.281948796445304
  19.254807305049955       -12.369528911341737
  20.433355550577456       -12.382682272066459
  21.659039564387733       -12.334102240103151
  22.932783577231394       -12.319928105601042
  24.255511819859098       -12.106256846770668


# Temperature: 1042.000000
# Parameters: -12.395946 0.886189 1.699677 20.412937
  17.035421195840680       -12.104919225181055
  18.122470597054591       -12.282822702842203
  19.254807305049955       -12.370455336570467
  20.433355550577456       -12.383646650191265
  21.659039564387733       -12.335102142777123
  22.932783577231394       -12.321055008849209
  24.255511819859098       -12.107248565822273


# Temperature: 1043.000000
# Parameters: -12.396935 0.886422 1.694526 20.414162
  17.035421195840680       -12.105732133742249
  18.122470597054591       -12.283697092213774
  19.254807305049955       -12.371382247883151
  20.433355550577456       -12.384611516472877
  21.659039564387733       -12.336102532571473
  22.932783577231394       -12.322182402327034
  24.255511819859098       -12.108240674570183


# Temperature: 1044.000000
# Parameters: -12.397923 0.886657 1.689352 20.415389
  17.035421195840680       -12.106545522168837
  18.122470597054591       -12.284571965596447
  19.254807305049955       -12.372309645279786
  20.433355550577456       -12.385576868838440
  21.659039564387733       -12.337103410522630
  22.932783577231394       -12.323310286034516
  24.255511819859098       -12.109233170941542


# Temperature: 1045.000000
# Parameters: -12.398913 0.886891 1.684227 20.416611
  17.035421195840680       -12.107359390460820
  18.122470597054591       -12.285447320917365
  19.254807305049955       -12.373237527723948
  20.433355550577456       -12.386542708324383
  21.659039564387733       -12.338104775594164
  22.932783577231394       -12.324438658935231
  24.255511819859098       -12.110226055972777


# Temperature: 1046.000000
# Parameters: -12.399903 0.887127 1.679097 20.417833
  17.035421195840680       -12.108173736545346
  18.122470597054591       -12.286323159212959
  19.254807305049955       -12.374165894179209
  20.433355550577456       -12.387509032857853
  21.659039564387733       -12.339106626749652
  22.932783577231394       -12.325567521029177
  24.255511819859098       -12.111219328627465


# Temperature: 1047.000000
# Parameters: -12.400894 0.887363 1.673946 20.419057
  17.035421195840680       -12.108988561458839
  18.122470597054591       -12.287199479446798
  19.254807305049955       -12.375094744645571
  20.433355550577456       -12.388475842438847
  21.659039564387733       -12.340108965025518
  22.932783577231394       -12.326696870243502
  24.255511819859098       -12.112212987869176


# Temperature: 1048.000000
# Parameters: -12.401885 0.887601 1.668801 20.420280
  17.035421195840680       -12.109803864164874
  18.122470597054591       -12.288076280582459
  19.254807305049955       -12.376024079123033
  20.433355550577456       -12.389443137067369
  21.659039564387733       -12.341111789385337
  22.932783577231394       -12.327826708651058
  24.255511819859098       -12.113207034734337


# Temperature: 1049.000000
# Parameters: -12.402877 0.887839 1.663667 20.421502
  17.035421195840680       -12.110619644663451
  18.122470597054591       -12.288953562619941
  19.254807305049955       -12.376953896575166
  20.433355550577456       -12.390410916743418
  21.659039564387733       -12.342115098792682
  22.932783577231394       -12.328957033142567
  24.255511819859098       -12.114201468186524


# Temperature: 1050.000000
# Parameters: -12.403869 0.888078 1.658528 20.422723
  17.035421195840680       -12.111435902954570
  18.122470597054591       -12.289831325559243
  19.254807305049955       -12.377884195965549
  20.433355550577456       -12.391379179394139
  21.659039564387733       -12.343118892211129
  22.932783577231394       -12.330087845790882
  24.255511819859098       -12.115196288225732


# Temperature: 1051.000000
# Parameters: -12.404862 0.888317 1.653402 20.423943
  17.035421195840680       -12.112252636965380
  18.122470597054591       -12.290709568363940
  19.254807305049955       -12.378814979367032
  20.433355550577456       -12.392347926055960
  21.659039564387733       -12.344123171713527
  22.932783577231394       -12.331219144523148
  24.255511819859098       -12.116191493815540


# Temperature: 1052.000000
# Parameters: -12.405855 0.888558 1.648273 20.425163
  17.035421195840680       -12.113069847732303
  18.122470597054591       -12.291588292070458
  19.254807305049955       -12.379746243670334
  20.433355550577456       -12.393317156728882
  21.659039564387733       -12.345127934190597
  22.932783577231394       -12.332350929339368
  24.255511819859098       -12.117187084955946


# Temperature: 1053.000000
# Parameters: -12.406849 0.888799 1.643147 20.426383
  17.035421195840680       -12.113887535255342
  18.122470597054591       -12.292467493569518
  19.254807305049955       -12.380677988875458
  20.433355550577456       -12.394286869340050
  21.659039564387733       -12.346133180678768
  22.932783577231394       -12.333483200239540
  24.255511819859098       -12.118183061646949


# Temperature: 1054.000000
# Parameters: -12.407844 0.889041 1.637991 20.427604
  17.035421195840680       -12.114705696425219
  18.122470597054591       -12.293347174933972
  19.254807305049955       -12.381610216018830
  20.433355550577456       -12.395257063889467
  21.659039564387733       -12.347138910141613
  22.932783577231394       -12.334615956187239
  24.255511819859098       -12.119179422852122


# Temperature: 1055.000000
# Parameters: -12.408839 0.889284 1.632853 20.428824
  17.035421195840680       -12.115524334351209
  18.122470597054591       -12.294227334090969
  19.254807305049955       -12.382542923027595
  20.433355550577456       -12.396227740377130
  21.659039564387733       -12.348145122579131
  22.932783577231394       -12.335749196146036
  24.255511819859098       -12.120176168571469


# Temperature: 1056.000000
# Parameters: -12.409835 0.889528 1.627751 20.430040
  17.035421195840680       -12.116343445924038
  18.122470597054591       -12.295107971040506
  19.254807305049955       -12.383476110938181
  20.433355550577456       -12.397198897766613
  21.659039564387733       -12.349151816954897
  22.932783577231394       -12.336882921152361
  24.255511819859098       -12.121173297768561


# Temperature: 1057.000000
# Parameters: -12.410831 0.889772 1.622626 20.431258
  17.035421195840680       -12.117163032180128
  18.122470597054591       -12.295989085782587
  19.254807305049955       -12.384409778714163
  20.433355550577456       -12.398170537094344
  21.659039564387733       -12.350158993268909
  22.932783577231394       -12.338017129133359
  24.255511819859098       -12.122170811479823


# Temperature: 1058.000000
# Parameters: -12.411828 0.890017 1.617554 20.432471
  17.035421195840680       -12.117983092083055
  18.122470597054591       -12.296870677280783
  19.254807305049955       -12.385343924282687
  20.433355550577456       -12.399142656287470
  21.659039564387733       -12.351166650484744
  22.932783577231394       -12.339151821125457
  24.255511819859098       -12.123168708668830


# Temperature: 1059.000000
# Parameters: -12.412825 0.890263 1.612401 20.433691
  17.035421195840680       -12.118803624596392
  18.122470597054591       -12.297752746571520
  19.254807305049955       -12.386278549716604
  20.433355550577456       -12.400115255345989
  21.659039564387733       -12.352174789638825
  22.932783577231394       -12.340286996092228
  24.255511819859098       -12.124166989335583


# Temperature: 1060.000000
# Parameters: -12.413823 0.890510 1.607311 20.434904
  17.035421195840680       -12.119624630756567
  18.122470597054591       -12.298635291581947
  19.254807305049955       -12.387213653979488
  20.433355550577456       -12.401088334269904
  21.659039564387733       -12.353183408658300
  22.932783577231394       -12.341422652997247
  24.255511819859098       -12.125165651407228


# Temperature: 1061.000000
# Parameters: -12.414822 0.890758 1.602176 20.436122
  17.035421195840680       -12.120446109527151
  18.122470597054591       -12.299518312312063
  19.254807305049955       -12.388149234998490
  20.433355550577456       -12.402061892022788
  21.659039564387733       -12.354192507543170
  22.932783577231394       -12.342558792876940
  24.255511819859098       -12.126164696956618


# Temperature: 1062.000000
# Parameters: -12.415821 0.891006 1.597055 20.437337
  17.035421195840680       -12.121268059871719
  18.122470597054591       -12.300401807725441
  19.254807305049955       -12.389085294846460
  20.433355550577456       -12.403035929641065
  21.659039564387733       -12.355202086293435
  22.932783577231394       -12.343695413658454
  24.255511819859098       -12.127164123910900


# Temperature: 1063.000000
# Parameters: -12.416820 0.891256 1.591961 20.438550
  17.035421195840680       -12.122090481790270
  18.122470597054591       -12.301285778858508
  19.254807305049955       -12.390021830414119
  20.433355550577456       -12.404010444015459
  21.659039564387733       -12.356212144909094
  22.932783577231394       -12.344832516378213
  24.255511819859098       -12.128163933306501


# Temperature: 1064.000000
# Parameters: -12.417820 0.891505 1.586865 20.439763
  17.035421195840680       -12.122913376319232
  18.122470597054591       -12.302170224674841
  19.254807305049955       -12.390958843774319
  20.433355550577456       -12.404985437218819
  21.659039564387733       -12.357222681317294
  22.932783577231394       -12.345970098963368
  24.255511819859098       -12.129164123070570


# Temperature: 1065.000000
# Parameters: -12.418821 0.891756 1.581761 20.440976
  17.035421195840680       -12.123736740349326
  18.122470597054591       -12.303055144138007
  19.254807305049955       -12.391896332854209
  20.433355550577456       -12.405960907178297
  21.659039564387733       -12.358233696554464
  22.932783577231394       -12.347108162450345
  24.255511819859098       -12.130164694239529


# Temperature: 1066.000000
# Parameters: -12.419822 0.892008 1.576659 20.442189
  17.035421195840680       -12.124560574916977
  18.122470597054591       -12.303940537248010
  19.254807305049955       -12.392834297653788
  20.433355550577456       -12.406936854930315
  21.659039564387733       -12.359245189584176
  22.932783577231394       -12.348246704766289
  24.255511819859098       -12.131165645776955


# Temperature: 1067.000000
# Parameters: -12.420824 0.892261 1.571552 20.443401
  17.035421195840680       -12.125384880022185
  18.122470597054591       -12.304826404004851
  19.254807305049955       -12.393772737136629
  20.433355550577456       -12.407913278402024
  21.659039564387733       -12.360257160406428
  22.932783577231394       -12.349385727984053
  24.255511819859098       -12.132166977682848


# Temperature: 1068.000000
# Parameters: -12.421826 0.892513 1.566488 20.444610
  17.035421195840680       -12.126209654628525
  18.122470597054591       -12.305712744408527
  19.254807305049955       -12.394711652339161
  20.433355550577456       -12.408890178629846
  21.659039564387733       -12.361269607984797
  22.932783577231394       -12.350525228994361
  24.255511819859098       -12.133168689957206


# Temperature: 1069.000000
# Parameters: -12.422829 0.892768 1.561363 20.445823
  17.035421195840680       -12.127034898735996
  18.122470597054591       -12.306599556386189
  19.254807305049955       -12.395651042224955
  20.433355550577456       -12.409867554577358
  21.659039564387733       -12.362282532319281
  22.932783577231394       -12.351665208833635
  24.255511819859098       -12.134170780527178


# Temperature: 1070.000000
# Parameters: -12.423833 0.893022 1.556299 20.447031
  17.035421195840680       -12.127860611308170
  18.122470597054591       -12.307486839937834
  19.254807305049955       -12.396590906794012
  20.433355550577456       -12.410845405208136
  21.659039564387733       -12.363295932373454
  22.932783577231394       -12.352805666465454
  24.255511819859098       -12.135173251465615


# Temperature: 1071.000000
# Parameters: -12.424837 0.893278 1.551180 20.448243
  17.035421195840680       -12.128686792345050
  18.122470597054591       -12.308374596099888
  19.254807305049955       -12.397531243973479
  20.433355550577456       -12.411823730522173
  21.659039564387733       -12.364309808147317
  22.932783577231394       -12.353946602926237
  24.255511819859098       -12.136176100699666


# Temperature: 1072.000000
# Parameters: -12.425841 0.893534 1.546109 20.449451
  17.035421195840680       -12.129513440810209
  18.122470597054591       -12.309262822799500
  19.254807305049955       -12.398472054799782
  20.433355550577456       -12.412802530519475
  21.659039564387733       -12.365324159640869
  22.932783577231394       -12.355088015106713
  24.255511819859098       -12.137179329265757


# Temperature: 1073.000000
# Parameters: -12.426846 0.893791 1.541039 20.450658
  17.035421195840680       -12.130340557740073
  18.122470597054591       -12.310151520036671
  19.254807305049955       -12.399413338236496
  20.433355550577456       -12.413781805200038
  21.659039564387733       -12.366338985817682
  22.932783577231394       -12.356229905079729
  24.255511819859098       -12.138182935091034


# Temperature: 1074.000000
# Parameters: -12.427852 0.894049 1.535978 20.451864
  17.035421195840680       -12.131168141061789
  18.122470597054591       -12.311040687811397
  19.254807305049955       -12.400355094283620
  20.433355550577456       -12.414761552491013
  21.659039564387733       -12.367354286677759
  22.932783577231394       -12.357372270772434
  24.255511819859098       -12.139186919211927


# Temperature: 1075.000000
# Parameters: -12.428858 0.894308 1.530893 20.453072
  17.035421195840680       -12.131996190775357
  18.122470597054591       -12.311930326123683
  19.254807305049955       -12.401297321904728
  20.433355550577456       -12.415741773428824
  21.659039564387733       -12.368370061184674
  22.932783577231394       -12.358515113221255
  24.255511819859098       -12.140191280592004


# Temperature: 1076.000000
# Parameters: -12.429865 0.894567 1.525815 20.454279
  17.035421195840680       -12.132824707917203
  18.122470597054591       -12.312820432900672
  19.254807305049955       -12.402240021099820
  20.433355550577456       -12.416722466977044
  21.659039564387733       -12.369386309338424
  22.932783577231394       -12.359658430353340
  24.255511819859098       -12.141196019231270


# Temperature: 1077.000000
# Parameters: -12.430872 0.894828 1.520733 20.455485
  17.035421195840680       -12.133653690414475
  18.122470597054591       -12.313711009178792
  19.254807305049955       -12.403183191868894
  20.433355550577456       -12.417703633135675
  21.659039564387733       -12.370403031139011
  22.932783577231394       -12.360802222168687
  24.255511819859098       -12.142201134093296


# Temperature: 1078.000000
# Parameters: -12.431880 0.895089 1.515677 20.456690
  17.035421195840680       -12.134483138267173
  18.122470597054591       -12.314602054958044
  19.254807305049955       -12.404126833175528
  20.433355550577456       -12.418685269831865
  21.659039564387733       -12.371420224513582
  22.932783577231394       -12.361946489703723
  24.255511819859098       -12.143206626214511


# Temperature: 1079.000000
# Parameters: -12.432888 0.895351 1.510589 20.457896
  17.035421195840680       -12.135313051475297
  18.122470597054591       -12.315493568165575
  19.254807305049955       -12.405070943983292
  20.433355550577456       -12.419667379138463
  21.659039564387733       -12.372437891534990
  22.932783577231394       -12.363091230885594
  24.255511819859098       -12.144212493522058


# Temperature: 1080.000000
# Parameters: -12.433897 0.895614 1.505529 20.459100
  17.035421195840680       -12.136143430038848
  18.122470597054591       -12.316385548801385
  19.254807305049955       -12.406015525328613
  20.433355550577456       -12.420649958982619
  21.659039564387733       -12.373456030130381
  22.932783577231394       -12.364236445714303
  24.255511819859098       -12.145218737052367


# Temperature: 1081.000000
# Parameters: -12.434907 0.895877 1.500462 20.460304
  17.035421195840680       -12.136974271884970
  18.122470597054591       -12.317277997901899
  19.254807305049955       -12.406960576175067
  20.433355550577456       -12.421633010400759
  21.659039564387733       -12.374474639263330
  22.932783577231394       -12.365382134189849
  24.255511819859098       -12.146225356805436


# Temperature: 1082.000000
# Parameters: -12.435917 0.896142 1.495393 20.461507
  17.035421195840680       -12.137805578050092
  18.122470597054591       -12.318170913394264
  19.254807305049955       -12.407906096522650
  20.433355550577456       -12.422616531320031
  21.659039564387733       -12.375493719970262
  22.932783577231394       -12.366528295275804
  24.255511819859098       -12.147232350708412


# Temperature: 1083.000000
# Parameters: -12.436927 0.896406 1.490376 20.462706
  17.035421195840680       -12.138637347497788
  18.122470597054591       -12.319064296314910
  19.254807305049955       -12.408852084298513
  20.433355550577456       -12.423600521740434
  21.659039564387733       -12.376513271214753
  22.932783577231394       -12.367674928972171
  24.255511819859098       -12.148239719797726


# Temperature: 1084.000000
# Parameters: -12.437938 0.896672 1.485303 20.463910
  17.035421195840680       -12.139469580228056
  18.122470597054591       -12.319958144590979
  19.254807305049955       -12.409798541575507
  20.433355550577456       -12.424584981661967
  21.659039564387733       -12.377533292996800
  22.932783577231394       -12.368822034242520
  24.255511819859098       -12.149247463036945


# Temperature: 1085.000000
# Parameters: -12.438950 0.896939 1.480248 20.465111
  17.035421195840680       -12.140302276240899
  18.122470597054591       -12.320852458222475
  19.254807305049955       -12.410745466280778
  20.433355550577456       -12.425569910048207
  21.659039564387733       -12.378553784279978
  22.932783577231394       -12.369969612123281
  24.255511819859098       -12.150255580426073


# Temperature: 1086.000000
# Parameters: -12.439962 0.897206 1.475224 20.466309
  17.035421195840680       -12.141135433463461
  18.122470597054591       -12.321747238245823
  19.254807305049955       -12.411692857377902
  20.433355550577456       -12.426555306899150
  21.659039564387733       -12.379574745064289
  22.932783577231394       -12.371117660541598
  24.255511819859098       -12.151264071965109


# Temperature: 1087.000000
# Parameters: -12.440975 0.897474 1.470160 20.467511
  17.035421195840680       -12.141969052932168
  18.122470597054591       -12.322642482588170
  19.254807305049955       -12.412640715903304
  20.433355550577456       -12.427541172214799
  21.659039564387733       -12.380596175349730
  22.932783577231394       -12.372266179497473
  24.255511819859098       -12.152272935581200


# Temperature: 1088.000000
# Parameters: -12.441988 0.897743 1.465130 20.468709
  17.035421195840680       -12.142803134647025
  18.122470597054591       -12.323538192285945
  19.254807305049955       -12.413589041856987
  20.433355550577456       -12.428527505995151
  21.659039564387733       -12.381618073063450
  22.932783577231394       -12.373415168990906
  24.255511819859098       -12.153282173347199


# Temperature: 1089.000000
# Parameters: -12.443002 0.898013 1.460091 20.469907
  17.035421195840680       -12.143637676535175
  18.122470597054591       -12.324434365266292
  19.254807305049955       -12.414537833166094
  20.433355550577456       -12.429514306167356
  21.659039564387733       -12.382640439241873
  22.932783577231394       -12.374564629021895
  24.255511819859098       -12.154291784226681


# Temperature: 1090.000000
# Parameters: -12.444017 0.898284 1.455050 20.471106
  17.035421195840680       -12.144472679633045
  18.122470597054591       -12.325331002565637
  19.254807305049955       -12.415487089830627
  20.433355550577456       -12.430501572731414
  21.659039564387733       -12.383663272848576
  22.932783577231394       -12.375714557517590
  24.255511819859098       -12.155301766146790


# Temperature: 1091.000000
# Parameters: -12.445031 0.898555 1.450023 20.472302
  17.035421195840680       -12.145308142904209
  18.122470597054591       -12.326228103147557
  19.254807305049955       -12.416436812887012
  20.433355550577456       -12.431489306723750
  21.659039564387733       -12.384686573883558
  22.932783577231394       -12.376864956550842
  24.255511819859098       -12.156312121180383


# Temperature: 1092.000000
# Parameters: -12.446047 0.898827 1.444981 20.473500
  17.035421195840680       -12.146144066348668
  18.122470597054591       -12.327125667012050
  19.254807305049955       -12.417387000262396
  20.433355550577456       -12.432477506071510
  21.659039564387733       -12.385710342346817
  22.932783577231394       -12.378015823012372
  24.255511819859098       -12.157322848291029


# Temperature: 1093.000000
# Parameters: -12.447063 0.899100 1.439953 20.474696
  17.035421195840680       -12.146980448929995
  18.122470597054591       -12.328023693122688
  19.254807305049955       -12.418337651956779
  20.433355550577456       -12.433466170774699
  21.659039564387733       -12.386734577201929
  22.932783577231394       -12.379167157938609
  24.255511819859098       -12.158333945405879


# Temperature: 1094.000000
# Parameters: -12.448079 0.899374 1.434923 20.475892
  17.035421195840680       -12.147817290648190
  18.122470597054591       -12.328922181479475
  19.254807305049955       -12.419288767970164
  20.433355550577456       -12.434455300833312
  21.659039564387733       -12.387759277412467
  22.932783577231394       -12.380318961329550
  24.255511819859098       -12.159345414597784


# Temperature: 1095.000000
# Parameters: -12.449097 0.899648 1.429897 20.477087
  17.035421195840680       -12.148654590466824
  18.122470597054591       -12.329821131045982
  19.254807305049955       -12.420240347266120
  20.433355550577456       -12.435444896247350
  21.659039564387733       -12.388784442978432
  22.932783577231394       -12.381471231112343
  24.255511819859098       -12.160357253793892


# Temperature: 1096.000000
# Parameters: -12.450114 0.899923 1.424880 20.478281
  17.035421195840680       -12.149492349422328
  18.122470597054591       -12.330720541822208
  19.254807305049955       -12.421192389844650
  20.433355550577456       -12.436434955980390
  21.659039564387733       -12.389810074936248
  22.932783577231394       -12.382623968323413
  24.255511819859098       -12.161369464030630


# Temperature: 1097.000000
# Parameters: -12.451132 0.900199 1.419876 20.479473
  17.035421195840680       -12.150330566478274
  18.122470597054591       -12.331620414844583
  19.254807305049955       -12.422144895705753
  20.433355550577456       -12.437425478996001
  21.659039564387733       -12.390836170176636
  22.932783577231394       -12.383777171926337
  24.255511819859098       -12.162382044271570


# Temperature: 1098.000000
# Parameters: -12.452151 0.900476 1.414859 20.480666
  17.035421195840680       -12.151169240598234
  18.122470597054591       -12.332520747003823
  19.254807305049955       -12.423097863813004
  20.433355550577456       -12.438416465294187
  21.659039564387733       -12.391862730772452
  22.932783577231394       -12.384930841921111
  24.255511819859098       -12.163394994516713


# Temperature: 1099.000000
# Parameters: -12.453170 0.900754 1.409837 20.481859
  17.035421195840680       -12.152008371782209
  18.122470597054591       -12.333421539336360
  19.254807305049955       -12.424051294166400
  20.433355550577456       -12.439407915911371
  21.659039564387733       -12.392889755687266
  22.932783577231394       -12.386084978307739
  24.255511819859098       -12.164408313729631


# Temperature: 1100.000000
# Parameters: -12.454190 0.901032 1.404850 20.483049
  17.035421195840680       -12.152847960030199
  18.122470597054591       -12.334322792878616
  19.254807305049955       -12.425005185729516
  20.433355550577456       -12.440399828774702
  21.659039564387733       -12.393917242848227
  22.932783577231394       -12.387239579013366
  24.255511819859098       -12.165422001910326


# Temperature: 1101.000000
# Parameters: -12.455210 0.901311 1.399813 20.484243
  17.035421195840680       -12.153688004305778
  18.122470597054591       -12.335224504521314
  19.254807305049955       -12.425959539538781
  20.433355550577456       -12.441392203884181
  21.659039564387733       -12.394945194328187
  22.932783577231394       -12.388394645074419
  24.255511819859098       -12.166436058022372


# Temperature: 1102.000000
# Parameters: -12.456231 0.901591 1.394831 20.485431
  17.035421195840680       -12.154528504608946
  18.122470597054591       -12.336126675300878
  19.254807305049955       -12.426914352484912
  20.433355550577456       -12.442385040203378
  21.659039564387733       -12.395973608054295
  22.932783577231394       -12.389550175454472
  24.255511819859098       -12.167450484138620


# Temperature: 1103.000000
# Parameters: -12.457252 0.901872 1.389820 20.486622
  17.035421195840680       -12.155369460939703
  18.122470597054591       -12.337029304180886
  19.254807305049955       -12.427869627677190
  20.433355550577456       -12.443378338768724
  21.659039564387733       -12.397002484026549
  22.932783577231394       -12.390706170153523
  24.255511819859098       -12.168465277149792


# Temperature: 1104.000000
# Parameters: -12.458274 0.902153 1.384836 20.487810
  17.035421195840680       -12.156210872261621
  18.122470597054591       -12.337932392197761
  19.254807305049955       -12.428825362006336
  20.433355550577456       -12.444372098543790
  21.659039564387733       -12.398031822244949
  22.932783577231394       -12.391862628135149
  24.255511819859098       -12.169480439128739


# Temperature: 1105.000000
# Parameters: -12.459297 0.902436 1.379824 20.489000
  17.035421195840680       -12.157052738574704
  18.122470597054591       -12.338835937278651
  19.254807305049955       -12.429781555472351
  20.433355550577456       -12.445366318492150
  21.659039564387733       -12.399061621673072
  22.932783577231394       -12.393019549399346
  24.255511819859098       -12.170495966966184


# Temperature: 1106.000000
# Parameters: -12.460320 0.902719 1.374831 20.490188
  17.035421195840680       -12.157895058842520
  18.122470597054591       -12.339739939423556
  19.254807305049955       -12.430738209111659
  20.433355550577456       -12.446360998613804
  21.659039564387733       -12.400091882310914
  22.932783577231394       -12.394176933946119
  24.255511819859098       -12.171511862734981


# Temperature: 1107.000000
# Parameters: -12.461343 0.903002 1.369849 20.491374
  17.035421195840680       -12.158737833065075
  18.122470597054591       -12.340644399668902
  19.254807305049955       -12.431695320851409
  20.433355550577456       -12.447356139945178
  21.659039564387733       -12.401122604158475
  22.932783577231394       -12.395334780739036
  24.255511819859098       -12.172528125398699


# Temperature: 1108.000000
# Parameters: -12.462367 0.903287 1.364889 20.492559
  17.035421195840680       -12.159581061242365
  18.122470597054591       -12.341549314905411
  19.254807305049955       -12.432652891728026
  20.433355550577456       -12.448351739376994
  21.659039564387733       -12.402153785142906
  22.932783577231394       -12.396493089778101
  24.255511819859098       -12.173544754957343


# Temperature: 1109.000000
# Parameters: -12.463392 0.903572 1.359888 20.493746
  17.035421195840680       -12.160424743374390
  18.122470597054591       -12.342454687205933
  19.254807305049955       -12.433610919668658
  20.433355550577456       -12.449347797945677
  21.659039564387733       -12.403185426300631
  22.932783577231394       -12.397651860026887
  24.255511819859098       -12.174561750374483


# Temperature: 1110.000000
# Parameters: -12.464417 0.903858 1.354912 20.494931
  17.035421195840680       -12.161268877388299
  18.122470597054591       -12.343360515534046
  19.254807305049955       -12.434569405709732
  20.433355550577456       -12.450344315651229
  21.659039564387733       -12.404217527631648
  22.932783577231394       -12.398811091485392
  24.255511819859098       -12.175579110613693


# Temperature: 1111.000000
# Parameters: -12.465443 0.904145 1.349930 20.496116
  17.035421195840680       -12.162113464320518
  18.122470597054591       -12.344266798853322
  19.254807305049955       -12.435528348814820
  20.433355550577456       -12.451341291457222
  21.659039564387733       -12.405250088099535
  22.932783577231394       -12.399970784153618
  24.255511819859098       -12.176596837747828


# Temperature: 1112.000000
# Parameters: -12.466469 0.904433 1.344945 20.497301
  17.035421195840680       -12.162958503134622
  18.122470597054591       -12.345173537163760
  19.254807305049955       -12.436487748983925
  20.433355550577456       -12.452338725363656
  21.659039564387733       -12.406283106667862
  22.932783577231394       -12.401130936995139
  24.255511819859098       -12.177614928667609


# Temperature: 1113.000000
# Parameters: -12.467496 0.904721 1.340016 20.498481
  17.035421195840680       -12.163803993830607
  18.122470597054591       -12.346080730465360
  19.254807305049955       -12.437447606217045
  20.433355550577456       -12.453336617370532
  21.659039564387733       -12.407316583336632
  22.932783577231394       -12.402291550009954
  24.255511819859098       -12.178633385445886


# Temperature: 1114.000000
# Parameters: -12.468523 0.905011 1.335015 20.499666
  17.035421195840680       -12.164649935372051
  18.122470597054591       -12.346988377721695
  19.254807305049955       -12.438407918441326
  20.433355550577456       -12.454334965404998
  21.659039564387733       -12.408350519142269
  22.932783577231394       -12.403452622161636
  24.255511819859098       -12.179652206009807


# Temperature: 1115.000000
# Parameters: -12.469551 0.905301 1.330036 20.500849
  17.035421195840680       -12.165496328795376
  18.122470597054591       -12.347896478932768
  19.254807305049955       -12.439368686693197
  20.433355550577456       -12.455333770503477
  21.659039564387733       -12.409384910975493
  22.932783577231394       -12.404614153450186
  24.255511819859098       -12.180671391395800


# Temperature: 1116.000000
# Parameters: -12.470579 0.905592 1.325076 20.502031
  17.035421195840680       -12.166343172027734
  18.122470597054591       -12.348805033062149
  19.254807305049955       -12.440329910972656
  20.433355550577456       -12.456333031629546
  21.659039564387733       -12.410419760909161
  22.932783577231394       -12.405776143875604
  24.255511819859098       -12.181690940567437


# Temperature: 1117.000000
# Parameters: -12.471608 0.905883 1.320134 20.503210
  17.035421195840680       -12.167190466105549
  18.122470597054591       -12.349714041146267
  19.254807305049955       -12.441291589206852
  20.433355550577456       -12.457332748783204
  21.659039564387733       -12.411455066870417
  22.932783577231394       -12.406938593437889
  24.255511819859098       -12.182710853524719


# Temperature: 1118.000000
# Parameters: -12.472637 0.906176 1.315167 20.504391
  17.035421195840680       -12.168038208955966
  18.122470597054591       -12.350623501112269
  19.254807305049955       -12.442253721395783
  20.433355550577456       -12.458332921964448
  21.659039564387733       -12.412490828859262
  22.932783577231394       -12.408101500064191
  24.255511819859098       -12.183731129231219


# Temperature: 1119.000000
# Parameters: -12.473667 0.906470 1.310185 20.505573
  17.035421195840680       -12.168886402651843
  18.122470597054591       -12.351533412960155
  19.254807305049955       -12.443216308575877
  20.433355550577456       -12.459333550136858
  21.659039564387733       -12.413527047912122
  22.932783577231394       -12.409264863754506
  24.255511819859098       -12.184751767686938


# Temperature: 1120.000000
# Parameters: -12.474697 0.906763 1.305283 20.506747
  17.035421195840680       -12.169735044083897
  18.122470597054591       -12.352443777726348
  19.254807305049955       -12.444179349710707
  20.433355550577456       -12.460334632264003
  21.659039564387733       -12.414563721956144
  22.932783577231394       -12.410428685545265
  24.255511819859098       -12.185772768891876


# Temperature: 1121.000000
# Parameters: -12.475728 0.907058 1.300289 20.507930
  17.035421195840680       -12.170584135324981
  18.122470597054591       -12.353354593338000
  19.254807305049955       -12.445142843763847
  20.433355550577456       -12.461336169382310
  21.659039564387733       -12.415600850991328
  22.932783577231394       -12.411592964400036
  24.255511819859098       -12.186794132846032


# Temperature: 1122.000000
# Parameters: -12.476760 0.907353 1.295387 20.509103
  17.035421195840680       -12.171433674302243
  18.122470597054591       -12.354265860831536
  19.254807305049955       -12.446106790735296
  20.433355550577456       -12.462338160455353
  21.659039564387733       -12.416638433981250
  22.932783577231394       -12.412757698245972
  24.255511819859098       -12.187815858512979


# Temperature: 1123.000000
# Parameters: -12.477792 0.907650 1.290409 20.510283
  17.035421195840680       -12.172283661015683
  18.122470597054591       -12.355177578134102
  19.254807305049955       -12.447071189588629
  20.433355550577456       -12.463340604446705
  21.659039564387733       -12.417676471962332
  22.932783577231394       -12.413922889155922
  24.255511819859098       -12.188837945892718


# Temperature: 1124.000000
# Parameters: -12.478824 0.907946 1.285496 20.511457
  17.035421195840680       -12.173134095465302
  18.122470597054591       -12.356089746282125
  19.254807305049955       -12.448036041360272
  20.433355550577456       -12.464343502392794
  21.659039564387733       -12.418714963898152
  22.932783577231394       -12.415088536093460
  24.255511819859098       -12.189860393948823


# Temperature: 1125.000000
# Parameters: -12.479857 0.908244 1.280570 20.512632
  17.035421195840680       -12.173984976614673
  18.122470597054591       -12.357002364239179
  19.254807305049955       -12.449001345013798
  20.433355550577456       -12.465346852220767
  21.659039564387733       -12.419753909788708
  22.932783577231394       -12.416254636985736
  24.255511819859098       -12.190883203717721


# Temperature: 1126.000000
# Parameters: -12.480891 0.908543 1.275620 20.513808
  17.035421195840680       -12.174836305500222
  18.122470597054591       -12.357915432005264
  19.254807305049955       -12.449967099512781
  20.433355550577456       -12.466350654967050
  21.659039564387733       -12.420793308597574
  22.932783577231394       -12.417421193905600
  24.255511819859098       -12.191906374162983


# Temperature: 1127.000000
# Parameters: -12.481925 0.908842 1.270712 20.514980
  17.035421195840680       -12.175688080049095
  18.122470597054591       -12.358828948543952
  19.254807305049955       -12.450933304857221
  20.433355550577456       -12.467354909595215
  21.659039564387733       -12.421833160324748
  22.932783577231394       -12.418588203743774
  24.255511819859098       -12.192929905284611


# Temperature: 1128.000000
# Parameters: -12.482960 0.909142 1.265777 20.516155
  17.035421195840680       -12.176540301297722
  18.122470597054591       -12.359742913855245
  19.254807305049955       -12.451899961047118
  20.433355550577456       -12.468359616105264
  21.659039564387733       -12.422873463933806
  22.932783577231394       -12.419755668573108
  24.255511819859098       -12.193953796046179


# Temperature: 1129.000000
# Parameters: -12.483995 0.909443 1.260864 20.517327
  17.035421195840680       -12.177392967173246
  18.122470597054591       -12.360657327939142
  19.254807305049955       -12.452867068082472
  20.433355550577456       -12.469364773460770
  21.659039564387733       -12.423914219424748
  22.932783577231394       -12.420923587357180
  24.255511819859098       -12.194978046447687


# Temperature: 1130.000000
# Parameters: -12.485030 0.909744 1.255939 20.518499
  17.035421195840680       -12.178246079748522
  18.122470597054591       -12.361572189759219
  19.254807305049955       -12.453834623890431
  20.433355550577456       -12.470370381661732
  21.659039564387733       -12.424955426797574
  22.932783577231394       -12.422091959059562
  24.255511819859098       -12.196002656489133


# Temperature: 1131.000000
# Parameters: -12.486067 0.910047 1.251036 20.519669
  17.035421195840680       -12.179099635914273
  18.122470597054591       -12.362487499315472
  19.254807305049955       -12.454802629507421
  20.433355550577456       -12.471376440708154
  21.659039564387733       -12.425997085015856
  22.932783577231394       -12.423260782643828
  24.255511819859098       -12.197027626170518


# Temperature: 1132.000000
# Parameters: -12.487103 0.910350 1.246115 20.520841
  17.035421195840680       -12.179953637743347
  18.122470597054591       -12.363403256607905
  19.254807305049955       -12.455771083897016
  20.433355550577456       -12.472382949563604
  21.659039564387733       -12.427039194079596
  22.932783577231394       -12.424430060182829
  24.255511819859098       -12.198052953418991


# Temperature: 1133.000000
# Parameters: -12.488140 0.910654 1.241197 20.522011
  17.035421195840680       -12.180808083162894
  18.122470597054591       -12.364319460600088
  19.254807305049955       -12.456739987059214
  20.433355550577456       -12.473389907191660
  21.659039564387733       -12.428081753988792
  22.932783577231394       -12.425599788567288
  24.255511819859098       -12.199078640307404


# Temperature: 1134.000000
# Parameters: -12.489178 0.910958 1.236308 20.523179
  17.035421195840680       -12.181662972172914
  18.122470597054591       -12.365236111292024
  19.254807305049955       -12.457709338994016
  20.433355550577456       -12.474397315665172
  21.659039564387733       -12.429124763707019
  22.932783577231394       -12.426769968833629
  24.255511819859098       -12.200104684762902


# Temperature: 1135.000000
# Parameters: -12.490217 0.911264 1.231392 20.524349
  17.035421195840680       -12.182518304773406
  18.122470597054591       -12.366153207647285
  19.254807305049955       -12.458679138664998
  20.433355550577456       -12.475405171874863
  21.659039564387733       -12.430168223234277
  22.932783577231394       -12.427940600981854
  24.255511819859098       -12.201131087821913


# Temperature: 1136.000000
# Parameters: -12.491255 0.911570 1.226495 20.525517
  17.035421195840680       -12.183374080964372
  18.122470597054591       -12.367070749665871
  19.254807305049955       -12.459649386072156
  20.433355550577456       -12.476413476857159
  21.659039564387733       -12.431212131534139
  22.932783577231394       -12.429111682939110
  24.255511819859098       -12.202157847411584


# Temperature: 1137.000000
# Parameters: -12.492295 0.911877 1.221606 20.526683
  17.035421195840680       -12.184230299709384
  18.122470597054591       -12.367988738384209
  19.254807305049955       -12.460620080179067
  20.433355550577456       -12.477422229575632
  21.659039564387733       -12.432256489643033
  22.932783577231394       -12.430283216778250
  24.255511819859098       -12.203184965604770


# Temperature: 1138.000000
# Parameters: -12.493334 0.912185 1.216728 20.527849
  17.035421195840680       -12.185086959972017
  18.122470597054591       -12.368907170693019
  19.254807305049955       -12.461591220985730
  20.433355550577456       -12.478431431066708
  21.659039564387733       -12.433301295488103
  22.932783577231394       -12.431455199389994
  24.255511819859098       -12.204212440328615


# Temperature: 1139.000000
# Parameters: -12.494375 0.912493 1.211832 20.529015
  17.035421195840680       -12.185944062788694
  18.122470597054591       -12.369826048665155
  19.254807305049955       -12.462562808492144
  20.433355550577456       -12.479441079257539
  21.659039564387733       -12.434346549069353
  22.932783577231394       -12.432627632847195
  24.255511819859098       -12.205240270546694


# Temperature: 1140.000000
# Parameters: -12.495416 0.912803 1.206930 20.530182
  17.035421195840680       -12.186801608159419
  18.122470597054591       -12.370745370227764
  19.254807305049955       -12.463534841661884
  20.433355550577456       -12.480451174148119
  21.659039564387733       -12.435392251423206
  22.932783577231394       -12.433800515076999
  24.255511819859098       -12.206268458331859


# Temperature: 1141.000000
# Parameters: -12.496457 0.913113 1.202054 20.531346
  17.035421195840680       -12.187659594011338
  18.122470597054591       -12.371665136417272
  19.254807305049955       -12.464507320494949
  20.433355550577456       -12.481461716774879
  21.659039564387733       -12.436438400476812
  22.932783577231394       -12.434973846079409
  24.255511819859098       -12.207297001611259


# Temperature: 1142.000000
# Parameters: -12.497499 0.913423 1.197184 20.532509
  17.035421195840680       -12.188518020344450
  18.122470597054591       -12.372585345160827
  19.254807305049955       -12.465480244991339
  20.433355550577456       -12.482472704028536
  21.659039564387733       -12.437484996230170
  22.932783577231394       -12.436147625854424
  24.255511819859098       -12.208325901421318


# Temperature: 1143.000000
# Parameters: -12.498541 0.913735 1.192296 20.533673
  17.035421195840680       -12.189376887158756
  18.122470597054591       -12.373505997494853
  19.254807305049955       -12.466453614114629
  20.433355550577456       -12.483484137981947
  21.659039564387733       -12.438532038683277
  22.932783577231394       -12.437321853365615
  24.255511819859098       -12.209355155689186


# Temperature: 1144.000000
# Parameters: -12.499584 0.914048 1.187426 20.534835
  17.035421195840680       -12.190236194454256
  18.122470597054591       -12.374427093419353
  19.254807305049955       -12.467427427864816
  20.433355550577456       -12.484496017598682
  21.659039564387733       -12.439579527836139
  22.932783577231394       -12.438496528612987
  24.255511819859098       -12.210384766487714


# Temperature: 1145.000000
# Parameters: -12.500628 0.914360 1.182566 20.535996
  17.035421195840680       -12.191095941194522
  18.122470597054591       -12.375348630861472
  19.254807305049955       -12.468401685205478
  20.433355550577456       -12.485508341842316
  21.659039564387733       -12.440627462652325
  22.932783577231394       -12.439671651596534
  24.255511819859098       -12.211414730707624


# Temperature: 1146.000000
# Parameters: -12.501672 0.914674 1.177725 20.537154
  17.035421195840680       -12.191956128415983
  18.122470597054591       -12.376270609821212
  19.254807305049955       -12.469376387173039
  20.433355550577456       -12.486521111749276
  21.659039564387733       -12.441675843131836
  22.932783577231394       -12.440847222316261
  24.255511819859098       -12.212445050421767


# Temperature: 1147.000000
# Parameters: -12.502716 0.914988 1.172864 20.538315
  17.035421195840680       -12.192816754045785
  18.122470597054591       -12.377193031334999
  19.254807305049955       -12.470351531694645
  20.433355550577456       -12.487534325246708
  21.659039564387733       -12.442724668238247
  22.932783577231394       -12.442023238699313
  24.255511819859098       -12.213475723557291


# Temperature: 1148.000000
# Parameters: -12.503761 0.915304 1.167992 20.539475
  17.035421195840680       -12.193677818083927
  18.122470597054591       -12.378115894366404
  19.254807305049955       -12.471327119806725
  20.433355550577456       -12.488547982334612
  21.659039564387733       -12.443773937971557
  22.932783577231394       -12.443199701782117
  24.255511819859098       -12.214506751150623


# Temperature: 1149.000000
# Parameters: -12.504807 0.915620 1.163140 20.540634
  17.035421195840680       -12.194539320530410
  18.122470597054591       -12.379039197879004
  19.254807305049955       -12.472303150472850
  20.433355550577456       -12.489562083012991
  21.659039564387733       -12.444823652331765
  22.932783577231394       -12.444376610528245
  24.255511819859098       -12.215538132165337


# Temperature: 1150.000000
# Parameters: -12.505853 0.915937 1.158287 20.541792
  17.035421195840680       -12.195401260348810
  18.122470597054591       -12.379962942909224
  19.254807305049955       -12.473279623693022
  20.433355550577456       -12.490576627281841
  21.659039564387733       -12.445873810282446
  22.932783577231394       -12.445553964937700
  24.255511819859098       -12.216569866601432


# Temperature: 1151.000000
# Parameters: -12.506899 0.916255 1.153426 20.542950
  17.035421195840680       -12.196263638575548
  18.122470597054591       -12.380887127384211
  19.254807305049955       -12.474256538430815
  20.433355550577456       -12.491591615141164
  21.659039564387733       -12.446924411823600
  22.932783577231394       -12.446731763974054
  24.255511819859098       -12.217601953422481


# Temperature: 1152.000000
# Parameters: -12.507947 0.916573 1.148591 20.544106
  17.035421195840680       -12.197126454174203
  18.122470597054591       -12.381811751303966
  19.254807305049955       -12.475233893649801
  20.433355550577456       -12.492607044518108
  21.659039564387733       -12.447975456955227
  22.932783577231394       -12.447910007637306
  24.255511819859098       -12.218634393664912


# Temperature: 1153.000000
# Parameters: -12.508994 0.916892 1.143744 20.545263
  17.035421195840680       -12.197989706108345
  18.122470597054591       -12.382736815704915
  19.254807305049955       -12.476211691422833
  20.433355550577456       -12.493622916449098
  21.659039564387733       -12.449026944640901
  22.932783577231394       -12.449088695927458
  24.255511819859098       -12.219667186292298


# Temperature: 1154.000000
# Parameters: -12.510042 0.917212 1.138911 20.546418
  17.035421195840680       -12.198853395414401
  18.122470597054591       -12.383662318514205
  19.254807305049955       -12.477189929677060
  20.433355550577456       -12.494639228861281
  21.659039564387733       -12.450078874880619
  22.932783577231394       -12.450267828844508
  24.255511819859098       -12.220700330268214


# Temperature: 1155.000000
# Parameters: -12.511091 0.917533 1.134074 20.547572
  17.035421195840680       -12.199717520019520
  18.122470597054591       -12.384588259731833
  19.254807305049955       -12.478168608412478
  20.433355550577456       -12.495655983827511
  21.659039564387733       -12.451131246637960
  22.932783577231394       -12.451447404315605
  24.255511819859098       -12.221733826629082


# Temperature: 1156.000000
# Parameters: -12.512140 0.917854 1.129238 20.548727
  17.035421195840680       -12.200582080960128
  18.122470597054591       -12.385514640394232
  19.254807305049955       -12.479147726592666
  20.433355550577456       -12.496673179274934
  21.659039564387733       -12.452184060949344
  22.932783577231394       -12.452627424413601
  24.255511819859098       -12.222767675374907


# Temperature: 1157.000000
# Parameters: -12.513190 0.918177 1.124384 20.549882
  17.035421195840680       -12.201447077199798
  18.122470597054591       -12.386441458428544
  19.254807305049955       -12.480127285254046
  20.433355550577456       -12.497690816239977
  21.659039564387733       -12.453237315741925
  22.932783577231394       -12.453807886029217
  24.255511819859098       -12.223801874432834


# Temperature: 1158.000000
# Parameters: -12.514240 0.918500 1.119551 20.551035
  17.035421195840680       -12.202312508738530
  18.122470597054591       -12.387368713834771
  19.254807305049955       -12.481107282323768
  20.433355550577456       -12.498708892649789
  21.659039564387733       -12.454291012052124
  22.932783577231394       -12.454988790198879
  24.255511819859098       -12.224836423802863


# Temperature: 1159.000000
# Parameters: -12.515290 0.918824 1.114746 20.552186
  17.035421195840680       -12.203178374539897
  18.122470597054591       -12.388296407649340
  19.254807305049955       -12.482087718838258
  20.433355550577456       -12.499727408504366
  21.659039564387733       -12.455345148843518
  22.932783577231394       -12.456170136922587
  24.255511819859098       -12.225871324521421


# Temperature: 1160.000000
# Parameters: -12.516341 0.919147 1.109974 20.553333
  17.035421195840680       -12.204044675640326
  18.122470597054591       -12.389224536762971
  19.254807305049955       -12.483068593761088
  20.433355550577456       -12.500746364840140
  21.659039564387733       -12.456399725079679
  22.932783577231394       -12.457351925163916
  24.255511819859098       -12.226906575552080


# Temperature: 1161.000000
# Parameters: -12.517393 0.919473 1.105133 20.554485
  17.035421195840680       -12.204911409966964
  18.122470597054591       -12.390153104284941
  19.254807305049955       -12.484049907092258
  20.433355550577456       -12.501765759584252
  21.659039564387733       -12.457454741797033
  22.932783577231394       -12.458534154922866
  24.255511819859098       -12.227942176894842


# Temperature: 1162.000000
# Parameters: -12.518445 0.919799 1.100331 20.555634
  17.035421195840680       -12.205778578556238
  18.122470597054591       -12.391082107105975
  19.254807305049955       -12.485031658831771
  20.433355550577456       -12.502785593773133
  21.659039564387733       -12.458510198995581
  22.932783577231394       -12.459716826199434
  24.255511819859098       -12.228978127513281


# Temperature: 1163.000000
# Parameters: -12.519498 0.920125 1.095546 20.556781
  17.035421195840680       -12.206646179335296
  18.122470597054591       -12.392011545226069
  19.254807305049955       -12.486013846906772
  20.433355550577456       -12.503805865333927
  21.659039564387733       -12.459566093566044
  22.932783577231394       -12.460899936920772
  24.255511819859098       -12.230014427407395


# Temperature: 1164.000000
# Parameters: -12.520551 0.920453 1.090721 20.557931
  17.035421195840680       -12.207514214376989
  18.122470597054591       -12.392941419681653
  19.254807305049955       -12.486996472353686
  20.433355550577456       -12.504826576339489
  21.659039564387733       -12.460622427581274
  22.932783577231394       -12.462083488123302
  24.255511819859098       -12.231051076577186


# Temperature: 1165.000000
# Parameters: -12.521605 0.920781 1.085932 20.559077
  17.035421195840680       -12.208382681608464
  18.122470597054591       -12.393871729436299
  19.254807305049955       -12.487979535172517
  20.433355550577456       -12.505847723680541
  21.659039564387733       -12.461679200004845
  22.932783577231394       -12.463267479807024
  24.255511819859098       -12.232088075022652


# Temperature: 1166.000000
# Parameters: -12.522659 0.921110 1.081108 20.560227
  17.035421195840680       -12.209251581029724
  18.122470597054591       -12.394802473453581
  19.254807305049955       -12.488963034326835
  20.433355550577456       -12.506869309429932
  21.659039564387733       -12.462736410836758
  22.932783577231394       -12.464451910935516
  24.255511819859098       -12.233125421707367


# Temperature: 1167.000000
# Parameters: -12.523714 0.921440 1.076318 20.561372
  17.035421195840680       -12.210120912640765
  18.122470597054591       -12.395733651733497
  19.254807305049955       -12.489946968780215
  20.433355550577456       -12.507891331514813
  21.659039564387733       -12.463794059040584
  22.932783577231394       -12.465636780472348
  24.255511819859098       -12.234163116631333


# Temperature: 1168.000000
# Parameters: -12.524769 0.921770 1.071537 20.562517
  17.035421195840680       -12.210990675405164
  18.122470597054591       -12.396665264276050
  19.254807305049955       -12.490931339569084
  20.433355550577456       -12.508913789935182
  21.659039564387733       -12.464852143579900
  22.932783577231394       -12.466822089453947
  24.255511819859098       -12.235201159794547


# Temperature: 1169.000000
# Parameters: -12.525825 0.922101 1.066772 20.563659
  17.035421195840680       -12.211860869322919
  18.122470597054591       -12.397597311081238
  19.254807305049955       -12.491916145657015
  20.433355550577456       -12.509936684691038
  21.659039564387733       -12.465910666527556
  22.932783577231394       -12.468007836843887
  24.255511819859098       -12.236239550160587


# Temperature: 1170.000000
# Parameters: -12.526881 0.922433 1.061970 20.564805
  17.035421195840680       -12.212731494394031
  18.122470597054591       -12.398529790076209
  19.254807305049955       -12.492901386007581
  20.433355550577456       -12.510960015782384
  21.659039564387733       -12.466969624774274
  22.932783577231394       -12.469194021605743
  24.255511819859098       -12.237278288765873


# Temperature: 1171.000000
# Parameters: -12.527938 0.922767 1.057180 20.565949
  17.035421195840680       -12.213602549582072
  18.122470597054591       -12.399462703333816
  19.254807305049955       -12.493887061657210
  20.433355550577456       -12.511983781136365
  21.659039564387733       -12.468029019356480
  22.932783577231394       -12.470380643739512
  24.255511819859098       -12.238317373537559


# Temperature: 1172.000000
# Parameters: -12.528995 0.923100 1.052428 20.567089
  17.035421195840680       -12.214474035923471
  18.122470597054591       -12.400396048781205
  19.254807305049955       -12.494873170533047
  20.433355550577456       -12.513007982825833
  21.659039564387733       -12.469088850274176
  22.932783577231394       -12.471567704281624
  24.255511819859098       -12.239356805512067


# Temperature: 1173.000000
# Parameters: -12.530053 0.923433 1.047676 20.568229
  17.035421195840680       -12.215345951345375
  18.122470597054591       -12.401329826418380
  19.254807305049955       -12.495859714707947
  20.433355550577456       -12.514032618777939
  21.659039564387733       -12.470149116490933
  22.932783577231394       -12.472755201159222
  24.255511819859098       -12.240396583652972


# Temperature: 1174.000000
# Parameters: -12.531111 0.923768 1.042898 20.569371
  17.035421195840680       -12.216218295847781
  18.122470597054591       -12.402264036245334
  19.254807305049955       -12.496846691072630
  20.433355550577456       -12.515057690029105
  21.659039564387733       -12.471209818006752
  22.932783577231394       -12.473943134372311
  24.255511819859098       -12.241436707960274


# Temperature: 1175.000000
# Parameters: -12.532170 0.924104 1.038121 20.570512
  17.035421195840680       -12.217091070467118
  18.122470597054591       -12.403198677225648
  19.254807305049955       -12.497834101699947
  20.433355550577456       -12.516083194506482
  21.659039564387733       -12.472270953785207
  22.932783577231394       -12.475131503920887
  24.255511819859098       -12.242477179470399


# Temperature: 1176.000000
# Parameters: -12.533229 0.924441 1.033366 20.571651
  17.035421195840680       -12.217964273130534
  18.122470597054591       -12.404133749359318
  19.254807305049955       -12.498821944517049
  20.433355550577456       -12.517109132210066
  21.659039564387733       -12.473332523826297
  22.932783577231394       -12.476320309804951
  24.255511819859098       -12.243517995074068


# Temperature: 1177.000000
# Parameters: -12.534289 0.924778 1.028606 20.572790
  17.035421195840680       -12.218837904874452
  18.122470597054591       -12.405069252646342
  19.254807305049955       -12.499810219523933
  20.433355550577456       -12.518135504176289
  21.659039564387733       -12.474394528130023
  22.932783577231394       -12.477509550988078
  24.255511819859098       -12.244559156844135


# Temperature: 1178.000000
# Parameters: -12.535349 0.925116 1.023849 20.573928
  17.035421195840680       -12.219711963626022
  18.122470597054591       -12.406005187086725
  19.254807305049955       -12.500798927757028
  20.433355550577456       -12.519162308332293
  21.659039564387733       -12.475456966696385
  22.932783577231394       -12.478699226433839
  24.255511819859098       -12.245600663744172


# Temperature: 1179.000000
# Parameters: -12.536410 0.925455 1.019089 20.575066
  17.035421195840680       -12.220586451458097
  18.122470597054591       -12.406941550607613
  19.254807305049955       -12.501788066107052
  20.433355550577456       -12.520189545714507
  21.659039564387733       -12.476519837452530
  22.932783577231394       -12.479889337178664
  24.255511819859098       -12.246642514737752


# Temperature: 1180.000000
# Parameters: -12.537471 0.925794 1.014351 20.576202
  17.035421195840680       -12.221461365261396
  18.122470597054591       -12.407878344245429
  19.254807305049955       -12.502777636646858
  20.433355550577456       -12.521217215286503
  21.659039564387733       -12.477583142471310
  22.932783577231394       -12.481079882186123
  24.255511819859098       -12.247684710861304


# Temperature: 1181.000000
# Parameters: -12.538533 0.926134 1.009611 20.577337
  17.035421195840680       -12.222336707108772
  18.122470597054591       -12.408815568000175
  19.254807305049955       -12.503767638340022
  20.433355550577456       -12.522245316011857
  21.659039564387733       -12.478646878643447
  22.932783577231394       -12.482270861456218
  24.255511819859098       -12.248727251078400


# Temperature: 1182.000000
# Parameters: -12.539595 0.926475 1.004884 20.578471
  17.035421195840680       -12.223212475963800
  18.122470597054591       -12.409753219799001
  19.254807305049955       -12.504758071186542
  20.433355550577456       -12.523273848926992
  21.659039564387733       -12.479711048041795
  22.932783577231394       -12.483462274988948
  24.255511819859098       -12.249770134352614


# Temperature: 1183.000000
# Parameters: -12.540658 0.926817 1.000142 20.579606
  17.035421195840680       -12.224088670790053
  18.122470597054591       -12.410691301714756
  19.254807305049955       -12.505748933113567
  20.433355550577456       -12.524302812995485
  21.659039564387733       -12.480775648593497
  22.932783577231394       -12.484654120711463
  24.255511819859098       -12.250813361720372


# Temperature: 1184.000000
# Parameters: -12.541721 0.927159 0.995425 20.580738
  17.035421195840680       -12.224965291587530
  18.122470597054591       -12.411629810638162
  19.254807305049955       -12.506740226193948
  20.433355550577456       -12.525332208217336
  21.659039564387733       -12.481840681334983
  22.932783577231394       -12.485846399660186
  24.255511819859098       -12.251856933181674


# Temperature: 1185.000000
# Parameters: -12.542785 0.927502 0.990691 20.581872
  17.035421195840680       -12.225842337319808
  18.122470597054591       -12.412568748642073
  19.254807305049955       -12.507731948354833
  20.433355550577456       -12.526362033556115
  21.659039564387733       -12.482906144193400
  22.932783577231394       -12.487039110798692
  24.255511819859098       -12.252900846663669


# Temperature: 1186.000000
# Parameters: -12.543850 0.927847 0.985940 20.583006
  17.035421195840680       -12.226719809023308
  18.122470597054591       -12.413508114690062
  19.254807305049955       -12.508724099596222
  20.433355550577456       -12.527392289011825
  21.659039564387733       -12.483972039241600
  22.932783577231394       -12.488232255163409
  24.255511819859098       -12.253945104239207


# Temperature: 1187.000000
# Parameters: -12.544914 0.928191 0.981236 20.584136
  17.035421195840680       -12.227597706698035
  18.122470597054591       -12.414447906709276
  19.254807305049955       -12.509716679918116
  20.433355550577456       -12.528422974584466
  21.659039564387733       -12.485038363370302
  22.932783577231394       -12.489425830681482
  24.255511819859098       -12.254989702799012


# Temperature: 1188.000000
# Parameters: -12.545980 0.928536 0.976518 20.585266
  17.035421195840680       -12.228476028271134
  18.122470597054591       -12.415388126772566
  19.254807305049955       -12.510709689320512
  20.433355550577456       -12.529454089237611
  21.659039564387733       -12.486105118652363
  22.932783577231394       -12.490619837352909
  24.255511819859098       -12.256034644415934


# Temperature: 1189.000000
# Parameters: -12.547045 0.928882 0.971830 20.586394
  17.035421195840680       -12.229354773742605
  18.122470597054591       -12.416328773843508
  19.254807305049955       -12.511703126766987
  20.433355550577456       -12.530485632971260
  21.659039564387733       -12.487172303014926
  22.932783577231394       -12.491814276214122
  24.255511819859098       -12.257079928053546


# Temperature: 1190.000000
# Parameters: -12.548112 0.929229 0.967114 20.587524
  17.035421195840680       -12.230233943112449
  18.122470597054591       -12.417269846885675
  19.254807305049955       -12.512696991221112
  20.433355550577456       -12.531517605785412
  21.659039564387733       -12.488239916457996
  22.932783577231394       -12.493009145192264
  24.255511819859098       -12.258125552675423


# Temperature: 1191.000000
# Parameters: -12.549178 0.929577 0.962408 20.588652
  17.035421195840680       -12.231113536380665
  18.122470597054591       -12.418211345899067
  19.254807305049955       -12.513691283719316
  20.433355550577456       -12.532550006643643
  21.659039564387733       -12.489307960017994
  22.932783577231394       -12.494204444287337
  24.255511819859098       -12.259171519317993


# Temperature: 1192.000000
# Parameters: -12.550246 0.929925 0.957700 20.589780
  17.035421195840680       -12.231993553547252
  18.122470597054591       -12.419153269847257
  19.254807305049955       -12.514686003225171
  20.433355550577456       -12.533582835545950
  21.659039564387733       -12.490376431622069
  22.932783577231394       -12.495400173499339
  24.255511819859098       -12.260217826944830


# Temperature: 1193.000000
# Parameters: -12.551314 0.930274 0.952991 20.590907
  17.035421195840680       -12.232873993575787
  18.122470597054591       -12.420095619766673
  19.254807305049955       -12.515681149738677
  20.433355550577456       -12.534616092492335
  21.659039564387733       -12.491445331270222
  22.932783577231394       -12.496596332828274
  24.255511819859098       -12.261264475555929


# Temperature: 1194.000000
# Parameters: -12.552382 0.930624 0.948301 20.592033
  17.035421195840680       -12.233754855429840
  18.122470597054591       -12.421038395657314
  19.254807305049955       -12.516676723259835
  20.433355550577456       -12.535649776446371
  21.659039564387733       -12.492514658962454
  22.932783577231394       -12.497792922274137
  24.255511819859098       -12.262311464114870


# Temperature: 1195.000000
# Parameters: -12.553451 0.930974 0.943621 20.593157
  17.035421195840680       -12.234636140145840
  18.122470597054591       -12.421981594409900
  19.254807305049955       -12.517672722752216
  20.433355550577456       -12.536683886371634
  21.659039564387733       -12.493584414698763
  22.932783577231394       -12.498989939764078
  24.255511819859098       -12.263358792621647


# Temperature: 1196.000000
# Parameters: -12.554520 0.931327 0.938900 20.594285
  17.035421195840680       -12.235517846687358
  18.122470597054591       -12.422925219133711
  19.254807305049955       -12.518669147179398
  20.433355550577456       -12.537718424340973
  21.659039564387733       -12.494654597442723
  22.932783577231394       -12.500187385298098
  24.255511819859098       -12.264406462112690


# Temperature: 1197.000000
# Parameters: -12.555590 0.931678 0.934256 20.595405
  17.035421195840680       -12.236399975054397
  18.122470597054591       -12.423869266719469
  19.254807305049955       -12.519665997577803
  20.433355550577456       -12.538753388281537
  21.659039564387733       -12.495725207194335
  22.932783577231394       -12.501385259912620
  24.255511819859098       -12.265454470515147


# Temperature: 1198.000000
# Parameters: -12.556660 0.932030 0.929591 20.596527
  17.035421195840680       -12.237282525246956
  18.122470597054591       -12.424813738203600
  19.254807305049955       -12.520663272911008
  20.433355550577456       -12.539788778193326
  21.659039564387733       -12.496796243953598
  22.932783577231394       -12.502583562571221
  24.255511819859098       -12.266502818865442


# Temperature: 1199.000000
# Parameters: -12.557731 0.932384 0.924884 20.597652
  17.035421195840680       -12.238165495192181
  18.122470597054591       -12.425758632549675
  19.254807305049955       -12.521660973179012
  20.433355550577456       -12.540824593039915
  21.659039564387733       -12.497867706684087
  22.932783577231394       -12.503782293273899
  24.255511819859098       -12.267551506127148


# Temperature: 1200.000000
# Parameters: -12.558802 0.932737 0.920255 20.598769
  17.035421195840680       -12.239048886962925
  18.122470597054591       -12.426703950794122
  19.254807305049955       -12.522659098381814
  20.433355550577456       -12.541860833857728
  21.659039564387733       -12.498939595385799
  22.932783577231394       -12.504981449947802
  24.255511819859098       -12.268600532300269


